season,round,driver_id,constructor_id,quali_position,q1_s,q2_s,q3_s,best_quali_s
2018,1,hamilton,mercedes,1,82.824,82.051,81.164,81.164
2018,1,raikkonen,ferrari,2,83.096,82.507,81.828,81.828
2018,1,vettel,ferrari,3,83.348,81.944,81.838,81.838
2018,1,max_verstappen,red_bull,4,83.483,82.416,81.879,81.879
2018,1,ricciardo,red_bull,5,83.494,82.89699999999999,82.152,82.152
2018,1,kevin_magnussen,haas,6,83.90899999999999,83.3,83.187,83.187
2018,1,grosjean,haas,7,83.67099999999999,83.468,83.339,83.339
2018,1,hulkenberg,renault,8,83.782,83.544,83.532,83.532
2018,1,sainz,renault,9,83.529,83.061,83.577,83.061
2018,1,bottas,mercedes,10,83.686,82.089,,82.089
2018,1,alonso,mclaren,11,83.59700000000001,83.69200000000001,,83.59700000000001
2018,1,vandoorne,mclaren,12,84.07300000000001,83.85300000000001,,83.85300000000001
2018,1,perez,force_india,13,84.344,84.005,,84.005
2018,1,stroll,williams,14,84.464,84.23,,84.23
2018,1,ocon,force_india,15,84.503,84.786,,84.503
2018,1,brendon_hartley,toro_rosso,16,84.532,,,84.532
2018,1,ericsson,sauber,17,84.556,,,84.556
2018,1,leclerc,sauber,18,84.636,,,84.636
2018,1,sirotkin,williams,19,84.922,,,84.922
2018,1,gasly,toro_rosso,20,85.295,,,85.295
2018,2,vettel,ferrari,1,89.06,88.34100000000001,87.958,87.958
2018,2,raikkonen,ferrari,2,88.951,88.515,88.101,88.101
2018,2,bottas,mercedes,3,89.275,88.794,88.124,88.124
2018,2,hamilton,mercedes,4,89.396,88.458,88.22,88.22
2018,2,ricciardo,red_bull,5,89.55199999999999,88.962,88.398,88.398
2018,2,gasly,toro_rosso,6,90.121,89.836,89.32900000000001,89.32900000000001
2018,2,kevin_magnussen,haas,7,89.594,89.623,89.358,89.358
2018,2,hulkenberg,renault,8,90.26,89.187,89.57,89.187
2018,2,ocon,force_india,9,90.338,90.009,89.874,89.874
2018,2,sainz,renault,10,89.893,89.80199999999999,89.986,89.80199999999999
2018,2,brendon_hartley,toro_rosso,11,90.412,90.105,,90.105
2018,2,perez,force_india,12,90.218,90.156,,90.156
2018,2,alonso,mclaren,13,90.53,90.212,,90.212
2018,2,vandoorne,mclaren,14,90.479,90.525,,90.479
2018,2,max_verstappen,red_bull,15,89.374,,,89.374
2018,2,grosjean,haas,16,90.53,,,90.53
2018,2,ericsson,sauber,17,91.063,,,91.063
2018,2,sirotkin,williams,18,91.414,,,91.414
2018,2,leclerc,sauber,19,91.42,,,91.42
2018,2,stroll,williams,20,91.503,,,91.503
2018,3,vettel,ferrari,1,92.17099999999999,92.38499999999999,91.095,91.095
2018,3,raikkonen,ferrari,2,92.47399999999999,92.286,91.182,91.182
2018,3,bottas,mercedes,3,92.92099999999999,92.063,91.625,91.625
2018,3,hamilton,mercedes,4,93.283,91.914,91.675,91.675
2018,3,max_verstappen,red_bull,5,92.932,92.809,91.79599999999999,91.79599999999999
2018,3,ricciardo,red_bull,6,93.87700000000001,92.688,91.94800000000001,91.94800000000001
2018,3,hulkenberg,renault,7,93.545,92.494,92.532,92.494
2018,3,perez,force_india,8,93.464,92.931,92.75800000000001,92.75800000000001
2018,3,sainz,renault,9,93.315,92.97,92.819,92.819
2018,3,grosjean,haas,10,93.238,92.524,92.85499999999999,92.524
2018,3,kevin_magnussen,haas,11,93.35900000000001,92.98599999999999,,92.98599999999999
2018,3,ocon,force_india,12,93.58500000000001,93.057,,93.057
2018,3,alonso,mclaren,13,93.428,93.232,,93.232
2018,3,vandoorne,mclaren,14,93.824,93.505,,93.505
2018,3,brendon_hartley,toro_rosso,15,94.013,93.795,,93.795
2018,3,sirotkin,williams,16,94.062,,,94.062
2018,3,gasly,toro_rosso,17,94.101,,,94.101
2018,3,stroll,williams,18,94.285,,,94.285
2018,3,leclerc,sauber,19,94.45400000000001,,,94.45400000000001
2018,3,ericsson,sauber,20,94.914,,,94.914
2018,4,vettel,ferrari,1,102.762,103.015,101.49799999999999,101.49799999999999
2018,4,hamilton,mercedes,2,102.693,102.676,101.67699999999999,101.67699999999999
2018,4,bottas,mercedes,3,103.35499999999999,102.679,101.837,101.837
2018,4,ricciardo,red_bull,4,102.857,103.482,101.911,101.911
2018,4,max_verstappen,red_bull,5,102.642,102.90100000000001,101.994,101.994
2018,4,raikkonen,ferrari,6,102.538,102.50999999999999,102.49000000000001,102.49000000000001
2018,4,ocon,force_india,7,103.021,102.967,102.523,102.523
2018,4,perez,force_india,8,103.99199999999999,103.366,102.547,102.547
2018,4,hulkenberg,renault,9,103.74600000000001,103.232,103.066,103.066
2018,4,sainz,renault,10,103.426,103.464,103.351,103.351
2018,4,stroll,williams,11,104.35900000000001,103.58500000000001,,103.58500000000001
2018,4,sirotkin,williams,12,104.261,103.886,,103.886
2018,4,alonso,mclaren,13,104.00999999999999,104.019,,104.00999999999999
2018,4,leclerc,sauber,14,103.75200000000001,104.074,,103.75200000000001
2018,4,kevin_magnussen,haas,15,103.674,104.759,,103.674
2018,4,vandoorne,mclaren,16,104.489,,,104.489
2018,4,gasly,toro_rosso,17,104.49600000000001,,,104.49600000000001
2018,4,ericsson,sauber,18,105.541,,,105.541
2018,4,brendon_hartley,toro_rosso,19,117.354,,,117.354
2018,4,grosjean,haas,20,,,,
2018,5,hamilton,mercedes,1,77.633,77.166,76.173,76.173
2018,5,bottas,mercedes,2,77.674,77.111,76.213,76.213
2018,5,vettel,ferrari,3,77.031,76.80199999999999,76.305,76.305
2018,5,raikkonen,ferrari,4,77.483,77.071,76.612,76.612
2018,5,max_verstappen,red_bull,5,77.411,77.26599999999999,76.816,76.816
2018,5,ricciardo,red_bull,6,77.623,77.638,76.818,76.818
2018,5,kevin_magnussen,haas,7,78.169,77.618,77.676,77.618
2018,5,alonso,mclaren,8,78.276,78.1,77.721,77.721
2018,5,sainz,renault,9,78.48,77.803,77.78999999999999,77.78999999999999
2018,5,grosjean,haas,10,78.305,77.699,77.83500000000001,77.699
2018,5,vandoorne,mclaren,11,78.885,78.32300000000001,,78.32300000000001
2018,5,gasly,toro_rosso,12,78.55,78.463,,78.463
2018,5,ocon,force_india,13,78.813,78.696,,78.696
2018,5,leclerc,sauber,14,78.661,78.91,,78.661
2018,5,perez,force_india,15,78.74,79.098,,78.74
2018,5,hulkenberg,renault,16,78.923,,,78.923
2018,5,ericsson,sauber,17,79.493,,,79.493
2018,5,sirotkin,williams,18,79.695,,,79.695
2018,5,stroll,williams,19,80.225,,,80.225
2018,5,brendon_hartley,toro_rosso,20,,,,
2018,6,ricciardo,red_bull,1,72.013,71.278,70.81,70.81
2018,6,vettel,ferrari,2,72.41499999999999,71.518,71.039,71.039
2018,6,hamilton,mercedes,3,72.46000000000001,71.584,71.232,71.232
2018,6,raikkonen,ferrari,4,72.639,71.391,71.266,71.266
2018,6,bottas,mercedes,5,72.434,72.002,71.441,71.441
2018,6,ocon,force_india,6,73.028,72.188,72.061,72.061
2018,6,alonso,mclaren,7,72.657,72.269,72.11,72.11
2018,6,sainz,renault,8,72.95,72.286,72.13,72.13
2018,6,perez,force_india,9,72.848,72.194,72.154,72.154
2018,6,gasly,toro_rosso,10,72.941,72.313,72.221,72.221
2018,6,hulkenberg,renault,11,73.065,72.411,,72.411
2018,6,vandoorne,mclaren,12,72.463,72.44,,72.44
2018,6,sirotkin,williams,13,72.706,72.521,,72.521
2018,6,leclerc,sauber,14,72.82900000000001,72.714,,72.714
2018,6,grosjean,haas,15,72.93,72.728,,72.728
2018,6,brendon_hartley,toro_rosso,16,73.179,,,73.179
2018,6,ericsson,sauber,17,73.265,,,73.265
2018,6,stroll,williams,18,73.32300000000001,,,73.32300000000001
2018,6,kevin_magnussen,haas,19,73.393,,,73.393
2018,6,max_verstappen,red_bull,20,,,,
2018,7,vettel,ferrari,1,71.71000000000001,71.524,70.764,70.764
2018,7,bottas,mercedes,2,71.95,71.514,70.857,70.857
2018,7,max_verstappen,red_bull,3,72.008,71.472,70.937,70.937
2018,7,hamilton,mercedes,4,71.83500000000001,71.74,70.996,70.996
2018,7,raikkonen,ferrari,5,71.725,71.62,71.095,71.095
2018,7,ricciardo,red_bull,6,72.459,71.434,71.116,71.116
2018,7,hulkenberg,renault,7,72.795,71.916,71.973,71.916
2018,7,ocon,force_india,8,72.577,72.141,72.084,72.084
2018,7,sainz,renault,9,72.689,72.097,72.168,72.097
2018,7,perez,force_india,10,72.702,72.395,72.67099999999999,72.395
2018,7,kevin_magnussen,haas,11,72.68,72.606,,72.606
2018,7,brendon_hartley,toro_rosso,12,72.587,72.635,,72.587
2018,7,leclerc,sauber,13,72.945,72.661,,72.661
2018,7,alonso,mclaren,14,72.979,72.856,,72.856
2018,7,vandoorne,mclaren,15,72.998,72.865,,72.865
2018,7,gasly,toro_rosso,16,73.047,,,73.047
2018,7,stroll,williams,17,73.59,,,73.59
2018,7,sirotkin,williams,18,73.643,,,73.643
2018,7,ericsson,sauber,19,74.593,,,74.593
2018,7,grosjean,haas,20,,,,
2018,8,hamilton,mercedes,1,91.271,90.645,90.029,90.029
2018,8,bottas,mercedes,2,91.776,91.227,90.14699999999999,90.14699999999999
2018,8,vettel,ferrari,3,91.82,90.751,90.4,90.4
2018,8,max_verstappen,red_bull,4,91.531,90.818,90.705,90.705
2018,8,ricciardo,red_bull,5,91.91,91.538,90.895,90.895
2018,8,raikkonen,ferrari,6,91.56700000000001,90.77199999999999,91.057,90.77199999999999
2018,8,sainz,renault,7,92.394,92.01599999999999,92.126,92.01599999999999
2018,8,leclerc,sauber,8,92.538,92.055,92.63499999999999,92.055
2018,8,kevin_magnussen,haas,9,92.169,91.51,92.93,91.51
2018,8,grosjean,haas,10,92.083,91.47200000000001,,91.47200000000001
2018,8,ocon,force_india,11,92.786,92.075,,92.075
2018,8,hulkenberg,renault,12,92.949,92.11500000000001,,92.11500000000001
2018,8,perez,force_india,13,92.69200000000001,92.45400000000001,,92.45400000000001
2018,8,gasly,toro_rosso,14,92.447,92.46000000000001,,92.447
2018,8,ericsson,sauber,15,92.804,92.82,,92.804
2018,8,alonso,mclaren,16,92.976,,,92.976
2018,8,brendon_hartley,toro_rosso,17,93.025,,,93.025
2018,8,vandoorne,mclaren,18,93.162,,,93.162
2018,8,sirotkin,williams,19,93.636,,,93.636
2018,8,stroll,williams,20,93.729,,,93.729
2018,9,bottas,mercedes,1,64.175,63.756,63.13,63.13
2018,9,hamilton,mercedes,2,64.08,63.577,63.149,63.149
2018,9,vettel,ferrari,3,64.347,63.544,63.464,63.464
2018,9,raikkonen,ferrari,4,64.234,63.975,63.66,63.66
2018,9,max_verstappen,red_bull,5,64.273,64.001,63.84,63.84
2018,9,grosjean,haas,6,64.242,64.059,63.892,63.892
2018,9,ricciardo,red_bull,7,64.723,64.403,63.996,63.996
2018,9,kevin_magnussen,haas,8,64.46,64.291,64.051,64.051
2018,9,sainz,renault,9,64.94800000000001,64.561,64.725,64.561
2018,9,hulkenberg,renault,10,64.864,64.676,65.019,64.676
2018,9,ocon,force_india,11,65.148,64.845,,64.845
2018,9,gasly,toro_rosso,12,65.011,64.874,,64.874
2018,9,leclerc,sauber,13,64.967,64.979,,64.967
2018,9,alonso,mclaren,14,64.965,65.05799999999999,,64.965
2018,9,stroll,williams,15,65.264,65.286,,65.264
2018,9,vandoorne,mclaren,16,65.271,,,65.271
2018,9,perez,force_india,17,65.279,,,65.279
2018,9,sirotkin,williams,18,65.322,,,65.322
2018,9,brendon_hartley,toro_rosso,19,65.366,,,65.366
2018,9,ericsson,sauber,20,65.479,,,65.479
2018,10,hamilton,mercedes,1,86.818,86.256,85.892,85.892
2018,10,vettel,ferrari,2,86.58500000000001,86.372,85.936,85.936
2018,10,raikkonen,ferrari,3,87.549,86.483,85.99,85.99
2018,10,bottas,mercedes,4,87.025,86.413,86.217,86.217
2018,10,max_verstappen,red_bull,5,87.309,87.013,86.602,86.602
2018,10,ricciardo,red_bull,6,87.979,87.369,87.099,87.099
2018,10,kevin_magnussen,haas,7,88.143,87.73,87.244,87.244
2018,10,grosjean,haas,8,88.086,87.52199999999999,87.455,87.455
2018,10,leclerc,sauber,9,87.962,87.78999999999999,87.879,87.78999999999999
2018,10,ocon,force_india,10,88.279,87.843,88.194,87.843
2018,10,hulkenberg,renault,11,88.017,87.901,,87.901
2018,10,perez,force_india,12,88.21000000000001,87.928,,87.928
2018,10,alonso,mclaren,13,88.187,88.139,,88.139
2018,10,gasly,toro_rosso,14,88.399,88.343,,88.343
2018,10,ericsson,sauber,15,88.249,88.39099999999999,,88.249
2018,10,sainz,renault,16,88.456,,,88.456
2018,10,vandoorne,mclaren,17,89.096,,,89.096
2018,10,sirotkin,williams,18,89.252,,,89.252
2018,10,stroll,williams,19,,,,
2018,10,brendon_hartley,toro_rosso,20,,,,
2018,11,vettel,ferrari,1,72.538,72.505,71.212,71.212
2018,11,bottas,mercedes,2,72.962,72.152,71.416,71.416
2018,11,raikkonen,ferrari,3,72.505,72.336,71.547,71.547
2018,11,max_verstappen,red_bull,4,73.127,72.188,71.822,71.822
2018,11,kevin_magnussen,haas,5,73.105,72.523,72.2,72.2
2018,11,grosjean,haas,6,72.986,72.722,72.544,72.544
2018,11,hulkenberg,renault,7,73.479,72.946,72.56,72.56
2018,11,sainz,renault,8,73.324,73.032,72.69200000000001,72.69200000000001
2018,11,leclerc,sauber,9,73.077,72.995,72.717,72.717
2018,11,perez,force_india,10,73.42699999999999,73.072,72.774,72.774
2018,11,alonso,mclaren,11,73.614,73.657,,73.614
2018,11,sirotkin,williams,12,73.708,73.702,,73.702
2018,11,ericsson,sauber,13,73.562,73.736,,73.562
2018,11,hamilton,mercedes,14,73.012,,,73.012
2018,11,ricciardo,red_bull,15,73.318,,,73.318
2018,11,ocon,force_india,16,73.72,,,73.72
2018,11,gasly,toro_rosso,17,73.749,,,73.749
2018,11,brendon_hartley,toro_rosso,18,74.045,,,74.045
2018,11,stroll,williams,19,74.206,,,74.206
2018,11,vandoorne,mclaren,20,74.401,,,74.401
2018,12,hamilton,mercedes,1,77.419,91.242,95.658,77.419
2018,12,bottas,mercedes,2,77.123,92.081,95.918,77.123
2018,12,raikkonen,ferrari,3,77.526,92.762,96.186,77.526
2018,12,vettel,ferrari,4,76.666,88.636,96.21000000000001,76.666
2018,12,sainz,renault,5,77.82900000000001,90.771,96.743,77.82900000000001
2018,12,gasly,toro_rosso,6,78.577,91.286,97.59100000000001,78.577
2018,12,max_verstappen,red_bull,7,76.94,91.178,98.032,76.94
2018,12,brendon_hartley,toro_rosso,8,78.429,92.59,98.128,78.429
2018,12,kevin_magnussen,haas,9,78.314,92.968,99.858,78.314
2018,12,grosjean,haas,10,77.901,93.65,100.593,77.901
2018,12,alonso,mclaren,11,78.208,95.214,,78.208
2018,12,ricciardo,red_bull,12,78.53999999999999,96.44200000000001,,78.53999999999999
2018,12,hulkenberg,renault,13,77.905,96.506,,77.905
2018,12,ericsson,sauber,14,78.64099999999999,97.075,,78.64099999999999
2018,12,stroll,williams,15,78.56,,,78.56
2018,12,vandoorne,mclaren,16,78.782,,,78.782
2018,12,leclerc,sauber,17,78.81700000000001,,,78.81700000000001
2018,12,ocon,force_india,18,79.142,,,79.142
2018,12,perez,force_india,19,79.2,,,79.2
2018,12,sirotkin,williams,20,79.301,,,79.301
2018,13,hamilton,mercedes,1,102.977,101.553,118.179,101.553
2018,13,vettel,ferrari,2,103.035,101.501,118.905,101.501
2018,13,ocon,force_india,3,104.003,103.30199999999999,121.851,103.30199999999999
2018,13,perez,force_india,4,104.00399999999999,103.01400000000001,121.894,103.01400000000001
2018,13,grosjean,haas,5,103.59700000000001,103.042,122.122,103.042
2018,13,raikkonen,ferrari,6,102.58500000000001,101.533,122.671,101.533
2018,13,max_verstappen,red_bull,7,103.199,102.554,122.769,102.554
2018,13,ricciardo,red_bull,8,103.604,103.126,122.939,103.126
2018,13,kevin_magnussen,haas,9,103.834,103.32,124.93299999999999,103.32
2018,13,bottas,mercedes,10,102.805,102.191,,102.191
2018,13,gasly,toro_rosso,11,104.221,103.844,,103.844
2018,13,brendon_hartley,toro_rosso,12,104.15299999999999,103.86500000000001,,103.86500000000001
2018,13,leclerc,sauber,13,103.654,104.062,,103.654
2018,13,ericsson,sauber,14,103.846,104.301,,103.846
2018,13,hulkenberg,renault,15,104.14500000000001,,,104.14500000000001
2018,13,sainz,renault,16,104.489,,,104.489
2018,13,alonso,mclaren,17,104.917,,,104.917
2018,13,sirotkin,williams,18,104.99799999999999,,,104.99799999999999
2018,13,stroll,williams,19,105.134,,,105.134
2018,13,vandoorne,mclaren,20,105.307,,,105.307
2018,14,raikkonen,ferrari,1,80.72200000000001,79.846,79.119,79.119
2018,14,vettel,ferrari,2,80.542,79.629,79.28,79.28
2018,14,hamilton,mercedes,3,80.81,79.798,79.294,79.294
2018,14,bottas,mercedes,4,81.381,80.42699999999999,79.656,79.656
2018,14,max_verstappen,red_bull,5,81.381,80.333,80.615,80.333
2018,14,grosjean,haas,6,81.887,81.239,80.936,80.936
2018,14,sainz,renault,7,81.732,81.55199999999999,81.041,81.041
2018,14,ocon,force_india,8,81.57,81.315,81.099,81.099
2018,14,gasly,toro_rosso,9,81.834,81.667,81.35,81.35
2018,14,stroll,williams,10,81.838,81.494,81.627,81.494
2018,14,kevin_magnussen,haas,11,81.783,81.669,,81.669
2018,14,sirotkin,williams,12,81.813,81.732,,81.732
2018,14,alonso,mclaren,13,81.85,82.568,,81.85
2018,14,hulkenberg,renault,14,81.801,,,81.801
2018,14,ricciardo,red_bull,15,81.28,,,81.28
2018,14,perez,force_india,16,81.888,,,81.888
2018,14,leclerc,sauber,17,81.889,,,81.889
2018,14,brendon_hartley,toro_rosso,18,81.934,,,81.934
2018,14,ericsson,sauber,19,82.048,,,82.048
2018,14,vandoorne,mclaren,20,82.08500000000001,,,82.08500000000001
2018,15,hamilton,mercedes,1,99.40299999999999,97.344,96.015,96.015
2018,15,max_verstappen,red_bull,2,98.751,97.214,96.334,96.334
2018,15,vettel,ferrari,3,98.218,97.876,96.628,96.628
2018,15,bottas,mercedes,4,99.291,97.25399999999999,96.702,96.702
2018,15,raikkonen,ferrari,5,98.53399999999999,97.194,96.794,96.794
2018,15,ricciardo,red_bull,6,98.15299999999999,97.406,96.99600000000001,96.99600000000001
2018,15,perez,force_india,7,98.814,98.342,97.985,97.985
2018,15,grosjean,haas,8,98.685,98.36699999999999,98.32,98.32
2018,15,ocon,force_india,9,98.912,98.53399999999999,98.36500000000001,98.36500000000001
2018,15,hulkenberg,renault,10,98.932,98.45,98.588,98.45
2018,15,alonso,mclaren,11,99.02199999999999,98.64099999999999,,98.64099999999999
2018,15,sainz,renault,12,99.10300000000001,98.71600000000001,,98.71600000000001
2018,15,leclerc,sauber,13,99.206,98.747,,98.747
2018,15,ericsson,sauber,14,99.366,99.453,,99.366
2018,15,gasly,toro_rosso,15,99.614,99.691,,99.614
2018,15,kevin_magnussen,haas,16,99.644,,,99.644
2018,15,brendon_hartley,toro_rosso,17,99.809,,,99.809
2018,15,vandoorne,mclaren,18,99.864,,,99.864
2018,15,sirotkin,williams,19,101.263,,,101.263
2018,15,stroll,williams,20,101.334,,,101.334
2018,16,bottas,mercedes,1,92.964,92.744,91.387,91.387
2018,16,hamilton,mercedes,2,92.41,92.595,91.532,91.532
2018,16,vettel,ferrari,3,93.476,93.045,91.943,91.943
2018,16,raikkonen,ferrari,4,93.34100000000001,93.065,92.237,92.237
2018,16,kevin_magnussen,haas,5,94.078,93.747,93.181,93.181
2018,16,ocon,force_india,6,94.28999999999999,93.596,93.413,93.413
2018,16,leclerc,sauber,7,93.924,93.488,93.419,93.419
2018,16,perez,force_india,8,94.084,93.923,93.563,93.563
2018,16,grosjean,haas,9,94.02199999999999,93.517,93.70400000000001,93.517
2018,16,ericsson,sauber,10,94.17,93.995,95.196,93.995
2018,16,max_verstappen,red_bull,11,93.048,,,93.048
2018,16,ricciardo,red_bull,12,93.247,,,93.247
2018,16,gasly,toro_rosso,13,94.38300000000001,,,94.38300000000001
2018,16,sainz,renault,14,94.626,,,94.626
2018,16,hulkenberg,renault,15,94.655,,,94.655
2018,16,brendon_hartley,toro_rosso,16,95.037,,,95.037
2018,16,alonso,mclaren,17,95.50399999999999,,,95.50399999999999
2018,16,sirotkin,williams,18,95.612,,,95.612
2018,16,vandoorne,mclaren,19,95.977,,,95.977
2018,16,stroll,williams,20,96.437,,,96.437
2018,17,hamilton,mercedes,1,88.702,88.017,87.76,87.76
2018,17,bottas,mercedes,2,89.297,87.987,88.059,87.987
2018,17,max_verstappen,red_bull,3,89.48,88.849,89.057,88.849
2018,17,raikkonen,ferrari,4,89.631,88.595,89.521,88.595
2018,17,grosjean,haas,5,89.724,89.678,89.761,89.678
2018,17,brendon_hartley,toro_rosso,6,90.248,89.848,90.023,89.848
2018,17,gasly,toro_rosso,7,90.137,89.81,90.093,89.81
2018,17,ocon,force_india,8,89.899,89.538,90.126,89.538
2018,17,vettel,ferrari,9,89.049,88.279,92.19200000000001,88.279
2018,17,perez,force_india,10,90.247,89.56700000000001,97.229,89.56700000000001
2018,17,leclerc,sauber,11,89.706,89.864,,89.706
2018,17,kevin_magnussen,haas,12,90.219,90.226,,90.219
2018,17,sainz,renault,13,90.236,90.49,,90.236
2018,17,stroll,williams,14,90.31700000000001,90.714,,90.31700000000001
2018,17,ricciardo,red_bull,15,89.806,,,89.806
2018,17,hulkenberg,renault,16,90.361,,,90.361
2018,17,sirotkin,williams,17,90.372,,,90.372
2018,17,alonso,mclaren,18,90.57300000000001,,,90.57300000000001
2018,17,vandoorne,mclaren,19,91.041,,,91.041
2018,17,ericsson,sauber,20,91.213,,,91.213
2018,18,hamilton,mercedes,1,94.13,93.47999999999999,92.237,92.237
2018,18,vettel,ferrari,2,94.569,93.07900000000001,92.298,92.298
2018,18,raikkonen,ferrari,3,94.703,92.884,92.307,92.307
2018,18,bottas,mercedes,4,94.518,93.702,92.616,92.616
2018,18,ricciardo,red_bull,5,94.755,94.185,93.494,93.494
2018,18,ocon,force_india,6,94.876,94.52199999999999,94.14500000000001,94.14500000000001
2018,18,hulkenberg,renault,7,94.932,94.564,94.215,94.215
2018,18,grosjean,haas,8,94.892,94.419,94.25,94.25
2018,18,leclerc,sauber,9,95.069,94.255,94.42,94.255
2018,18,perez,force_india,10,95.193,94.525,94.594,94.525
2018,18,sainz,renault,11,94.89099999999999,94.566,,94.566
2018,18,kevin_magnussen,haas,12,94.97200000000001,94.732,,94.732
2018,18,gasly,toro_rosso,13,94.85,,,94.85
2018,18,brendon_hartley,toro_rosso,14,95.206,,,95.206
2018,18,max_verstappen,red_bull,15,94.76599999999999,,,94.76599999999999
2018,18,alonso,mclaren,16,95.294,,,95.294
2018,18,sirotkin,williams,17,95.362,,,95.362
2018,18,stroll,williams,18,95.47999999999999,,,95.47999999999999
2018,18,ericsson,sauber,19,95.536,,,95.536
2018,18,vandoorne,mclaren,20,95.735,,,95.735
2018,19,ricciardo,red_bull,1,75.866,75.845,74.759,74.759
2018,19,max_verstappen,red_bull,2,75.756,75.64,74.785,74.785
2018,19,hamilton,mercedes,3,75.673,75.644,74.894,74.894
2018,19,vettel,ferrari,4,76.089,75.715,74.97,74.97
2018,19,bottas,mercedes,5,75.58,75.923,75.16,75.16
2018,19,raikkonen,ferrari,6,76.446,75.996,75.33,75.33
2018,19,hulkenberg,renault,7,76.498,76.126,75.827,75.827
2018,19,sainz,renault,8,76.813,76.188,76.084,76.084
2018,19,leclerc,sauber,9,76.862,76.32,76.189,76.189
2018,19,ericsson,sauber,10,76.701,76.633,76.513,76.513
2018,19,ocon,force_india,11,76.252,76.844,,76.252
2018,19,alonso,mclaren,12,76.857,76.871,,76.857
2018,19,perez,force_india,13,76.242,77.167,,76.242
2018,19,brendon_hartley,toro_rosso,14,76.682,77.184,,76.682
2018,19,gasly,toro_rosso,15,76.828,,,76.828
2018,19,grosjean,haas,16,76.911,,,76.911
2018,19,vandoorne,mclaren,17,76.96600000000001,,,76.96600000000001
2018,19,kevin_magnussen,haas,18,77.599,,,77.599
2018,19,stroll,williams,19,77.689,,,77.689
2018,19,sirotkin,williams,20,77.886,,,77.886
2018,20,hamilton,mercedes,1,68.464,67.795,67.281,67.281
2018,20,vettel,ferrari,2,68.452,67.776,67.374,67.374
2018,20,bottas,mercedes,3,68.492,67.727,67.441,67.441
2018,20,raikkonen,ferrari,4,68.452,68.028,67.456,67.456
2018,20,max_verstappen,red_bull,5,68.205,68.017,67.778,67.778
2018,20,ricciardo,red_bull,6,68.544,68.055,67.78,67.78
2018,20,ericsson,sauber,7,68.754,68.57900000000001,68.29599999999999,68.29599999999999
2018,20,leclerc,sauber,8,68.667,68.33500000000001,68.492,68.33500000000001
2018,20,grosjean,haas,9,68.735,68.239,68.517,68.239
2018,20,gasly,toro_rosso,10,69.04599999999999,68.616,69.029,68.616
2018,20,kevin_magnussen,haas,11,68.474,68.659,,68.474
2018,20,perez,force_india,12,69.217,68.741,,68.741
2018,20,ocon,force_india,13,69.264,68.77,,68.77
2018,20,hulkenberg,renault,14,69.009,68.834,,68.834
2018,20,sirotkin,williams,15,69.259,70.381,,69.259
2018,20,sainz,renault,16,69.269,,,69.269
2018,20,brendon_hartley,toro_rosso,17,69.28,,,69.28
2018,20,alonso,mclaren,18,69.402,,,69.402
2018,20,stroll,williams,19,69.441,,,69.441
2018,20,vandoorne,mclaren,20,69.601,,,69.601
2018,21,hamilton,mercedes,1,96.828,95.693,94.794,94.794
2018,21,bottas,mercedes,2,96.789,96.392,94.956,94.956
2018,21,vettel,ferrari,3,96.775,96.345,95.125,95.125
2018,21,raikkonen,ferrari,4,97.00999999999999,96.735,95.36500000000001,95.36500000000001
2018,21,ricciardo,red_bull,5,97.11699999999999,96.964,95.40100000000001,95.40100000000001
2018,21,max_verstappen,red_bull,6,97.195,96.144,95.589,95.589
2018,21,grosjean,haas,7,97.575,96.732,96.19200000000001,96.19200000000001
2018,21,leclerc,sauber,8,97.124,96.58,96.237,96.237
2018,21,ocon,force_india,9,96.936,96.814,96.53999999999999,96.53999999999999
2018,21,hulkenberg,renault,10,97.569,96.63,96.542,96.542
2018,21,sainz,renault,11,97.757,96.982,,96.982
2018,21,ericsson,sauber,12,97.619,97.132,,97.132
2018,21,kevin_magnussen,haas,13,97.934,97.309,,97.309
2018,21,perez,force_india,14,97.255,97.541,,97.255
2018,21,alonso,mclaren,15,97.89,97.743,,97.743
2018,21,brendon_hartley,toro_rosso,16,97.994,,,97.994
2018,21,gasly,toro_rosso,17,98.166,,,98.166
2018,21,vandoorne,mclaren,18,98.577,,,98.577
2018,21,sirotkin,williams,19,98.63499999999999,,,98.63499999999999
2018,21,stroll,williams,20,98.682,,,98.682
2019,1,hamilton,mercedes,1,82.043,81.014,80.486,80.486
2019,1,bottas,mercedes,2,82.367,81.193,80.598,80.598
2019,1,vettel,ferrari,3,82.885,81.912,81.19,81.19
2019,1,max_verstappen,red_bull,4,82.876,81.678,81.32,81.32
2019,1,leclerc,ferrari,5,82.017,81.739,81.44200000000001,81.44200000000001
2019,1,grosjean,haas,6,82.959,81.87,81.826,81.826
2019,1,kevin_magnussen,haas,7,82.519,82.221,82.099,82.099
2019,1,norris,mclaren,8,82.702,82.423,82.304,82.304
2019,1,raikkonen,alfa,9,82.96600000000001,82.349,82.314,82.314
2019,1,perez,racing_point,10,82.908,82.532,82.781,82.532
2019,1,hulkenberg,renault,11,82.53999999999999,82.562,,82.53999999999999
2019,1,ricciardo,renault,12,82.92099999999999,82.57,,82.57
2019,1,albon,toro_rosso,13,82.757,82.636,,82.636
2019,1,giovinazzi,alfa,14,82.431,82.714,,82.431
2019,1,kvyat,toro_rosso,15,82.511,82.774,,82.511
2019,1,stroll,racing_point,16,83.017,,,83.017
2019,1,gasly,red_bull,17,83.02,,,83.02
2019,1,sainz,mclaren,18,83.084,,,83.084
2019,1,russell,williams,19,84.36,,,84.36
2019,1,kubica,williams,20,86.06700000000001,,,86.06700000000001
2019,2,leclerc,ferrari,1,88.495,88.04599999999999,87.866,87.866
2019,2,vettel,ferrari,2,88.733,88.356,88.16,88.16
2019,2,hamilton,mercedes,3,89.262,88.578,88.19,88.19
2019,2,bottas,mercedes,4,89.498,88.83,88.256,88.256
2019,2,max_verstappen,red_bull,5,89.57900000000001,89.10900000000001,88.752,88.752
2019,2,kevin_magnussen,haas,6,89.532,89.017,88.757,88.757
2019,2,sainz,mclaren,7,89.52799999999999,89.055,88.813,88.813
2019,2,grosjean,haas,8,89.688,89.249,89.015,89.015
2019,2,raikkonen,alfa,9,89.959,89.471,89.02199999999999,89.02199999999999
2019,2,norris,mclaren,10,89.381,89.258,89.043,89.043
2019,2,ricciardo,renault,11,89.85900000000001,89.488,,89.488
2019,2,albon,toro_rosso,12,89.514,89.513,,89.513
2019,2,gasly,red_bull,13,89.9,89.526,,89.526
2019,2,perez,racing_point,14,89.893,89.756,,89.756
2019,2,kvyat,toro_rosso,15,89.876,89.854,,89.854
2019,2,giovinazzi,alfa,16,90.026,,,90.026
2019,2,hulkenberg,renault,17,90.03399999999999,,,90.03399999999999
2019,2,stroll,racing_point,18,90.217,,,90.217
2019,2,russell,williams,19,91.759,,,91.759
2019,2,kubica,williams,20,91.799,,,91.799
2019,3,bottas,mercedes,1,92.658,91.72800000000001,91.547,91.547
2019,3,hamilton,mercedes,2,93.11500000000001,91.637,91.57,91.57
2019,3,vettel,ferrari,3,93.557,92.232,91.848,91.848
2019,3,leclerc,ferrari,4,92.712,92.324,91.865,91.865
2019,3,max_verstappen,red_bull,5,93.274,92.369,92.089,92.089
2019,3,gasly,red_bull,6,93.863,92.94800000000001,92.93,92.93
2019,3,ricciardo,renault,7,93.709,93.214,92.958,92.958
2019,3,hulkenberg,renault,8,93.644,93.968,92.962,92.962
2019,3,kevin_magnussen,haas,9,94.036,93.15,,93.15
2019,3,grosjean,haas,10,93.75200000000001,93.156,,93.156
2019,3,kvyat,toro_rosso,11,93.783,93.23599999999999,,93.23599999999999
2019,3,perez,racing_point,12,94.02600000000001,93.299,,93.299
2019,3,raikkonen,alfa,13,94.125,93.419,,93.419
2019,3,sainz,mclaren,14,93.686,93.523,,93.523
2019,3,norris,mclaren,15,94.148,93.967,,93.967
2019,3,stroll,racing_point,16,94.292,,,94.292
2019,3,russell,williams,17,95.253,,,95.253
2019,3,kubica,williams,18,95.281,,,95.281
2019,4,bottas,mercedes,1,102.02600000000001,101.5,100.495,100.495
2019,4,hamilton,mercedes,2,101.614,101.58,100.554,100.554
2019,4,vettel,ferrari,3,102.042,101.88900000000001,100.797,100.797
2019,4,max_verstappen,red_bull,4,101.727,101.388,101.069,101.069
2019,4,perez,racing_point,5,102.249,101.87,101.593,101.593
2019,4,kvyat,toro_rosso,6,102.324,102.221,101.681,101.681
2019,4,norris,mclaren,7,102.37100000000001,102.084,101.886,101.886
2019,4,giovinazzi,alfa,8,102.14,102.381,102.424,102.14
2019,4,leclerc,ferrari,9,101.426,101.995,,101.426
2019,4,sainz,mclaren,10,101.936,102.398,,101.936
2019,4,ricciardo,renault,11,102.48599999999999,102.477,,102.477
2019,4,albon,toro_rosso,12,102.154,102.494,,102.154
2019,4,kevin_magnussen,haas,13,102.382,102.699,,102.382
2019,4,stroll,racing_point,14,102.63,,,102.63
2019,4,grosjean,haas,15,103.407,,,103.407
2019,4,hulkenberg,renault,16,103.42699999999999,,,103.42699999999999
2019,4,russell,williams,17,105.062,,,105.062
2019,4,kubica,williams,18,105.455,,,105.455
2019,4,raikkonen,alfa,19,,,,
2019,4,gasly,red_bull,20,,,,
2019,5,bottas,mercedes,1,76.979,75.924,75.406,75.406
2019,5,hamilton,mercedes,2,77.292,76.038,76.03999999999999,76.038
2019,5,vettel,ferrari,3,77.425,76.667,76.27199999999999,76.27199999999999
2019,5,max_verstappen,red_bull,4,77.244,76.726,76.357,76.357
2019,5,leclerc,ferrari,5,77.388,76.714,76.588,76.588
2019,5,gasly,red_bull,6,77.862,76.932,76.708,76.708
2019,5,grosjean,haas,7,78.042,77.066,76.911,76.911
2019,5,kevin_magnussen,haas,8,77.669,77.27199999999999,76.922,76.922
2019,5,kvyat,toro_rosso,9,77.914,77.243,77.57300000000001,77.243
2019,5,ricciardo,renault,10,78.385,77.299,78.106,77.299
2019,5,norris,mclaren,11,77.611,77.338,,77.338
2019,5,albon,toro_rosso,12,77.79599999999999,77.445,,77.445
2019,5,sainz,mclaren,13,77.76,77.599,,77.599
2019,5,raikkonen,alfa,14,78.132,77.788,,77.788
2019,5,perez,racing_point,15,78.286,77.886,,77.886
2019,5,hulkenberg,renault,16,78.404,,,78.404
2019,5,stroll,racing_point,17,78.471,,,78.471
2019,5,giovinazzi,alfa,18,78.664,,,78.664
2019,5,russell,williams,19,79.072,,,79.072
2019,5,kubica,williams,20,80.254,,,80.254
2019,6,hamilton,mercedes,1,71.542,70.83500000000001,70.166,70.166
2019,6,bottas,mercedes,2,71.562,70.701,70.252,70.252
2019,6,max_verstappen,red_bull,3,71.597,70.618,70.641,70.618
2019,6,vettel,ferrari,4,71.434,71.227,70.947,70.947
2019,6,gasly,red_bull,5,71.74,71.457,71.041,71.041
2019,6,kevin_magnussen,haas,6,71.865,71.363,71.109,71.109
2019,6,ricciardo,renault,7,71.767,71.543,71.218,71.218
2019,6,kvyat,toro_rosso,8,71.602,71.412,71.271,71.271
2019,6,sainz,mclaren,9,71.872,71.608,71.417,71.417
2019,6,albon,toro_rosso,10,72.007,71.429,71.653,71.429
2019,6,hulkenberg,renault,11,72.097,71.67,,71.67
2019,6,norris,mclaren,12,71.845,71.724,,71.724
2019,6,grosjean,haas,13,71.837,72.027,,71.837
2019,6,raikkonen,alfa,14,71.993,72.115,,71.993
2019,6,giovinazzi,alfa,15,71.976,72.185,,71.976
2019,6,leclerc,ferrari,16,72.149,,,72.149
2019,6,perez,racing_point,17,72.233,,,72.233
2019,6,stroll,racing_point,18,72.846,,,72.846
2019,6,russell,williams,19,73.477,,,73.477
2019,6,kubica,williams,20,73.751,,,73.751
2019,7,vettel,ferrari,1,71.2,71.142,70.24,70.24
2019,7,hamilton,mercedes,2,71.518,71.01,70.446,70.446
2019,7,leclerc,ferrari,3,71.214,71.205,70.92,70.92
2019,7,ricciardo,renault,4,71.837,71.532,71.071,71.071
2019,7,gasly,red_bull,5,72.023,71.196,71.07900000000001,71.07900000000001
2019,7,bottas,mercedes,6,71.229,71.095,71.101,71.095
2019,7,hulkenberg,renault,7,71.72,71.553,71.324,71.324
2019,7,norris,mclaren,8,71.78,71.735,71.863,71.735
2019,7,sainz,mclaren,9,71.75,71.572,73.981,71.572
2019,7,kevin_magnussen,haas,10,72.107,71.786,,71.786
2019,7,max_verstappen,red_bull,11,71.619,71.8,,71.619
2019,7,kvyat,toro_rosso,12,71.965,71.92099999999999,,71.92099999999999
2019,7,giovinazzi,alfa,13,72.122,72.136,,72.122
2019,7,albon,toro_rosso,14,72.02,72.193,,72.02
2019,7,grosjean,haas,15,72.109,,,72.109
2019,7,perez,racing_point,16,72.197,,,72.197
2019,7,raikkonen,alfa,17,72.23,,,72.23
2019,7,stroll,racing_point,18,72.266,,,72.266
2019,7,russell,williams,19,73.617,,,73.617
2019,7,kubica,williams,20,74.393,,,74.393
2019,8,hamilton,mercedes,1,90.60900000000001,89.52,88.319,88.319
2019,8,bottas,mercedes,2,90.55,89.437,88.605,88.605
2019,8,leclerc,ferrari,3,90.64699999999999,89.699,88.965,88.965
2019,8,max_verstappen,red_bull,4,91.327,90.099,89.40899999999999,89.40899999999999
2019,8,norris,mclaren,5,90.989,90.019,89.418,89.418
2019,8,sainz,mclaren,6,91.07300000000001,90.319,89.52199999999999,89.52199999999999
2019,8,vettel,ferrari,7,91.075,89.506,89.799,89.506
2019,8,ricciardo,renault,8,90.95400000000001,90.369,89.918,89.918
2019,8,gasly,red_bull,9,91.152,90.42099999999999,90.184,90.184
2019,8,giovinazzi,alfa,10,91.18,90.408,93.42,90.408
2019,8,albon,toro_rosso,11,91.445,90.461,,90.461
2019,8,raikkonen,alfa,12,90.97200000000001,90.533,,90.533
2019,8,hulkenberg,renault,13,90.865,90.544,,90.544
2019,8,perez,racing_point,14,90.964,90.738,,90.738
2019,8,kevin_magnussen,haas,15,91.166,91.44,,91.166
2019,8,kvyat,toro_rosso,16,91.564,,,91.564
2019,8,grosjean,haas,17,91.626,,,91.626
2019,8,stroll,racing_point,18,91.726,,,91.726
2019,8,russell,williams,19,92.789,,,92.789
2019,8,kubica,williams,20,93.205,,,93.205
2019,9,leclerc,ferrari,1,64.138,63.378,63.003,63.003
2019,9,hamilton,mercedes,2,63.818,63.803,63.262,63.262
2019,9,max_verstappen,red_bull,3,63.807,63.835,63.439,63.439
2019,9,bottas,mercedes,4,64.084,63.863,63.537,63.537
2019,9,kevin_magnussen,haas,5,64.778,64.466,64.072,64.072
2019,9,norris,mclaren,6,64.361,64.211,64.099,64.099
2019,9,raikkonen,alfa,7,64.615,64.056,64.166,64.056
2019,9,giovinazzi,alfa,8,64.45,64.194,64.179,64.179
2019,9,gasly,red_bull,9,64.412,63.988,64.199,63.988
2019,9,vettel,ferrari,10,64.43,63.667,,63.667
2019,9,grosjean,haas,11,64.55199999999999,64.49,,64.49
2019,9,hulkenberg,renault,12,64.733,64.516,,64.516
2019,9,albon,toro_rosso,13,64.708,64.665,,64.665
2019,9,ricciardo,renault,14,64.647,64.79,,64.647
2019,9,sainz,mclaren,15,64.453,73.601,,64.453
2019,9,perez,racing_point,16,64.789,,,64.789
2019,9,stroll,racing_point,17,64.832,,,64.832
2019,9,kvyat,toro_rosso,18,65.324,,,65.324
2019,9,russell,williams,19,65.904,,,65.904
2019,9,kubica,williams,20,66.206,,,66.206
2019,10,bottas,mercedes,1,85.75,85.672,85.093,85.093
2019,10,hamilton,mercedes,2,85.513,85.84,85.099,85.099
2019,10,leclerc,ferrari,3,85.533,85.54599999999999,85.172,85.172
2019,10,max_verstappen,red_bull,4,85.7,85.848,85.276,85.276
2019,10,gasly,red_bull,5,86.273,86.038,85.59,85.59
2019,10,vettel,ferrari,6,85.898,86.023,85.787,85.787
2019,10,ricciardo,renault,7,86.428,86.283,86.182,86.182
2019,10,norris,mclaren,8,86.07900000000001,86.385,86.224,86.07900000000001
2019,10,albon,toro_rosso,9,86.482,86.40299999999999,86.345,86.345
2019,10,hulkenberg,renault,10,86.568,86.39699999999999,86.386,86.386
2019,10,giovinazzi,alfa,11,86.449,86.519,,86.449
2019,10,raikkonen,alfa,12,86.55799999999999,86.54599999999999,,86.54599999999999
2019,10,sainz,mclaren,13,86.203,86.578,,86.203
2019,10,grosjean,haas,14,86.34700000000001,86.757,,86.34700000000001
2019,10,perez,racing_point,15,86.649,86.928,,86.649
2019,10,kevin_magnussen,haas,16,86.662,,,86.662
2019,10,kvyat,toro_rosso,17,86.721,,,86.721
2019,10,stroll,racing_point,18,86.762,,,86.762
2019,10,russell,williams,19,87.789,,,87.789
2019,10,kubica,williams,20,88.257,,,88.257
2019,11,hamilton,mercedes,1,72.852,72.149,71.767,71.767
2019,11,max_verstappen,red_bull,2,72.593,72.42699999999999,72.113,72.113
2019,11,bottas,mercedes,3,73.075,72.424,72.129,72.129
2019,11,gasly,red_bull,4,72.991,72.385,72.522,72.385
2019,11,raikkonen,alfa,5,73.066,72.519,72.538,72.519
2019,11,grosjean,haas,6,73.146,72.769,72.851,72.769
2019,11,sainz,mclaren,7,73.221,72.632,72.897,72.632
2019,11,perez,racing_point,8,73.194,72.776,73.065,72.776
2019,11,hulkenberg,renault,9,73.186,72.766,73.126,72.766
2019,11,leclerc,ferrari,10,72.229,72.344,,72.229
2019,11,giovinazzi,alfa,11,73.17,72.786,,72.786
2019,11,kevin_magnussen,haas,12,73.103,72.789,,72.789
2019,11,ricciardo,renault,13,73.131,72.799,,72.799
2019,11,kvyat,toro_rosso,14,73.278,73.135,,73.135
2019,11,stroll,racing_point,15,73.256,73.45,,73.256
2019,11,norris,mclaren,16,73.333,,,73.333
2019,11,albon,toro_rosso,17,73.461,,,73.461
2019,11,russell,williams,18,74.721,,,74.721
2019,11,kubica,williams,19,74.839,,,74.839
2019,11,vettel,ferrari,20,,,,
2019,12,max_verstappen,red_bull,1,75.81700000000001,75.57300000000001,74.572,74.572
2019,12,bottas,mercedes,2,76.078,75.669,74.59,74.59
2019,12,hamilton,mercedes,3,76.068,75.548,74.769,74.769
2019,12,leclerc,ferrari,4,76.337,75.792,75.043,75.043
2019,12,vettel,ferrari,5,76.452,75.885,75.071,75.071
2019,12,gasly,red_bull,6,76.71600000000001,76.393,75.45,75.45
2019,12,norris,mclaren,7,76.697,76.06,75.8,75.8
2019,12,sainz,mclaren,8,76.493,76.30799999999999,75.852,75.852
2019,12,grosjean,haas,9,76.97800000000001,76.319,76.013,76.013
2019,12,raikkonen,alfa,10,76.506,76.518,76.041,76.041
2019,12,hulkenberg,renault,11,76.78999999999999,76.565,,76.565
2019,12,albon,toro_rosso,12,76.912,76.687,,76.687
2019,12,kvyat,toro_rosso,13,76.75,76.69200000000001,,76.69200000000001
2019,12,giovinazzi,alfa,14,76.894,76.804,,76.804
2019,12,kevin_magnussen,haas,15,76.122,77.081,,76.122
2019,12,russell,williams,16,77.031,,,77.031
2019,12,perez,racing_point,17,77.10900000000001,,,77.10900000000001
2019,12,ricciardo,renault,18,77.257,,,77.257
2019,12,stroll,racing_point,19,77.542,,,77.542
2019,12,kubica,williams,20,78.324,,,78.324
2019,13,leclerc,ferrari,1,103.587,102.938,102.519,102.519
2019,13,vettel,ferrari,2,104.10900000000001,103.037,103.267,103.037
2019,13,hamilton,mercedes,3,105.25999999999999,103.592,103.282,103.282
2019,13,bottas,mercedes,4,105.14099999999999,103.97999999999999,103.41499999999999,103.41499999999999
2019,13,max_verstappen,red_bull,5,104.622,104.132,103.69,103.69
2019,13,ricciardo,renault,6,105.56,104.10300000000001,104.257,104.10300000000001
2019,13,hulkenberg,renault,7,105.899,104.549,104.542,104.542
2019,13,raikkonen,alfa,8,105.842,104.14,104.557,104.14
2019,13,perez,racing_point,9,105.732,104.707,104.706,104.706
2019,13,kevin_magnussen,haas,10,105.839,104.738,105.086,104.738
2019,13,grosjean,haas,11,105.694,104.797,,104.797
2019,13,norris,mclaren,12,106.154,104.84700000000001,,104.84700000000001
2019,13,stroll,racing_point,13,106.0,105.047,,105.047
2019,13,albon,red_bull,14,105.52799999999999,105.799,,105.52799999999999
2019,13,giovinazzi,alfa,15,105.637,,,105.637
2019,13,gasly,toro_rosso,16,106.435,,,106.435
2019,13,sainz,mclaren,17,106.507,,,106.507
2019,13,kvyat,toro_rosso,18,106.518,,,106.518
2019,13,russell,williams,19,107.548,,,107.548
2019,13,kubica,williams,20,,,,
2019,14,leclerc,ferrari,1,80.126,79.553,79.307,79.307
2019,14,hamilton,mercedes,2,80.27199999999999,79.464,79.346,79.346
2019,14,bottas,mercedes,3,80.156,80.018,79.354,79.354
2019,14,vettel,ferrari,4,80.378,79.715,79.457,79.457
2019,14,ricciardo,renault,5,80.374,79.833,79.839,79.833
2019,14,hulkenberg,renault,6,80.155,80.275,80.049,80.049
2019,14,sainz,mclaren,7,80.413,80.202,80.455,80.202
2019,14,albon,red_bull,8,80.382,80.021,,80.021
2019,14,stroll,racing_point,9,80.643,80.498,,80.498
2019,14,raikkonen,alfa,10,80.634,80.515,,80.515
2019,14,giovinazzi,alfa,11,80.657,80.517,,80.517
2019,14,kevin_magnussen,haas,12,80.616,80.615,,80.615
2019,14,kvyat,toro_rosso,13,80.723,80.63,,80.63
2019,14,norris,mclaren,14,80.646,81.068,,80.646
2019,14,gasly,toro_rosso,15,80.508,81.125,,80.508
2019,14,grosjean,haas,16,80.78399999999999,,,80.78399999999999
2019,14,perez,racing_point,17,81.291,,,81.291
2019,14,russell,williams,18,81.8,,,81.8
2019,14,kubica,williams,19,82.356,,,82.356
2019,14,max_verstappen,red_bull,20,,,,
2019,15,leclerc,ferrari,1,98.01400000000001,96.65,96.217,96.217
2019,15,hamilton,mercedes,2,97.565,96.93299999999999,96.408,96.408
2019,15,vettel,ferrari,3,98.374,96.72,96.437,96.437
2019,15,max_verstappen,red_bull,4,98.53999999999999,97.089,96.813,96.813
2019,15,bottas,mercedes,5,97.31700000000001,97.142,97.146,97.142
2019,15,albon,red_bull,6,99.106,97.86500000000001,97.411,97.411
2019,15,sainz,mclaren,7,98.882,97.982,97.818,97.818
2019,15,hulkenberg,renault,8,99.001,98.58,98.26400000000001,98.26400000000001
2019,15,norris,mclaren,9,98.606,97.572,98.32900000000001,97.572
2019,15,perez,racing_point,10,99.90899999999999,98.52000000000001,,98.52000000000001
2019,15,giovinazzi,alfa,11,99.27199999999999,98.697,,98.697
2019,15,gasly,toro_rosso,12,99.08500000000001,98.699,,98.699
2019,15,raikkonen,alfa,13,99.45400000000001,98.858,,98.858
2019,15,kevin_magnussen,haas,14,99.94200000000001,99.65,,99.65
2019,15,kvyat,toro_rosso,15,99.957,,,99.957
2019,15,stroll,racing_point,16,99.979,,,99.979
2019,15,grosjean,haas,17,100.277,,,100.277
2019,15,russell,williams,18,100.86699999999999,,,100.86699999999999
2019,15,kubica,williams,19,101.186,,,101.186
2019,15,ricciardo,renault,20,,,,
2019,16,leclerc,ferrari,1,93.613,92.434,91.628,91.628
2019,16,hamilton,mercedes,2,93.22999999999999,93.134,92.03,92.03
2019,16,vettel,ferrari,3,93.032,92.536,92.053,92.053
2019,16,max_verstappen,red_bull,4,93.368,92.634,92.31,92.31
2019,16,bottas,mercedes,5,93.413,93.281,92.632,92.632
2019,16,sainz,mclaren,6,94.184,93.807,93.22200000000001,93.22200000000001
2019,16,hulkenberg,renault,7,94.23599999999999,93.898,93.289,93.289
2019,16,norris,mclaren,8,94.201,93.725,93.301,93.301
2019,16,grosjean,haas,9,94.283,93.643,93.517,93.517
2019,16,ricciardo,renault,10,94.138,93.862,93.661,93.661
2019,16,gasly,toro_rosso,11,94.456,93.95,,93.95
2019,16,perez,racing_point,12,94.336,93.958,,93.958
2019,16,giovinazzi,alfa,13,94.755,94.037,,94.037
2019,16,kevin_magnussen,haas,14,93.88900000000001,94.082,,93.88900000000001
2019,16,stroll,racing_point,15,94.287,94.233,,94.233
2019,16,raikkonen,alfa,16,94.84,,,94.84
2019,16,russell,williams,17,95.356,,,95.356
2019,16,kubica,williams,18,96.47399999999999,,,96.47399999999999
2019,16,albon,red_bull,19,99.197,,,99.197
2019,16,kvyat,toro_rosso,20,99.544,,,99.544
2019,17,vettel,ferrari,1,88.988,88.174,87.064,87.064
2019,17,leclerc,ferrari,2,88.405,88.179,87.253,87.253
2019,17,bottas,mercedes,3,88.896,87.688,87.293,87.293
2019,17,hamilton,mercedes,4,88.735,87.826,87.30199999999999,87.30199999999999
2019,17,max_verstappen,red_bull,5,88.754,88.499,87.851,87.851
2019,17,albon,red_bull,6,89.351,88.156,87.851,87.851
2019,17,sainz,mclaren,7,89.018,88.577,88.304,88.304
2019,17,norris,mclaren,8,88.873,88.571,88.464,88.464
2019,17,gasly,toro_rosso,9,89.411,88.779,88.836,88.779
2019,17,grosjean,haas,10,89.572,89.144,89.34100000000001,89.144
2019,17,giovinazzi,alfa,11,89.604,89.254,,89.254
2019,17,stroll,racing_point,12,89.594,89.345,,89.345
2019,17,raikkonen,alfa,13,89.636,89.358,,89.358
2019,17,kvyat,toro_rosso,14,89.723,89.563,,89.563
2019,17,hulkenberg,renault,15,89.619,90.112,,89.619
2019,17,ricciardo,renault,16,89.822,,,89.822
2019,17,perez,racing_point,17,90.344,,,90.344
2019,17,russell,williams,18,90.364,,,90.364
2019,17,kevin_magnussen,haas,19,,,,
2019,17,kubica,williams,20,,,,
2019,18,max_verstappen,red_bull,1,75.949,76.136,74.758,74.758
2019,18,leclerc,ferrari,2,76.364,76.219,75.024,75.024
2019,18,vettel,ferrari,3,76.696,75.914,75.17,75.17
2019,18,hamilton,mercedes,4,76.424,75.721,75.262,75.262
2019,18,albon,red_bull,5,76.175,76.574,75.336,75.336
2019,18,bottas,mercedes,6,77.062,75.852,75.338,75.338
2019,18,sainz,mclaren,7,77.044,76.267,76.014,76.014
2019,18,norris,mclaren,8,77.092,76.447,76.322,76.322
2019,18,kvyat,toro_rosso,9,77.041,76.657,76.469,76.469
2019,18,gasly,toro_rosso,10,77.065,76.679,76.586,76.586
2019,18,perez,racing_point,11,77.465,76.687,,76.687
2019,18,hulkenberg,renault,12,77.608,76.885,,76.885
2019,18,ricciardo,renault,13,77.27,76.93299999999999,,76.93299999999999
2019,18,raikkonen,alfa,14,77.225,76.967,,76.967
2019,18,giovinazzi,alfa,15,77.794,77.269,,77.269
2019,18,stroll,racing_point,16,78.065,,,78.065
2019,18,kevin_magnussen,haas,17,78.436,,,78.436
2019,18,grosjean,haas,18,78.599,,,78.599
2019,18,russell,williams,19,78.82300000000001,,,78.82300000000001
2019,18,kubica,williams,20,80.179,,,80.179
2019,19,bottas,mercedes,1,93.75,93.16,92.029,92.029
2019,19,vettel,ferrari,2,93.76599999999999,93.782,92.041,92.041
2019,19,max_verstappen,red_bull,3,93.549,93.12,92.096,92.096
2019,19,leclerc,ferrari,4,93.988,92.75999999999999,92.137,92.137
2019,19,hamilton,mercedes,5,93.45400000000001,93.045,92.321,92.321
2019,19,albon,red_bull,6,93.98400000000001,92.898,92.548,92.548
2019,19,sainz,mclaren,7,93.916,93.422,92.84700000000001,92.84700000000001
2019,19,norris,mclaren,8,93.35300000000001,93.316,93.175,93.175
2019,19,ricciardo,renault,9,93.83500000000001,93.608,93.488,93.488
2019,19,gasly,toro_rosso,10,93.556,93.715,93.601,93.556
2019,19,hulkenberg,renault,11,94.092,93.815,,93.815
2019,19,kevin_magnussen,haas,12,93.812,93.979,,93.812
2019,19,kvyat,toro_rosso,13,94.138,93.989,,93.989
2019,19,stroll,racing_point,14,93.92099999999999,94.1,,93.92099999999999
2019,19,grosjean,haas,15,94.161,94.158,,94.158
2019,19,giovinazzi,alfa,16,94.226,,,94.226
2019,19,raikkonen,alfa,17,94.369,,,94.369
2019,19,russell,williams,18,95.372,,,95.372
2019,19,perez,racing_point,19,95.80799999999999,,,95.80799999999999
2019,19,kubica,williams,20,95.88900000000001,,,95.88900000000001
2019,20,max_verstappen,red_bull,1,68.242,67.503,67.508,67.503
2019,20,vettel,ferrari,2,68.556,68.05,67.631,67.631
2019,20,hamilton,mercedes,3,68.614,68.088,67.699,67.699
2019,20,leclerc,ferrari,4,68.496,67.888,67.728,67.728
2019,20,bottas,mercedes,5,68.545,68.232,67.874,67.874
2019,20,albon,red_bull,6,68.503,68.117,67.935,67.935
2019,20,gasly,toro_rosso,7,68.909,68.77,68.837,68.77
2019,20,grosjean,haas,8,69.197,68.705,68.854,68.705
2019,20,raikkonen,alfa,9,69.276,68.858,68.984,68.858
2019,20,kevin_magnussen,haas,10,68.875,68.803,69.037,68.803
2019,20,norris,mclaren,11,68.891,68.868,,68.868
2019,20,ricciardo,renault,12,69.086,68.903,,68.903
2019,20,giovinazzi,alfa,13,69.175,68.919,,68.919
2019,20,hulkenberg,renault,14,69.05,68.92099999999999,,68.92099999999999
2019,20,perez,racing_point,15,69.288,69.035,,69.035
2019,20,kvyat,toro_rosso,16,69.32,,,69.32
2019,20,stroll,racing_point,17,69.536,,,69.536
2019,20,russell,williams,18,70.126,,,70.126
2019,20,kubica,williams,19,70.614,,,70.614
2019,20,sainz,mclaren,20,,,,
2019,21,hamilton,mercedes,1,95.851,95.634,94.779,94.779
2019,21,bottas,mercedes,2,96.2,95.674,94.973,94.973
2019,21,max_verstappen,red_bull,3,96.39,96.275,95.13900000000001,95.13900000000001
2019,21,leclerc,ferrari,4,96.47800000000001,95.543,95.219,95.219
2019,21,vettel,ferrari,5,96.963,95.786,95.339,95.339
2019,21,albon,red_bull,6,96.102,96.718,95.682,95.682
2019,21,norris,mclaren,7,97.545,96.76400000000001,96.436,96.436
2019,21,ricciardo,renault,8,97.106,96.785,96.456,96.456
2019,21,sainz,mclaren,9,97.358,96.30799999999999,96.459,96.30799999999999
2019,21,hulkenberg,renault,10,97.506,96.85900000000001,96.71000000000001,96.71000000000001
2019,21,perez,racing_point,11,96.961,97.055,,96.961
2019,21,gasly,toro_rosso,12,97.19800000000001,97.089,,97.089
2019,21,stroll,racing_point,13,97.52799999999999,97.10300000000001,,97.10300000000001
2019,21,kvyat,toro_rosso,14,97.68299999999999,97.14099999999999,,97.14099999999999
2019,21,kevin_magnussen,haas,15,97.71000000000001,97.25399999999999,,97.25399999999999
2019,21,grosjean,haas,16,98.051,,,98.051
2019,21,giovinazzi,alfa,17,98.114,,,98.114
2019,21,raikkonen,alfa,18,98.38300000000001,,,98.38300000000001
2019,21,russell,williams,19,98.717,,,98.717
2019,21,kubica,williams,20,99.23599999999999,,,99.23599999999999
2020,1,bottas,mercedes,1,64.111,63.015,62.939,62.939
2020,1,hamilton,mercedes,2,64.19800000000001,63.096000000000004,62.951,62.951
2020,1,max_verstappen,red_bull,3,64.024,64.0,63.477,63.477
2020,1,norris,mclaren,4,64.606,63.819,63.626,63.626
2020,1,albon,red_bull,5,64.661,63.746,63.868,63.746
2020,1,perez,racing_point,6,64.543,63.86,63.868,63.86
2020,1,leclerc,ferrari,7,64.5,64.041,63.923,63.923
2020,1,sainz,mclaren,8,64.537,63.971000000000004,63.971000000000004,63.971000000000004
2020,1,stroll,racing_point,9,64.309,63.955,64.029,63.955
2020,1,ricciardo,renault,10,64.556,64.023,64.239,64.023
2020,1,vettel,ferrari,11,64.554,64.206,,64.206
2020,1,gasly,alphatauri,12,64.603,64.305,,64.305
2020,1,kvyat,alphatauri,13,65.031,64.431,,64.431
2020,1,ocon,renault,14,64.93299999999999,64.643,,64.643
2020,1,grosjean,haas,15,65.094,64.691,,64.691
2020,1,kevin_magnussen,haas,16,65.164,,,65.164
2020,1,russell,williams,17,65.167,,,65.167
2020,1,giovinazzi,alfa,18,65.175,,,65.175
2020,1,raikkonen,alfa,19,65.224,,,65.224
2020,1,latifi,williams,20,65.757,,,65.757
2020,2,hamilton,mercedes,1,78.188,77.825,79.273,77.825
2020,2,max_verstappen,red_bull,2,78.297,77.938,80.489,77.938
2020,2,sainz,mclaren,3,78.59,78.836,80.67099999999999,78.59
2020,2,bottas,mercedes,4,78.791,78.657,80.701,78.657
2020,2,ocon,renault,5,79.687,78.764,80.922,78.764
2020,2,norris,mclaren,6,78.504,78.44800000000001,80.925,78.44800000000001
2020,2,albon,red_bull,7,80.882,79.014,81.011,79.014
2020,2,gasly,alphatauri,8,80.19200000000001,78.744,81.02799999999999,78.744
2020,2,ricciardo,renault,9,79.662,79.229,81.19200000000001,79.229
2020,2,vettel,ferrari,10,80.243,79.545,81.651,79.545
2020,2,leclerc,ferrari,11,80.871,79.628,,79.628
2020,2,russell,williams,12,80.382,79.636,,79.636
2020,2,stroll,racing_point,13,79.697,79.645,,79.645
2020,2,kvyat,alphatauri,14,79.824,79.717,,79.717
2020,2,kevin_magnussen,haas,15,81.14,80.211,,80.211
2020,2,raikkonen,alfa,16,81.14,,,81.14
2020,2,perez,racing_point,17,81.607,,,81.607
2020,2,latifi,williams,18,81.759,,,81.759
2020,2,giovinazzi,alfa,19,81.831,,,81.831
2020,2,grosjean,haas,20,,,,
2020,3,hamilton,mercedes,1,74.907,74.261,73.447,73.447
2020,3,bottas,mercedes,2,75.474,74.53,73.554,73.554
2020,3,stroll,racing_point,3,74.895,75.176,74.377,74.377
2020,3,perez,racing_point,4,74.681,75.394,74.545,74.545
2020,3,vettel,ferrari,5,75.455,75.131,74.774,74.774
2020,3,leclerc,ferrari,6,75.793,75.006,74.81700000000001,74.81700000000001
2020,3,max_verstappen,red_bull,7,75.495,74.976,74.849,74.849
2020,3,norris,mclaren,8,75.444,75.08500000000001,74.966,74.966
2020,3,sainz,mclaren,9,75.281,75.267,75.027,75.027
2020,3,gasly,alphatauri,10,75.767,75.508,,75.508
2020,3,ricciardo,renault,11,75.848,75.661,,75.661
2020,3,russell,williams,12,75.58500000000001,75.69800000000001,,75.58500000000001
2020,3,albon,red_bull,13,75.722,75.715,,75.715
2020,3,ocon,renault,14,75.719,75.742,,75.719
2020,3,latifi,williams,15,76.105,76.544,,76.105
2020,3,kevin_magnussen,haas,16,76.152,,,76.152
2020,3,kvyat,alphatauri,17,76.20400000000001,,,76.20400000000001
2020,3,grosjean,haas,18,76.407,,,76.407
2020,3,giovinazzi,alfa,19,76.506,,,76.506
2020,3,raikkonen,alfa,20,76.614,,,76.614
2020,4,hamilton,mercedes,1,85.9,85.34700000000001,84.303,84.303
2020,4,bottas,mercedes,2,85.801,85.015,84.616,84.616
2020,4,max_verstappen,red_bull,3,86.115,86.144,85.325,85.325
2020,4,leclerc,ferrari,4,86.55,86.203,85.42699999999999,85.42699999999999
2020,4,norris,mclaren,5,86.855,86.42,85.782,85.782
2020,4,stroll,racing_point,6,86.243,86.501,85.839,85.839
2020,4,sainz,mclaren,7,86.715,86.149,85.965,85.965
2020,4,ricciardo,renault,8,86.67699999999999,86.339,86.009,86.009
2020,4,ocon,renault,9,86.396,86.252,86.209,86.209
2020,4,vettel,ferrari,10,86.469,86.455,86.339,86.339
2020,4,gasly,alphatauri,11,86.343,86.501,,86.343
2020,4,albon,red_bull,12,86.565,86.545,,86.545
2020,4,hulkenberg,racing_point,13,86.327,86.566,,86.327
2020,4,kvyat,alphatauri,14,86.774,86.744,,86.744
2020,4,russell,williams,15,86.732,87.092,,86.732
2020,4,kevin_magnussen,haas,16,87.158,,,87.158
2020,4,giovinazzi,alfa,17,87.164,,,87.164
2020,4,raikkonen,alfa,18,87.366,,,87.366
2020,4,grosjean,haas,19,87.643,,,87.643
2020,4,latifi,williams,20,87.705,,,87.705
2020,5,bottas,mercedes,1,86.738,85.785,85.154,85.154
2020,5,hamilton,mercedes,2,86.818,86.26599999999999,85.217,85.217
2020,5,hulkenberg,racing_point,3,87.279,86.261,86.082,86.082
2020,5,max_verstappen,red_bull,4,87.154,86.779,86.176,86.176
2020,5,ricciardo,renault,5,87.44200000000001,86.636,86.297,86.297
2020,5,stroll,racing_point,6,87.187,86.674,86.428,86.428
2020,5,gasly,alphatauri,7,87.154,86.523,86.53399999999999,86.523
2020,5,leclerc,ferrari,8,87.42699999999999,86.709,86.614,86.614
2020,5,albon,red_bull,9,87.15299999999999,86.642,86.669,86.642
2020,5,norris,mclaren,10,87.217,86.885,86.77799999999999,86.77799999999999
2020,5,ocon,renault,11,87.27799999999999,87.011,,87.011
2020,5,vettel,ferrari,12,87.612,87.078,,87.078
2020,5,sainz,mclaren,13,87.45,87.083,,87.083
2020,5,grosjean,haas,14,87.519,87.254,,87.254
2020,5,russell,williams,15,87.757,87.455,,87.455
2020,5,kvyat,alphatauri,16,87.882,,,87.882
2020,5,kevin_magnussen,haas,17,88.236,,,88.236
2020,5,latifi,williams,18,88.43,,,88.43
2020,5,giovinazzi,alfa,19,88.43299999999999,,,88.43299999999999
2020,5,raikkonen,alfa,20,88.493,,,88.493
2020,6,hamilton,mercedes,1,76.872,76.013,75.584,75.584
2020,6,bottas,mercedes,2,77.243,76.152,75.643,75.643
2020,6,max_verstappen,red_bull,3,77.213,76.518,76.292,76.292
2020,6,perez,racing_point,4,77.117,76.936,76.482,76.482
2020,6,stroll,racing_point,5,77.316,76.666,76.589,76.589
2020,6,albon,red_bull,6,77.419,77.163,77.029,77.029
2020,6,sainz,mclaren,7,77.438,76.876,77.044,76.876
2020,6,norris,mclaren,8,77.577,77.166,77.084,77.084
2020,6,leclerc,ferrari,9,77.256,76.953,77.087,76.953
2020,6,gasly,alphatauri,10,77.356,76.8,77.136,76.8
2020,6,vettel,ferrari,11,77.57300000000001,77.168,,77.168
2020,6,kvyat,alphatauri,12,77.676,77.19200000000001,,77.19200000000001
2020,6,ricciardo,renault,13,77.667,77.19800000000001,,77.19800000000001
2020,6,raikkonen,alfa,14,77.797,77.386,,77.386
2020,6,ocon,renault,15,77.765,77.56700000000001,,77.56700000000001
2020,6,kevin_magnussen,haas,16,77.908,,,77.908
2020,6,grosjean,haas,17,78.089,,,78.089
2020,6,russell,williams,18,78.099,,,78.099
2020,6,latifi,williams,19,78.532,,,78.532
2020,6,giovinazzi,alfa,20,78.697,,,78.697
2020,7,hamilton,mercedes,1,102.32300000000001,102.01400000000001,101.25200000000001,101.25200000000001
2020,7,bottas,mercedes,2,102.53399999999999,102.126,101.763,101.763
2020,7,max_verstappen,red_bull,3,103.197,102.473,101.77799999999999,101.77799999999999
2020,7,ricciardo,renault,4,103.309,102.487,102.061,102.061
2020,7,albon,red_bull,5,103.418,102.193,102.26400000000001,102.193
2020,7,ocon,renault,6,103.505,102.53399999999999,102.396,102.396
2020,7,sainz,mclaren,7,103.322,102.47800000000001,102.438,102.438
2020,7,perez,racing_point,8,103.34899999999999,102.67,102.532,102.532
2020,7,stroll,racing_point,9,103.265,102.491,102.60300000000001,102.491
2020,7,norris,mclaren,10,103.51400000000001,102.72200000000001,102.657,102.657
2020,7,kvyat,alphatauri,11,103.267,102.72999999999999,,102.72999999999999
2020,7,gasly,alphatauri,12,103.262,102.745,,102.745
2020,7,leclerc,ferrari,13,103.656,102.99600000000001,,102.99600000000001
2020,7,vettel,ferrari,14,103.56700000000001,103.261,,103.261
2020,7,russell,williams,15,103.63,103.468,,103.468
2020,7,raikkonen,alfa,16,103.743,,,103.743
2020,7,grosjean,haas,17,103.838,,,103.838
2020,7,giovinazzi,alfa,18,103.95,,,103.95
2020,7,latifi,williams,19,104.138,,,104.138
2020,7,kevin_magnussen,haas,20,104.314,,,104.314
2020,8,hamilton,mercedes,1,79.514,79.092,78.887,78.887
2020,8,bottas,mercedes,2,79.786,78.952,78.956,78.952
2020,8,sainz,mclaren,3,80.099,79.705,79.695,79.695
2020,8,perez,racing_point,4,80.048,79.718,79.72,79.718
2020,8,max_verstappen,red_bull,5,80.193,79.78,79.795,79.78
2020,8,norris,mclaren,6,80.344,79.962,79.82,79.82
2020,8,ricciardo,renault,7,80.548,80.031,79.864,79.864
2020,8,stroll,racing_point,8,80.4,79.924,80.049,79.924
2020,8,albon,red_bull,9,81.104,80.064,80.09,80.064
2020,8,gasly,alphatauri,10,80.145,79.90899999999999,80.17699999999999,79.90899999999999
2020,8,kvyat,alphatauri,11,80.307,80.169,,80.169
2020,8,ocon,renault,12,80.747,80.23400000000001,,80.23400000000001
2020,8,leclerc,ferrari,13,80.443,80.273,,80.273
2020,8,raikkonen,alfa,14,81.01,80.926,,80.926
2020,8,kevin_magnussen,haas,15,80.869,81.57300000000001,,80.869
2020,8,grosjean,haas,16,81.139,,,81.139
2020,8,vettel,ferrari,17,81.151,,,81.151
2020,8,giovinazzi,alfa,18,81.206,,,81.206
2020,8,russell,williams,19,81.587,,,81.587
2020,8,latifi,williams,20,81.717,,,81.717
2020,9,hamilton,mercedes,1,75.778,75.309,75.144,75.144
2020,9,bottas,mercedes,2,75.749,75.322,75.203,75.203
2020,9,max_verstappen,red_bull,3,76.33500000000001,75.471,75.509,75.471
2020,9,albon,red_bull,4,76.527,75.914,75.95400000000001,75.914
2020,9,leclerc,ferrari,5,76.69800000000001,76.324,76.27,76.27
2020,9,perez,racing_point,6,76.596,76.489,76.311,76.311
2020,9,stroll,racing_point,7,76.701,76.271,76.356,76.271
2020,9,ricciardo,renault,8,76.981,76.243,76.543,76.243
2020,9,sainz,mclaren,9,76.993,76.52199999999999,77.87,76.52199999999999
2020,9,ocon,renault,10,76.825,76.297,,76.297
2020,9,norris,mclaren,11,76.895,76.64,,76.64
2020,9,kvyat,alphatauri,12,76.928,76.854,,76.854
2020,9,raikkonen,alfa,13,77.059,76.854,,76.854
2020,9,vettel,ferrari,14,77.072,76.858,,76.858
2020,9,grosjean,haas,15,77.069,77.254,,77.069
2020,9,gasly,alphatauri,16,77.125,,,77.125
2020,9,giovinazzi,alfa,17,77.22,,,77.22
2020,9,russell,williams,18,77.232,,,77.232
2020,9,latifi,williams,19,77.32,,,77.32
2020,9,kevin_magnussen,haas,20,77.348,,,77.348
2020,10,hamilton,mercedes,1,92.983,92.83500000000001,91.304,91.304
2020,10,max_verstappen,red_bull,2,93.63,93.157,91.867,91.867
2020,10,bottas,mercedes,3,92.656,92.405,91.956,91.956
2020,10,perez,racing_point,4,93.70400000000001,93.038,92.31700000000001,92.31700000000001
2020,10,ricciardo,renault,5,93.65,92.218,92.364,92.218
2020,10,sainz,mclaren,6,93.967,92.757,92.55,92.55
2020,10,ocon,renault,7,93.557,93.196,92.624,92.624
2020,10,norris,mclaren,8,93.804,93.081,92.84700000000001,92.84700000000001
2020,10,gasly,alphatauri,9,93.73400000000001,93.13900000000001,93.0,93.0
2020,10,albon,red_bull,10,93.919,93.15299999999999,93.00800000000001,93.00800000000001
2020,10,leclerc,ferrari,11,94.071,93.239,,93.239
2020,10,kvyat,alphatauri,12,93.511,93.249,,93.249
2020,10,stroll,racing_point,13,93.852,93.364,,93.364
2020,10,russell,williams,14,94.02000000000001,93.583,,93.583
2020,10,vettel,ferrari,15,94.134,93.60900000000001,,93.60900000000001
2020,10,grosjean,haas,16,94.592,,,94.592
2020,10,giovinazzi,alfa,17,94.594,,,94.594
2020,10,kevin_magnussen,haas,18,94.681,,,94.681
2020,10,latifi,williams,19,95.066,,,95.066
2020,10,raikkonen,alfa,20,95.267,,,95.267
2020,11,bottas,mercedes,1,86.57300000000001,85.971,85.269,85.269
2020,11,hamilton,mercedes,2,86.62,85.39,85.525,85.39
2020,11,max_verstappen,red_bull,3,86.319,85.467,85.562,85.467
2020,11,leclerc,ferrari,4,86.857,86.24,86.035,86.035
2020,11,albon,red_bull,5,87.126,86.285,86.047,86.047
2020,11,ricciardo,renault,6,86.836,86.096,86.223,86.096
2020,11,ocon,renault,7,87.086,86.364,86.242,86.242
2020,11,norris,mclaren,8,86.82900000000001,86.316,86.458,86.316
2020,11,perez,racing_point,9,87.12,86.33,86.70400000000001,86.33
2020,11,sainz,mclaren,10,87.378,86.361,86.709,86.361
2020,11,vettel,ferrari,11,87.107,86.738,,86.738
2020,11,gasly,alphatauri,12,87.072,86.776,,86.776
2020,11,kvyat,alphatauri,13,87.285,86.848,,86.848
2020,11,giovinazzi,alfa,14,87.532,86.936,,86.936
2020,11,kevin_magnussen,haas,15,87.231,87.125,,87.125
2020,11,grosjean,haas,16,87.55199999999999,,,87.55199999999999
2020,11,russell,williams,17,87.564,,,87.564
2020,11,latifi,williams,18,87.812,,,87.812
2020,11,raikkonen,alfa,19,87.81700000000001,,,87.81700000000001
2020,11,hulkenberg,racing_point,20,88.021,,,88.021
2020,12,hamilton,mercedes,1,76.828,76.824,76.652,76.652
2020,12,bottas,mercedes,2,76.945,76.46600000000001,76.754,76.46600000000001
2020,12,max_verstappen,red_bull,3,76.879,77.038,76.904,76.879
2020,12,leclerc,ferrari,4,77.42099999999999,77.367,77.09,77.09
2020,12,perez,racing_point,5,77.37,77.129,77.223,77.129
2020,12,albon,red_bull,6,77.435,77.411,77.437,77.411
2020,12,sainz,mclaren,7,77.627,77.18299999999999,77.52,77.18299999999999
2020,12,norris,mclaren,8,77.547,77.321,77.525,77.321
2020,12,gasly,alphatauri,9,77.209,77.367,77.803,77.209
2020,12,ricciardo,renault,10,77.621,77.481,,77.481
2020,12,ocon,renault,11,77.775,77.614,,77.614
2020,12,stroll,racing_point,12,77.667,77.626,,77.626
2020,12,kvyat,alphatauri,13,77.84100000000001,77.72800000000001,,77.72800000000001
2020,12,russell,williams,14,77.931,77.788,,77.788
2020,12,vettel,ferrari,15,77.446,77.919,,77.446
2020,12,raikkonen,alfa,16,78.201,,,78.201
2020,12,giovinazzi,alfa,17,78.32300000000001,,,78.32300000000001
2020,12,grosjean,haas,18,78.364,,,78.364
2020,12,kevin_magnussen,haas,19,78.508,,,78.508
2020,12,latifi,williams,20,78.777,,,78.777
2020,13,bottas,mercedes,1,74.221,74.58500000000001,73.609,73.609
2020,13,hamilton,mercedes,2,74.229,74.643,73.706,73.706
2020,13,max_verstappen,red_bull,3,75.034,74.974,74.176,74.176
2020,13,gasly,alphatauri,4,75.18299999999999,74.681,74.502,74.502
2020,13,ricciardo,renault,5,75.474,74.953,74.52,74.52
2020,13,albon,red_bull,6,75.402,74.745,74.572,74.572
2020,13,leclerc,ferrari,7,75.123,75.017,74.616,74.616
2020,13,kvyat,alphatauri,8,75.412,75.022,74.696,74.696
2020,13,norris,mclaren,9,75.274,75.051,74.814,74.814
2020,13,sainz,mclaren,10,75.528,75.027,74.911,74.911
2020,13,perez,racing_point,11,75.407,75.061,,75.061
2020,13,ocon,renault,12,75.352,75.201,,75.201
2020,13,russell,williams,13,75.76,75.32300000000001,,75.32300000000001
2020,13,vettel,ferrari,14,75.571,75.385,,75.385
2020,13,stroll,racing_point,15,75.822,75.494,,75.494
2020,13,grosjean,haas,16,75.918,,,75.918
2020,13,kevin_magnussen,haas,17,75.939,,,75.939
2020,13,raikkonen,alfa,18,75.953,,,75.953
2020,13,latifi,williams,19,75.987,,,75.987
2020,13,giovinazzi,alfa,20,76.208,,,76.208
2020,14,stroll,racing_point,1,127.467,113.372,107.765,107.765
2020,14,max_verstappen,red_bull,2,117.485,110.293,108.055,108.055
2020,14,perez,racing_point,3,127.614,114.09700000000001,109.321,109.321
2020,14,albon,red_bull,4,119.431,112.282,110.44800000000001,110.44800000000001
2020,14,ricciardo,renault,5,125.598,114.27799999999999,111.595,111.595
2020,14,hamilton,mercedes,6,127.599,112.709,112.56,112.56
2020,14,ocon,renault,7,126.115,113.657,112.622,112.622
2020,14,raikkonen,alfa,8,121.249,113.793,112.745,112.745
2020,14,bottas,mercedes,9,127.001,113.767,113.25800000000001,113.25800000000001
2020,14,giovinazzi,alfa,10,127.341,113.431,117.226,113.431
2020,14,norris,mclaren,11,127.167,114.945,,114.945
2020,14,vettel,ferrari,12,123.356,115.169,,115.169
2020,14,sainz,mclaren,13,127.489,115.41,,115.41
2020,14,leclerc,ferrari,14,124.464,116.696,,116.696
2020,14,gasly,alphatauri,15,125.579,118.556,,118.556
2020,14,kevin_magnussen,haas,16,128.007,,,128.007
2020,14,kvyat,alphatauri,17,129.07,,,129.07
2020,14,russell,williams,18,130.017,,,130.017
2020,14,grosjean,haas,19,132.909,,,132.909
2020,14,latifi,williams,20,141.611,,,141.611
2020,15,hamilton,mercedes,1,88.343,87.586,87.264,87.264
2020,15,bottas,mercedes,2,88.767,88.063,87.553,87.553
2020,15,max_verstappen,red_bull,3,88.885,88.025,87.678,87.678
2020,15,albon,red_bull,4,88.732,88.749,88.274,88.274
2020,15,perez,racing_point,5,89.178,88.894,88.322,88.322
2020,15,ricciardo,renault,6,89.005,88.648,88.417,88.417
2020,15,ocon,renault,7,89.203,88.937,88.419,88.419
2020,15,gasly,alphatauri,8,88.971,89.008,88.44800000000001,88.44800000000001
2020,15,norris,mclaren,9,89.464,88.877,88.542,88.542
2020,15,kvyat,alphatauri,10,89.158,88.944,88.618,88.618
2020,15,vettel,ferrari,11,89.142,89.149,,89.142
2020,15,leclerc,ferrari,12,89.137,89.16499999999999,,89.137
2020,15,stroll,racing_point,13,88.679,89.557,,88.679
2020,15,russell,williams,14,89.294,91.218,,89.294
2020,15,sainz,mclaren,15,88.975,,,88.975
2020,15,giovinazzi,alfa,16,89.491,,,89.491
2020,15,raikkonen,alfa,17,89.81,,,89.81
2020,15,kevin_magnussen,haas,18,90.111,,,90.111
2020,15,grosjean,haas,19,90.138,,,90.138
2020,15,latifi,williams,20,90.182,,,90.182
2020,16,bottas,mercedes,1,53.904,53.803,53.377,53.377
2020,16,russell,mercedes,2,54.16,53.819,53.403,53.403
2020,16,max_verstappen,red_bull,3,54.037,53.647,53.433,53.433
2020,16,leclerc,ferrari,4,54.249,53.825,53.613,53.613
2020,16,perez,racing_point,5,54.236,53.787,53.79,53.787
2020,16,kvyat,alphatauri,6,54.346,53.856,53.906,53.856
2020,16,ricciardo,renault,7,54.388,53.871,53.957,53.871
2020,16,sainz,mclaren,8,54.45,53.818,54.01,53.818
2020,16,gasly,alphatauri,9,54.207,53.941,54.154,53.941
2020,16,stroll,racing_point,10,54.595,53.84,54.2,53.84
2020,16,ocon,renault,11,54.309,53.995,,53.995
2020,16,albon,red_bull,12,54.62,54.026,,54.026
2020,16,vettel,ferrari,13,54.301,54.175,,54.175
2020,16,giovinazzi,alfa,14,54.523,54.377,,54.377
2020,16,norris,mclaren,15,54.194,54.693,,54.194
2020,16,kevin_magnussen,haas,16,54.705,,,54.705
2020,16,latifi,williams,17,54.796,,,54.796
2020,16,aitken,williams,18,54.892,,,54.892
2020,16,raikkonen,alfa,19,54.963,,,54.963
2020,16,pietro_fittipaldi,haas,20,55.426,,,55.426
2020,17,max_verstappen,red_bull,1,95.993,95.64099999999999,95.24600000000001,95.24600000000001
2020,17,bottas,mercedes,2,95.699,95.527,95.271,95.271
2020,17,hamilton,mercedes,3,95.52799999999999,95.46600000000001,95.332,95.332
2020,17,norris,mclaren,4,96.01599999999999,95.84899999999999,95.497,95.497
2020,17,albon,red_bull,5,96.106,95.654,95.571,95.571
2020,17,sainz,mclaren,6,96.517,96.19200000000001,95.815,95.815
2020,17,kvyat,alphatauri,7,96.459,96.214,95.963,95.963
2020,17,stroll,racing_point,8,96.50200000000001,96.143,96.04599999999999,96.04599999999999
2020,17,leclerc,ferrari,9,95.881,95.932,96.065,95.881
2020,17,gasly,alphatauri,10,96.545,96.282,96.24199999999999,96.24199999999999
2020,17,ocon,renault,11,96.783,96.35900000000001,,96.35900000000001
2020,17,ricciardo,renault,12,96.70400000000001,96.406,,96.406
2020,17,vettel,ferrari,13,96.655,96.631,,96.631
2020,17,giovinazzi,alfa,14,97.075,98.24799999999999,,97.075
2020,17,perez,racing_point,15,96.03399999999999,,,96.03399999999999
2020,17,raikkonen,alfa,16,97.555,,,97.555
2020,17,kevin_magnussen,haas,17,97.863,,,97.863
2020,17,russell,williams,18,98.045,,,98.045
2020,17,pietro_fittipaldi,haas,19,98.173,,,98.173
2020,17,latifi,williams,20,98.443,,,98.443
2021,1,max_verstappen,red_bull,1,90.499,90.318,88.997,88.997
2021,1,hamilton,mercedes,2,90.617,90.08500000000001,89.385,89.385
2021,1,bottas,mercedes,3,91.2,90.186,89.586,89.586
2021,1,leclerc,ferrari,4,90.691,90.01,89.678,89.678
2021,1,gasly,alphatauri,5,90.848,90.513,89.809,89.809
2021,1,ricciardo,mclaren,6,90.795,90.22200000000001,89.92699999999999,89.92699999999999
2021,1,norris,mclaren,7,90.902,90.099,89.974,89.974
2021,1,sainz,ferrari,8,91.65299999999999,90.009,90.215,90.009
2021,1,alonso,alpine,9,90.863,90.595,90.249,90.249
2021,1,stroll,aston_martin,10,91.261,90.624,90.601,90.601
2021,1,perez,red_bull,11,91.16499999999999,90.65899999999999,,90.65899999999999
2021,1,giovinazzi,alfa,12,90.998,90.708,,90.708
2021,1,tsunoda,alphatauri,13,90.607,91.203,,90.607
2021,1,raikkonen,alfa,14,91.547,91.238,,91.238
2021,1,russell,williams,15,91.316,93.43,,91.316
2021,1,ocon,alpine,16,91.724,,,91.724
2021,1,latifi,williams,17,91.936,,,91.936
2021,1,vettel,aston_martin,18,92.056,,,92.056
2021,1,mick_schumacher,haas,19,92.449,,,92.449
2021,1,mazepin,haas,20,93.273,,,93.273
2021,2,hamilton,mercedes,1,74.82300000000001,74.81700000000001,74.411,74.411
2021,2,perez,red_bull,2,75.395,74.716,74.446,74.446
2021,2,max_verstappen,red_bull,3,75.109,74.884,74.498,74.498
2021,2,leclerc,ferrari,4,75.413,74.80799999999999,74.74,74.74
2021,2,gasly,alphatauri,5,75.548,74.92699999999999,74.78999999999999,74.78999999999999
2021,2,ricciardo,mclaren,6,75.669,75.033,74.826,74.826
2021,2,norris,mclaren,7,75.009,74.718,74.875,74.718
2021,2,bottas,mercedes,8,74.672,74.905,74.898,74.672
2021,2,ocon,alpine,9,75.385,75.117,75.21000000000001,75.117
2021,2,stroll,aston_martin,10,75.522,75.138,,75.138
2021,2,sainz,ferrari,11,75.406,75.199,,75.199
2021,2,russell,williams,12,75.826,75.261,,75.261
2021,2,vettel,aston_martin,13,75.459,75.394,,75.394
2021,2,latifi,williams,14,75.653,75.593,,75.593
2021,2,alonso,alpine,15,75.832,75.593,,75.593
2021,2,raikkonen,alfa,16,75.974,,,75.974
2021,2,giovinazzi,alfa,17,76.122,,,76.122
2021,2,mick_schumacher,haas,18,76.279,,,76.279
2021,2,mazepin,haas,19,76.797,,,76.797
2021,2,tsunoda,alphatauri,20,,,,
2021,3,bottas,mercedes,1,78.72200000000001,78.458,78.348,78.348
2021,3,hamilton,mercedes,2,78.857,77.968,78.355,77.968
2021,3,max_verstappen,red_bull,3,79.485,78.65,78.746,78.65
2021,3,perez,red_bull,4,79.337,78.845,78.89,78.845
2021,3,sainz,ferrari,5,79.309,78.813,79.039,78.813
2021,3,ocon,alpine,6,79.092,78.586,79.042,78.586
2021,3,norris,mclaren,7,78.794,78.481,79.116,78.481
2021,3,leclerc,ferrari,8,79.373,78.769,79.306,78.769
2021,3,gasly,alphatauri,9,79.464,79.05199999999999,79.475,79.05199999999999
2021,3,vettel,aston_martin,10,79.40299999999999,78.97,79.65899999999999,78.97
2021,3,russell,williams,11,79.797,79.10900000000001,,79.10900000000001
2021,3,giovinazzi,alfa,12,79.41,79.21600000000001,,79.21600000000001
2021,3,alonso,alpine,13,79.72800000000001,79.456,,79.456
2021,3,tsunoda,alphatauri,14,79.684,79.463,,79.463
2021,3,raikkonen,alfa,15,79.748,79.812,,79.748
2021,3,ricciardo,mclaren,16,79.839,,,79.839
2021,3,stroll,aston_martin,17,79.913,,,79.913
2021,3,latifi,williams,18,80.285,,,80.285
2021,3,mick_schumacher,haas,19,80.452,,,80.452
2021,3,mazepin,haas,20,80.912,,,80.912
2021,4,hamilton,mercedes,1,78.245,77.166,76.741,76.741
2021,4,max_verstappen,red_bull,2,78.09,76.922,76.777,76.777
2021,4,bottas,mercedes,3,78.005,77.142,76.873,76.873
2021,4,leclerc,ferrari,4,78.041,77.717,77.51,77.51
2021,4,ocon,alpine,5,78.281,77.743,77.58,77.58
2021,4,sainz,ferrari,6,78.205,77.656,77.62,77.62
2021,4,ricciardo,mclaren,7,78.264,77.719,77.622,77.622
2021,4,perez,red_bull,8,78.203,77.669,77.701,77.669
2021,4,norris,mclaren,9,77.821,77.696,78.01,77.696
2021,4,alonso,alpine,10,78.281,77.96600000000001,78.14699999999999,77.96600000000001
2021,4,stroll,aston_martin,11,78.241,77.974,,77.974
2021,4,gasly,alphatauri,12,78.19,77.982,,77.982
2021,4,vettel,aston_martin,13,78.289,78.07900000000001,,78.07900000000001
2021,4,giovinazzi,alfa,14,78.549,78.356,,78.356
2021,4,russell,williams,15,78.445,79.154,,78.445
2021,4,tsunoda,alphatauri,16,78.556,,,78.556
2021,4,raikkonen,alfa,17,78.917,,,78.917
2021,4,mick_schumacher,haas,18,79.117,,,79.117
2021,4,latifi,williams,19,79.219,,,79.219
2021,4,mazepin,haas,20,79.807,,,79.807
2021,5,leclerc,ferrari,1,71.113,70.597,70.346,70.346
2021,5,max_verstappen,red_bull,2,71.124,70.65,70.576,70.576
2021,5,bottas,mercedes,3,70.938,70.695,70.601,70.601
2021,5,sainz,ferrari,4,71.324,70.806,70.611,70.611
2021,5,norris,mclaren,5,71.321,71.031,70.62,70.62
2021,5,gasly,alphatauri,6,71.56,71.179,70.9,70.9
2021,5,hamilton,mercedes,7,71.622,71.116,71.095,71.095
2021,5,vettel,aston_martin,8,72.078,71.309,71.419,71.309
2021,5,perez,red_bull,9,71.644,71.019,71.57300000000001,71.019
2021,5,giovinazzi,alfa,10,71.658,71.409,71.779,71.409
2021,5,ocon,alpine,11,71.74,71.486,,71.486
2021,5,ricciardo,mclaren,12,71.747,71.598,,71.598
2021,5,stroll,aston_martin,13,71.979,71.6,,71.6
2021,5,raikkonen,alfa,14,71.899,71.642,,71.642
2021,5,russell,williams,15,72.016,71.83,,71.83
2021,5,tsunoda,alphatauri,16,72.096,,,72.096
2021,5,alonso,alpine,17,72.205,,,72.205
2021,5,latifi,williams,18,72.366,,,72.366
2021,5,mazepin,haas,19,72.958,,,72.958
2021,6,leclerc,ferrari,1,102.241,101.65899999999999,101.218,101.218
2021,6,hamilton,mercedes,2,101.545,101.634,101.45,101.45
2021,6,max_verstappen,red_bull,3,101.75999999999999,101.625,101.563,101.563
2021,6,gasly,alphatauri,4,102.288,101.932,101.565,101.565
2021,6,sainz,ferrari,5,102.12100000000001,101.74000000000001,101.576,101.576
2021,6,norris,mclaren,6,102.167,101.813,101.747,101.747
2021,6,perez,red_bull,7,101.968,101.63,101.917,101.63
2021,6,tsunoda,alphatauri,8,102.521,101.654,102.211,101.654
2021,6,alonso,alpine,9,102.934,102.195,102.327,102.195
2021,6,bottas,mercedes,10,102.701,102.106,102.65899999999999,102.106
2021,6,vettel,aston_martin,11,102.46000000000001,102.22399999999999,,102.22399999999999
2021,6,ocon,alpine,12,102.426,102.273,,102.273
2021,6,ricciardo,mclaren,13,102.304,102.55799999999999,,102.304
2021,6,raikkonen,alfa,14,102.923,102.587,,102.587
2021,6,russell,williams,15,102.72800000000001,102.75800000000001,,102.72800000000001
2021,6,latifi,williams,16,103.128,,,103.128
2021,6,mick_schumacher,haas,17,104.158,,,104.158
2021,6,mazepin,haas,18,104.238,,,104.238
2021,6,stroll,aston_martin,19,,,,
2021,6,giovinazzi,alfa,20,,,,
2021,7,max_verstappen,red_bull,1,91.001,91.08,89.99,89.99
2021,7,hamilton,mercedes,2,91.237,90.788,90.248,90.248
2021,7,bottas,mercedes,3,91.669,90.735,90.376,90.376
2021,7,perez,red_bull,4,91.56,90.971,90.445,90.445
2021,7,sainz,ferrari,5,92.07900000000001,91.146,90.84,90.84
2021,7,gasly,alphatauri,6,91.898,91.35300000000001,90.868,90.868
2021,7,leclerc,ferrari,7,92.209,91.56700000000001,90.987,90.987
2021,7,norris,mclaren,8,91.733,91.542,91.252,91.252
2021,7,alonso,alpine,9,92.158,91.549,91.34,91.34
2021,7,ricciardo,mclaren,10,92.181,91.615,91.382,91.382
2021,7,ocon,alpine,11,92.13900000000001,91.736,,91.736
2021,7,vettel,aston_martin,12,92.132,91.767,,91.767
2021,7,giovinazzi,alfa,13,92.72200000000001,91.813,,91.813
2021,7,russell,williams,14,93.06,92.065,,92.065
2021,7,mick_schumacher,haas,15,92.94200000000001,,,92.94200000000001
2021,7,latifi,williams,16,93.062,,,93.062
2021,7,raikkonen,alfa,17,93.354,,,93.354
2021,7,mazepin,haas,18,93.554,,,93.554
2021,7,stroll,aston_martin,19,,,,
2021,7,tsunoda,alphatauri,20,,,,
2021,8,max_verstappen,red_bull,1,64.489,64.43299999999999,63.841,63.841
2021,8,bottas,mercedes,2,64.537,64.443,64.035,64.035
2021,8,hamilton,mercedes,3,64.672,64.512,64.06700000000001,64.06700000000001
2021,8,norris,mclaren,4,64.584,64.298,64.12,64.12
2021,8,perez,red_bull,5,64.638,64.197,64.168,64.168
2021,8,gasly,alphatauri,6,64.765,64.429,64.236,64.236
2021,8,leclerc,ferrari,7,64.745,64.646,64.472,64.472
2021,8,tsunoda,alphatauri,8,64.608,64.631,64.514,64.514
2021,8,alonso,alpine,9,64.971,64.582,64.574,64.574
2021,8,stroll,aston_martin,10,64.821,64.663,64.708,64.663
2021,8,russell,williams,11,65.033,64.671,,64.671
2021,8,sainz,ferrari,12,64.859,64.8,,64.8
2021,8,ricciardo,mclaren,13,65.142,64.80799999999999,,64.80799999999999
2021,8,vettel,aston_martin,14,65.051,64.875,,64.875
2021,8,giovinazzi,alfa,15,65.092,64.913,,64.913
2021,8,latifi,williams,16,65.175,,,65.175
2021,8,ocon,alpine,17,65.217,,,65.217
2021,8,raikkonen,alfa,18,65.429,,,65.429
2021,8,mick_schumacher,haas,19,66.041,,,66.041
2021,8,mazepin,haas,20,66.19200000000001,,,66.19200000000001
2021,9,max_verstappen,red_bull,1,64.249,63.927,63.72,63.72
2021,9,norris,mclaren,2,64.345,64.415,63.768,63.768
2021,9,perez,red_bull,3,64.833,64.483,63.99,63.99
2021,9,hamilton,mercedes,4,64.506,64.258,64.014,64.014
2021,9,bottas,mercedes,5,64.563,64.376,64.049,64.049
2021,9,gasly,alphatauri,6,64.841,64.412,64.107,64.107
2021,9,tsunoda,alphatauri,7,64.967,64.518,64.273,64.273
2021,9,vettel,aston_martin,8,64.846,64.493,64.57,64.493
2021,9,russell,williams,9,64.907,64.553,64.591,64.553
2021,9,stroll,aston_martin,10,64.92699999999999,64.547,64.618,64.547
2021,9,sainz,ferrari,11,64.596,64.559,,64.559
2021,9,leclerc,ferrari,12,64.906,64.6,,64.6
2021,9,ricciardo,mclaren,13,64.977,64.719,,64.719
2021,9,alonso,alpine,14,64.472,64.856,,64.472
2021,9,giovinazzi,alfa,15,64.782,65.083,,64.782
2021,9,raikkonen,alfa,16,65.009,,,65.009
2021,9,ocon,alpine,17,65.051,,,65.051
2021,9,latifi,williams,18,65.195,,,65.195
2021,9,mick_schumacher,haas,19,65.42699999999999,,,65.42699999999999
2021,9,mazepin,haas,20,65.951,,,65.951
2021,10,hamilton,mercedes,1,86.786,86.023,86.134,86.023
2021,10,max_verstappen,red_bull,2,86.751,86.315,86.209,86.209
2021,10,bottas,mercedes,3,87.487,86.764,86.328,86.328
2021,10,leclerc,ferrari,4,87.051,86.919,86.828,86.828
2021,10,perez,red_bull,5,87.121,87.07300000000001,86.844,86.844
2021,10,norris,mclaren,6,87.444,87.22,86.89699999999999,86.89699999999999
2021,10,ricciardo,mclaren,7,87.32300000000001,87.125,86.899,86.899
2021,10,russell,williams,8,87.67099999999999,87.08,86.971,86.971
2021,10,sainz,ferrari,9,87.337,86.848,87.007,86.848
2021,10,vettel,aston_martin,10,87.493,87.10300000000001,87.179,87.10300000000001
2021,10,alonso,alpine,11,87.58,87.245,,87.245
2021,10,gasly,alphatauri,12,87.6,87.273,,87.273
2021,10,ocon,alpine,13,87.41499999999999,87.34,,87.34
2021,10,giovinazzi,alfa,14,87.595,87.617,,87.595
2021,10,stroll,aston_martin,15,88.017,87.66499999999999,,87.66499999999999
2021,10,tsunoda,alphatauri,16,88.043,,,88.043
2021,10,raikkonen,alfa,17,88.062,,,88.062
2021,10,latifi,williams,18,88.254,,,88.254
2021,10,mick_schumacher,haas,19,88.738,,,88.738
2021,10,mazepin,haas,20,89.051,,,89.051
2021,11,hamilton,mercedes,1,76.424,76.553,75.419,75.419
2021,11,bottas,mercedes,2,76.569,76.702,75.734,75.734
2021,11,max_verstappen,red_bull,3,76.214,75.65,75.84,75.65
2021,11,perez,red_bull,4,77.233,76.443,76.42099999999999,76.42099999999999
2021,11,gasly,alphatauri,5,76.874,76.394,76.483,76.394
2021,11,norris,mclaren,6,77.081,76.385,76.489,76.385
2021,11,leclerc,ferrari,7,77.084,76.574,76.496,76.496
2021,11,ocon,alpine,8,77.367,76.76599999999999,76.65299999999999,76.65299999999999
2021,11,alonso,alpine,9,77.123,76.541,76.715,76.541
2021,11,vettel,aston_martin,10,77.105,76.794,76.75,76.75
2021,11,ricciardo,mclaren,11,77.664,76.871,,76.871
2021,11,stroll,aston_martin,12,77.038,76.893,,76.893
2021,11,raikkonen,alfa,13,77.553,77.564,,77.553
2021,11,giovinazzi,alfa,14,77.776,77.583,,77.583
2021,11,sainz,ferrari,15,76.649,,,76.649
2021,11,tsunoda,alphatauri,16,77.919,,,77.919
2021,11,russell,williams,17,77.944,,,77.944
2021,11,latifi,williams,18,78.036,,,78.036
2021,11,mazepin,haas,19,78.922,,,78.922
2021,11,mick_schumacher,haas,20,,,,
2021,12,max_verstappen,red_bull,1,118.717,116.559,119.765,116.559
2021,12,russell,williams,2,119.864,116.95,120.086,116.95
2021,12,hamilton,mercedes,3,119.218,116.229,120.099,116.229
2021,12,ricciardo,mclaren,4,121.583,117.12700000000001,120.864,117.12700000000001
2021,12,vettel,aston_martin,5,120.175,116.814,120.935,116.814
2021,12,gasly,alphatauri,6,120.387,116.44,121.164,116.44
2021,12,perez,red_bull,7,119.334,116.886,122.112,116.886
2021,12,bottas,mercedes,8,119.87,116.295,122.502,116.295
2021,12,ocon,alpine,9,121.824,117.354,123.513,117.354
2021,12,norris,mclaren,10,118.301,116.025,,116.025
2021,12,leclerc,ferrari,11,120.728,117.721,,117.721
2021,12,latifi,williams,12,120.966,118.056,,118.056
2021,12,sainz,ferrari,13,121.184,118.137,,118.137
2021,12,alonso,alpine,14,121.653,118.205,,118.205
2021,12,stroll,aston_martin,15,121.597,118.231,,118.231
2021,12,giovinazzi,alfa,16,122.306,,,122.306
2021,12,tsunoda,alphatauri,17,122.413,,,122.413
2021,12,mick_schumacher,haas,18,123.973,,,123.973
2021,12,raikkonen,alfa,19,124.452,,,124.452
2021,12,mazepin,haas,20,124.939,,,124.939
2021,13,max_verstappen,red_bull,1,70.036,69.071,68.885,68.885
2021,13,hamilton,mercedes,2,70.114,69.726,68.923,68.923
2021,13,bottas,mercedes,3,70.219,69.769,69.222,69.222
2021,13,gasly,alphatauri,4,70.274,69.541,69.478,69.478
2021,13,leclerc,ferrari,5,69.82900000000001,69.437,69.527,69.437
2021,13,sainz,ferrari,6,70.022,69.87,69.537,69.537
2021,13,giovinazzi,alfa,7,70.05,70.033,69.59,69.59
2021,13,ocon,alpine,8,70.179,69.919,69.93299999999999,69.919
2021,13,alonso,alpine,9,70.435,70.02,69.956,69.956
2021,13,ricciardo,mclaren,10,70.255,69.865,70.166,69.865
2021,13,russell,williams,11,70.382,70.332,,70.332
2021,13,stroll,aston_martin,12,70.438,70.367,,70.367
2021,13,norris,mclaren,13,70.489,70.406,,70.406
2021,13,latifi,williams,14,70.093,71.161,,70.093
2021,13,tsunoda,alphatauri,15,70.462,71.314,,70.462
2021,13,perez,red_bull,16,70.53,,,70.53
2021,13,vettel,aston_martin,17,70.731,,,70.731
2021,13,kubica,alfa,18,71.301,,,71.301
2021,13,mick_schumacher,haas,19,71.387,,,71.387
2021,13,mazepin,haas,20,71.875,,,71.875
2021,14,bottas,mercedes,1,80.685,80.032,79.555,79.555
2021,14,hamilton,mercedes,2,80.543,79.936,79.651,79.651
2021,14,max_verstappen,red_bull,3,81.035,80.229,79.96600000000001,79.96600000000001
2021,14,norris,mclaren,4,80.916,80.059,79.989,79.989
2021,14,ricciardo,mclaren,5,81.292,80.435,79.995,79.995
2021,14,gasly,alphatauri,6,81.44,80.556,80.26,80.26
2021,14,sainz,ferrari,7,81.118,80.75,80.462,80.462
2021,14,leclerc,ferrari,8,81.219,80.767,80.51,80.51
2021,14,perez,red_bull,9,81.30799999999999,80.882,80.611,80.611
2021,14,giovinazzi,alfa,10,81.197,80.726,80.80799999999999,80.726
2021,14,vettel,aston_martin,11,81.394,80.913,,80.913
2021,14,stroll,aston_martin,12,81.41499999999999,81.02,,81.02
2021,14,alonso,alpine,13,81.487,81.069,,81.069
2021,14,ocon,alpine,14,81.5,81.10300000000001,,81.10300000000001
2021,14,russell,williams,15,81.89,81.392,,81.392
2021,14,latifi,williams,16,81.925,,,81.925
2021,14,tsunoda,alphatauri,17,81.973,,,81.973
2021,14,mick_schumacher,haas,18,82.248,,,82.248
2021,14,kubica,alfa,19,82.53,,,82.53
2021,14,mazepin,haas,20,82.71600000000001,,,82.71600000000001
2021,15,norris,mclaren,1,107.238,105.827,101.993,101.993
2021,15,sainz,ferrari,2,107.924,106.521,102.50999999999999,102.50999999999999
2021,15,russell,williams,3,108.303,106.435,102.983,102.983
2021,15,hamilton,mercedes,4,105.99199999999999,105.12899999999999,104.05,104.05
2021,15,ricciardo,mclaren,5,108.345,106.36099999999999,104.156,104.156
2021,15,alonso,alpine,6,107.87700000000001,105.51400000000001,104.20400000000001,104.20400000000001
2021,15,bottas,mercedes,7,106.396,105.306,104.71000000000001,104.71000000000001
2021,15,stroll,aston_martin,8,108.322,106.36,104.956,104.956
2021,15,perez,red_bull,9,106.455,105.834,105.337,105.337
2021,15,ocon,alpine,10,108.09899999999999,106.07,105.86500000000001,105.86500000000001
2021,15,vettel,aston_martin,11,107.205,106.57300000000001,,106.57300000000001
2021,15,gasly,alphatauri,12,107.828,106.64099999999999,,106.64099999999999
2021,15,tsunoda,alphatauri,13,108.854,106.751,,106.751
2021,15,latifi,williams,14,108.25200000000001,,,108.25200000000001
2021,15,leclerc,ferrari,15,108.47,,,108.47
2021,15,raikkonen,alfa,16,109.586,,,109.586
2021,15,mick_schumacher,haas,17,109.83,,,109.83
2021,15,giovinazzi,alfa,18,111.023,,,111.023
2021,15,mazepin,haas,19,113.76400000000001,,,113.76400000000001
2021,15,max_verstappen,red_bull,20,,,,
2021,16,hamilton,mercedes,1,84.58500000000001,83.082,82.868,82.868
2021,16,bottas,mercedes,2,85.047,83.57900000000001,82.998,82.998
2021,16,max_verstappen,red_bull,3,84.592,83.732,83.196,83.196
2021,16,leclerc,ferrari,4,84.869,84.015,83.265,83.265
2021,16,gasly,alphatauri,5,84.70400000000001,83.81700000000001,83.326,83.326
2021,16,alonso,alpine,6,85.174,83.914,83.477,83.477
2021,16,perez,red_bull,7,84.963,83.961,83.706,83.706
2021,16,norris,mclaren,8,85.138,84.642,83.95400000000001,83.95400000000001
2021,16,stroll,aston_martin,9,85.511,84.601,84.305,84.305
2021,16,tsunoda,alphatauri,10,85.40899999999999,84.054,84.368,84.054
2021,16,vettel,aston_martin,11,85.787,84.795,,84.795
2021,16,ocon,alpine,12,85.422,84.842,,84.842
2021,16,russell,williams,13,85.417,85.007,,85.007
2021,16,mick_schumacher,haas,14,85.555,85.2,,85.2
2021,16,sainz,ferrari,15,85.17699999999999,,,85.17699999999999
2021,16,ricciardo,mclaren,16,85.881,,,85.881
2021,16,latifi,williams,17,86.086,,,86.086
2021,16,giovinazzi,alfa,18,86.43,,,86.43
2021,16,raikkonen,alfa,19,87.525,,,87.525
2021,16,mazepin,haas,20,88.449,,,88.449
2021,17,max_verstappen,red_bull,1,94.352,93.464,92.91,92.91
2021,17,hamilton,mercedes,2,94.57900000000001,93.797,93.119,93.119
2021,17,perez,red_bull,3,94.369,94.178,93.134,93.134
2021,17,bottas,mercedes,4,94.59,93.959,93.475,93.475
2021,17,leclerc,ferrari,5,94.15299999999999,93.928,93.606,93.606
2021,17,sainz,ferrari,6,94.55799999999999,94.126,93.792,93.792
2021,17,ricciardo,mclaren,7,94.407,94.643,93.80799999999999,93.80799999999999
2021,17,norris,mclaren,8,94.551,93.88,93.887,93.88
2021,17,gasly,alphatauri,9,94.56700000000001,94.583,94.118,94.118
2021,17,tsunoda,alphatauri,10,95.36,95.137,94.918,94.918
2021,17,ocon,alpine,11,95.747,95.37700000000001,,95.37700000000001
2021,17,vettel,aston_martin,12,95.281,95.5,,95.281
2021,17,giovinazzi,alfa,13,95.92,95.794,,95.794
2021,17,alonso,alpine,14,95.756,104.549,,95.756
2021,17,russell,williams,15,95.74600000000001,,,95.74600000000001
2021,17,stroll,aston_martin,16,95.983,,,95.983
2021,17,latifi,williams,17,95.995,,,95.995
2021,17,raikkonen,alfa,18,96.311,,,96.311
2021,17,mick_schumacher,haas,19,96.499,,,96.499
2021,17,mazepin,haas,20,96.79599999999999,,,96.79599999999999
2021,18,bottas,mercedes,1,76.727,76.864,75.875,75.875
2021,18,hamilton,mercedes,2,77.207,76.474,76.02,76.02
2021,18,max_verstappen,red_bull,3,76.788,76.483,76.225,76.225
2021,18,perez,red_bull,4,77.003,77.055,76.342,76.342
2021,18,gasly,alphatauri,5,76.908,76.955,76.456,76.456
2021,18,sainz,ferrari,6,77.517,77.248,76.761,76.761
2021,18,ricciardo,mclaren,7,77.719,77.092,76.763,76.763
2021,18,leclerc,ferrari,8,76.748,77.03399999999999,76.837,76.748
2021,18,tsunoda,alphatauri,9,77.33,76.701,77.158,76.701
2021,18,norris,mclaren,10,77.569,77.473,96.83,77.473
2021,18,vettel,aston_martin,11,77.502,77.746,,77.502
2021,18,raikkonen,alfa,12,77.606,77.958,,77.606
2021,18,russell,williams,13,77.958,78.172,,77.958
2021,18,giovinazzi,alfa,14,77.89699999999999,78.28999999999999,,77.89699999999999
2021,18,ocon,alpine,15,78.126,78.405,,78.126
2021,18,alonso,alpine,16,78.452,,,78.452
2021,18,latifi,williams,17,78.756,,,78.756
2021,18,mick_schumacher,haas,18,78.858,,,78.858
2021,18,mazepin,haas,19,79.303,,,79.303
2021,18,stroll,aston_martin,20,80.873,,,80.873
2021,19,hamilton,mercedes,1,68.733,68.068,67.934,67.934
2021,19,max_verstappen,red_bull,2,69.32900000000001,68.499,68.372,68.372
2021,19,bottas,mercedes,3,69.03999999999999,68.426,68.469,68.426
2021,19,perez,red_bull,4,69.172,68.973,68.483,68.483
2021,19,gasly,alphatauri,5,69.347,68.903,68.777,68.777
2021,19,sainz,ferrari,6,69.04599999999999,69.031,68.826,68.826
2021,19,leclerc,ferrari,7,69.155,68.859,68.96000000000001,68.859
2021,19,norris,mclaren,8,69.365,69.03,68.98,68.98
2021,19,ricciardo,mclaren,9,69.374,69.093,69.039,69.039
2021,19,alonso,alpine,10,69.391,69.137,69.113,69.113
2021,19,ocon,alpine,11,69.43,69.189,,69.189
2021,19,vettel,aston_martin,12,69.451,69.399,,69.399
2021,19,tsunoda,alphatauri,13,69.35,69.483,,69.35
2021,19,raikkonen,alfa,14,69.598,69.503,,69.503
2021,19,giovinazzi,alfa,15,69.342,70.227,,69.342
2021,19,stroll,aston_martin,16,69.663,,,69.663
2021,19,latifi,williams,17,69.897,,,69.897
2021,19,russell,williams,18,69.953,,,69.953
2021,19,mick_schumacher,haas,19,70.32900000000001,,,70.32900000000001
2021,19,mazepin,haas,20,70.589,,,70.589
2021,20,hamilton,mercedes,1,81.901,81.682,80.827,80.827
2021,20,max_verstappen,red_bull,2,81.996,81.98400000000001,81.282,81.282
2021,20,bottas,mercedes,3,82.01599999999999,81.991,81.47800000000001,81.47800000000001
2021,20,gasly,alphatauri,4,82.535,81.72800000000001,81.64,81.64
2021,20,alonso,alpine,5,82.422,81.894,81.67,81.67
2021,20,norris,mclaren,6,82.839,82.21600000000001,81.731,81.731
2021,20,sainz,ferrari,7,82.304,82.241,81.84,81.84
2021,20,tsunoda,alphatauri,8,82.458,82.05799999999999,81.881,81.881
2021,20,ocon,alpine,9,82.565,82.012,82.02799999999999,82.012
2021,20,vettel,aston_martin,10,82.549,82.146,82.785,82.146
2021,20,perez,red_bull,11,82.398,82.346,,82.346
2021,20,stroll,aston_martin,12,82.551,82.46000000000001,,82.46000000000001
2021,20,leclerc,ferrari,13,82.742,82.463,,82.463
2021,20,ricciardo,mclaren,14,82.688,82.59700000000001,,82.59700000000001
2021,20,russell,williams,15,82.863,82.756,,82.756
2021,20,raikkonen,alfa,16,83.156,,,83.156
2021,20,latifi,williams,17,83.213,,,83.213
2021,20,giovinazzi,alfa,18,83.262,,,83.262
2021,20,mick_schumacher,haas,19,83.407,,,83.407
2021,20,mazepin,haas,20,85.85900000000001,,,85.85900000000001
2021,21,hamilton,mercedes,1,88.46600000000001,87.712,87.511,87.511
2021,21,bottas,mercedes,2,88.057,88.054,87.622,87.622
2021,21,max_verstappen,red_bull,3,88.285,87.953,87.65299999999999,87.65299999999999
2021,21,leclerc,ferrari,4,88.31,88.459,88.054,88.054
2021,21,perez,red_bull,5,88.021,87.946,88.123,87.946
2021,21,gasly,alphatauri,6,88.401,88.314,88.125,88.125
2021,21,norris,mclaren,7,88.338,88.344,88.18,88.18
2021,21,tsunoda,alphatauri,8,88.503,88.22200000000001,88.44200000000001,88.22200000000001
2021,21,ocon,alpine,9,88.752,88.574,88.64699999999999,88.574
2021,21,giovinazzi,alfa,10,88.899,88.616,88.754,88.616
2021,21,ricciardo,mclaren,11,88.21600000000001,88.668,,88.21600000000001
2021,21,raikkonen,alfa,12,88.856,88.885,,88.856
2021,21,alonso,alpine,13,88.944,88.92,,88.92
2021,21,russell,williams,14,88.926,89.054,,88.926
2021,21,sainz,ferrari,15,88.237,113.652,,88.237
2021,21,latifi,williams,16,89.17699999999999,,,89.17699999999999
2021,21,vettel,aston_martin,17,89.19800000000001,,,89.19800000000001
2021,21,stroll,aston_martin,18,89.368,,,89.368
2021,21,mick_schumacher,haas,19,89.464,,,89.464
2021,21,mazepin,haas,20,90.473,,,90.473
2021,22,max_verstappen,red_bull,1,83.322,82.8,82.10900000000001,82.10900000000001
2021,22,hamilton,mercedes,2,82.845,83.145,82.48,82.48
2021,22,norris,mclaren,3,83.553,83.256,82.931,82.931
2021,22,perez,red_bull,4,83.35,83.135,82.947,82.947
2021,22,sainz,ferrari,5,83.624,83.174,82.992,82.992
2021,22,bottas,mercedes,6,83.117,83.246,83.036,83.036
2021,22,leclerc,ferrari,7,83.467,83.202,83.122,83.122
2021,22,tsunoda,alphatauri,8,83.428,83.404,83.22,83.22
2021,22,ocon,alpine,9,83.764,83.42,83.389,83.389
2021,22,ricciardo,mclaren,10,83.82900000000001,83.44800000000001,83.40899999999999,83.40899999999999
2021,22,alonso,alpine,11,83.846,83.46000000000001,,83.46000000000001
2021,22,gasly,alphatauri,12,83.489,84.043,,83.489
2021,22,stroll,aston_martin,13,84.061,84.066,,84.061
2021,22,giovinazzi,alfa,14,84.118,84.251,,84.118
2021,22,vettel,aston_martin,15,84.225,84.305,,84.225
2021,22,latifi,williams,16,84.338,,,84.338
2021,22,russell,williams,17,84.423,,,84.423
2021,22,raikkonen,alfa,18,84.779,,,84.779
2021,22,mick_schumacher,haas,19,84.906,,,84.906
2021,22,mazepin,haas,20,85.685,,,85.685
2022,1,leclerc,ferrari,1,91.471,90.932,90.55799999999999,90.55799999999999
2022,1,max_verstappen,red_bull,2,91.785,90.757,90.681,90.681
2022,1,sainz,ferrari,3,91.56700000000001,90.787,90.687,90.687
2022,1,perez,red_bull,4,92.311,91.008,90.92099999999999,90.92099999999999
2022,1,hamilton,mercedes,5,92.285,91.048,91.238,91.048
2022,1,bottas,alfa,6,91.919,91.717,91.56,91.56
2022,1,kevin_magnussen,haas,7,91.955,91.461,91.80799999999999,91.461
2022,1,alonso,alpine,8,92.346,91.621,92.195,91.621
2022,1,russell,mercedes,9,92.269,91.252,92.21600000000001,91.252
2022,1,gasly,alphatauri,10,92.096,91.635,92.338,91.635
2022,1,ocon,alpine,11,92.041,91.782,,91.782
2022,1,mick_schumacher,haas,12,92.38,91.998,,91.998
2022,1,norris,mclaren,13,92.239,92.00800000000001,,92.00800000000001
2022,1,albon,williams,14,92.726,92.664,,92.664
2022,1,zhou,alfa,15,92.493,93.543,,92.493
2022,1,tsunoda,alphatauri,16,92.75,,,92.75
2022,1,hulkenberg,aston_martin,17,92.777,,,92.777
2022,1,ricciardo,mclaren,18,92.945,,,92.945
2022,1,stroll,aston_martin,19,93.032,,,93.032
2022,1,latifi,williams,20,93.634,,,93.634
2022,2,perez,red_bull,1,89.705,88.924,88.2,88.2
2022,2,leclerc,ferrari,2,89.039,88.78,88.225,88.225
2022,2,sainz,ferrari,3,88.855,88.686,88.402,88.402
2022,2,max_verstappen,red_bull,4,88.928,88.945,88.461,88.461
2022,2,ocon,alpine,5,90.093,89.584,89.068,89.068
2022,2,russell,mercedes,6,89.68,89.618,89.104,89.104
2022,2,alonso,alpine,7,89.97800000000001,89.295,89.14699999999999,89.14699999999999
2022,2,bottas,alfa,8,89.68299999999999,89.404,89.18299999999999,89.18299999999999
2022,2,gasly,alphatauri,9,89.89099999999999,89.418,89.254,89.254
2022,2,kevin_magnussen,haas,10,89.831,89.54599999999999,89.588,89.54599999999999
2022,2,norris,mclaren,11,89.957,89.651,,89.651
2022,2,ricciardo,mclaren,12,90.009,89.773,,89.773
2022,2,zhou,alfa,13,89.97800000000001,89.819,,89.819
2022,2,mick_schumacher,haas,14,90.167,89.92,,89.92
2022,2,stroll,aston_martin,15,90.256,91.009,,90.256
2022,2,hamilton,mercedes,16,90.343,,,90.343
2022,2,albon,williams,17,90.492,,,90.492
2022,2,hulkenberg,aston_martin,18,90.543,,,90.543
2022,2,latifi,williams,19,91.81700000000001,,,91.81700000000001
2022,2,tsunoda,alphatauri,20,,,,
2022,3,leclerc,ferrari,1,78.881,78.606,77.868,77.868
2022,3,max_verstappen,red_bull,2,78.58,78.611,78.154,78.154
2022,3,perez,red_bull,3,78.834,78.34,78.24,78.24
2022,3,norris,mclaren,4,79.28,79.066,78.703,78.703
2022,3,hamilton,mercedes,5,79.401,79.106,78.825,78.825
2022,3,russell,mercedes,6,79.405,79.076,78.93299999999999,78.93299999999999
2022,3,ricciardo,mclaren,7,79.66499999999999,79.13,79.032,79.032
2022,3,ocon,alpine,8,79.605,79.136,79.061,79.061
2022,3,sainz,ferrari,9,78.983,78.469,79.408,78.469
2022,3,alonso,alpine,10,79.19200000000001,78.815,,78.815
2022,3,gasly,alphatauri,11,79.58,79.226,,79.226
2022,3,bottas,alfa,12,79.251,79.41,,79.251
2022,3,tsunoda,alphatauri,13,79.742,79.424,,79.424
2022,3,zhou,alfa,14,79.91,80.155,,79.91
2022,3,mick_schumacher,haas,15,80.104,80.465,,80.104
2022,3,albon,williams,16,80.135,,,80.135
2022,3,kevin_magnussen,haas,17,80.254,,,80.254
2022,3,vettel,aston_martin,18,81.149,,,81.149
2022,3,latifi,williams,19,81.372,,,81.372
2022,3,stroll,aston_martin,20,,,,
2022,4,max_verstappen,red_bull,1,79.295,78.793,87.999,78.793
2022,4,leclerc,ferrari,2,78.79599999999999,79.584,88.77799999999999,78.79599999999999
2022,4,norris,mclaren,3,80.168,79.294,89.131,79.294
2022,4,kevin_magnussen,haas,4,80.14699999999999,79.902,89.164,79.902
2022,4,alonso,alpine,5,80.19800000000001,79.595,89.202,79.595
2022,4,ricciardo,mclaren,6,79.98,80.031,89.742,79.98
2022,4,perez,red_bull,7,79.773,79.29599999999999,89.80799999999999,79.29599999999999
2022,4,bottas,alfa,8,80.419,80.19200000000001,90.439,80.19200000000001
2022,4,vettel,aston_martin,9,80.364,79.957,91.062,79.957
2022,4,sainz,ferrari,10,79.305,78.99,,78.99
2022,4,russell,mercedes,11,80.383,80.757,,80.383
2022,4,mick_schumacher,haas,12,80.422,80.916,,80.422
2022,4,hamilton,mercedes,13,80.47,81.138,,80.47
2022,4,zhou,alfa,14,79.73,81.434,,79.73
2022,4,stroll,aston_martin,15,80.342,88.119,,80.342
2022,4,tsunoda,alphatauri,16,80.474,,,80.474
2022,4,gasly,alphatauri,17,80.732,,,80.732
2022,4,latifi,williams,18,81.971,,,81.971
2022,4,ocon,alpine,19,82.338,,,82.338
2022,4,albon,williams,20,,,,
2022,5,leclerc,ferrari,1,89.474,89.13,88.79599999999999,88.79599999999999
2022,5,sainz,ferrari,2,90.07900000000001,89.729,88.986,88.986
2022,5,max_verstappen,red_bull,3,89.836,89.202,88.991,88.991
2022,5,perez,red_bull,4,90.055,89.673,89.036,89.036
2022,5,bottas,alfa,5,90.845,89.751,89.475,89.475
2022,5,hamilton,mercedes,6,90.388,89.797,89.625,89.625
2022,5,gasly,alphatauri,7,90.779,90.128,89.69,89.69
2022,5,norris,mclaren,8,90.761,89.634,89.75,89.634
2022,5,tsunoda,alphatauri,9,90.485,90.031,89.932,89.932
2022,5,stroll,aston_martin,10,90.441,89.996,90.676,89.996
2022,5,alonso,alpine,11,90.407,90.16,,90.16
2022,5,russell,mercedes,12,90.49,90.173,,90.173
2022,5,vettel,aston_martin,13,90.67699999999999,90.214,,90.214
2022,5,ricciardo,mclaren,14,90.583,90.31,,90.31
2022,5,mick_schumacher,haas,15,90.645,90.423,,90.423
2022,5,kevin_magnussen,haas,16,90.975,,,90.975
2022,5,zhou,alfa,17,91.02,,,91.02
2022,5,albon,williams,18,91.26599999999999,,,91.26599999999999
2022,5,latifi,williams,19,91.325,,,91.325
2022,5,ocon,alpine,20,,,,
2022,6,leclerc,ferrari,1,79.861,79.969,78.75,78.75
2022,6,max_verstappen,red_bull,2,80.09100000000001,79.219,79.07300000000001,79.07300000000001
2022,6,sainz,ferrari,3,79.892,79.453,79.166,79.166
2022,6,russell,mercedes,4,80.218,79.47,79.393,79.393
2022,6,perez,red_bull,5,80.447,79.83,79.42,79.42
2022,6,hamilton,mercedes,6,80.252,79.794,79.512,79.512
2022,6,bottas,alfa,7,80.355,80.053,79.608,79.608
2022,6,kevin_magnussen,haas,8,80.227,79.81,79.682,79.682
2022,6,ricciardo,mclaren,9,80.549,80.287,80.297,80.287
2022,6,mick_schumacher,haas,10,80.68299999999999,80.436,80.368,80.368
2022,6,norris,mclaren,11,80.838,80.471,,80.471
2022,6,ocon,alpine,12,80.88,80.638,,80.638
2022,6,tsunoda,alphatauri,13,80.707,80.639,,80.639
2022,6,gasly,alphatauri,14,80.719,80.861,,80.719
2022,6,zhou,alfa,15,80.476,81.094,,80.476
2022,6,vettel,aston_martin,16,80.95400000000001,,,80.95400000000001
2022,6,alonso,alpine,17,81.043,,,81.043
2022,6,stroll,aston_martin,18,81.418,,,81.418
2022,6,albon,williams,19,81.645,,,81.645
2022,6,latifi,williams,20,81.91499999999999,,,81.91499999999999
2022,7,leclerc,ferrari,1,72.569,71.864,71.376,71.376
2022,7,sainz,ferrari,2,72.616,72.074,71.601,71.601
2022,7,perez,red_bull,3,73.004,71.95400000000001,71.629,71.629
2022,7,max_verstappen,red_bull,4,72.993,72.117,71.666,71.666
2022,7,norris,mclaren,5,72.92699999999999,72.266,71.849,71.849
2022,7,russell,mercedes,6,72.787,72.617,72.112,72.112
2022,7,alonso,alpine,7,73.394,72.688,72.247,72.247
2022,7,hamilton,mercedes,8,73.444,72.595,72.56,72.56
2022,7,vettel,aston_martin,9,73.313,72.613,72.732,72.613
2022,7,ocon,alpine,10,72.848,72.528,73.047,72.528
2022,7,tsunoda,alphatauri,11,73.11,72.797,,72.797
2022,7,bottas,alfa,12,73.541,72.909,,72.909
2022,7,kevin_magnussen,haas,13,73.069,72.92099999999999,,72.92099999999999
2022,7,ricciardo,mclaren,14,73.338,72.964,,72.964
2022,7,mick_schumacher,haas,15,73.469,73.081,,73.081
2022,7,albon,williams,16,73.611,,,73.611
2022,7,gasly,alphatauri,17,73.66,,,73.66
2022,7,stroll,aston_martin,18,73.678,,,73.678
2022,7,latifi,williams,19,74.403,,,74.403
2022,7,zhou,alfa,20,75.606,,,75.606
2022,8,leclerc,ferrari,1,102.86500000000001,102.04599999999999,101.35900000000001,101.35900000000001
2022,8,perez,red_bull,2,102.733,101.955,101.64099999999999,101.64099999999999
2022,8,max_verstappen,red_bull,3,102.72200000000001,102.227,101.706,101.706
2022,8,sainz,ferrari,4,102.957,102.088,101.814,101.814
2022,8,russell,mercedes,5,103.75399999999999,103.281,102.712,102.712
2022,8,gasly,alphatauri,6,103.268,103.12899999999999,102.845,102.845
2022,8,hamilton,mercedes,7,103.939,103.182,102.924,102.924
2022,8,tsunoda,alphatauri,8,103.595,103.376,103.056,103.056
2022,8,vettel,aston_martin,9,103.279,103.268,103.09100000000001,103.09100000000001
2022,8,alonso,alpine,10,104.083,103.36,103.173,103.173
2022,8,norris,mclaren,11,104.237,103.398,,103.398
2022,8,ricciardo,mclaren,12,104.437,103.574,,103.574
2022,8,ocon,alpine,13,103.90299999999999,103.58500000000001,,103.58500000000001
2022,8,zhou,alfa,14,103.777,103.78999999999999,,103.777
2022,8,bottas,alfa,15,104.47800000000001,104.444,,104.444
2022,8,kevin_magnussen,haas,16,104.643,,,104.643
2022,8,albon,williams,17,104.719,,,104.719
2022,8,latifi,williams,18,105.36699999999999,,,105.36699999999999
2022,8,stroll,aston_martin,19,105.37100000000001,,,105.37100000000001
2022,8,mick_schumacher,haas,20,105.775,,,105.775
2022,9,max_verstappen,red_bull,1,92.219,83.746,81.299,81.299
2022,9,alonso,alpine,2,92.277,84.848,81.944,81.944
2022,9,sainz,ferrari,3,92.781,85.197,82.096,82.096
2022,9,hamilton,mercedes,4,93.84100000000001,85.543,82.89099999999999,82.89099999999999
2022,9,kevin_magnussen,haas,5,92.957,86.254,82.96000000000001,82.96000000000001
2022,9,mick_schumacher,haas,6,93.707,85.684,83.356,83.356
2022,9,ocon,alpine,7,93.012,86.135,83.529,83.529
2022,9,russell,mercedes,8,93.16,84.95,83.557,83.557
2022,9,ricciardo,mclaren,9,93.636,86.375,83.749,83.749
2022,9,zhou,alfa,10,93.69200000000001,86.116,84.03,84.03
2022,9,bottas,alfa,11,93.689,86.788,,86.788
2022,9,albon,williams,12,94.047,86.858,,86.858
2022,9,perez,red_bull,13,93.929,93.12700000000001,,93.12700000000001
2022,9,norris,mclaren,14,94.066,,,94.066
2022,9,leclerc,ferrari,15,93.00800000000001,,,93.00800000000001
2022,9,gasly,alphatauri,16,94.49199999999999,,,94.49199999999999
2022,9,vettel,aston_martin,17,94.512,,,94.512
2022,9,stroll,aston_martin,18,95.532,,,95.532
2022,9,latifi,williams,19,95.66,,,95.66
2022,9,tsunoda,alphatauri,20,96.575,,,96.575
2022,10,sainz,ferrari,1,100.19,101.602,100.983,100.19
2022,10,max_verstappen,red_bull,2,99.12899999999999,100.655,101.055,99.12899999999999
2022,10,leclerc,ferrari,3,99.846,101.247,101.298,99.846
2022,10,perez,red_bull,4,100.521,102.513,101.616,100.521
2022,10,hamilton,mercedes,5,100.428,101.062,101.995,100.428
2022,10,norris,mclaren,6,101.515,101.821,102.084,101.515
2022,10,alonso,alpine,7,101.598,102.209,102.116,101.598
2022,10,russell,mercedes,8,100.02799999999999,101.725,102.161,100.02799999999999
2022,10,zhou,alfa,9,100.791,102.64,102.719,100.791
2022,10,latifi,williams,10,101.99799999999999,103.273,123.095,101.99799999999999
2022,10,gasly,alphatauri,11,101.68,103.702,,101.68
2022,10,bottas,alfa,12,101.396,104.232,,101.396
2022,10,tsunoda,alphatauri,13,101.893,104.311,,101.893
2022,10,ricciardo,mclaren,14,101.93299999999999,104.35499999999999,,101.93299999999999
2022,10,ocon,alpine,15,101.72999999999999,105.19,,101.72999999999999
2022,10,albon,williams,16,102.078,,,102.078
2022,10,kevin_magnussen,haas,17,102.15899999999999,,,102.15899999999999
2022,10,vettel,aston_martin,18,102.666,,,102.666
2022,10,mick_schumacher,haas,19,102.708,,,102.708
2022,10,stroll,aston_martin,20,103.43,,,103.43
2022,11,max_verstappen,red_bull,1,65.852,65.374,64.984,64.984
2022,11,leclerc,ferrari,2,65.419,65.287,65.013,65.013
2022,11,sainz,ferrari,3,65.66,65.576,65.066,65.066
2022,11,russell,mercedes,4,66.235,65.697,65.431,65.431
2022,11,ocon,alpine,5,66.468,65.993,65.726,65.726
2022,11,kevin_magnussen,haas,6,66.366,65.894,65.879,65.879
2022,11,mick_schumacher,haas,7,66.405,66.151,66.011,66.011
2022,11,alonso,alpine,8,66.016,66.082,66.103,66.016
2022,11,hamilton,mercedes,9,66.079,65.475,73.151,65.475
2022,11,gasly,alphatauri,10,66.589,66.16,,66.16
2022,11,albon,williams,11,66.516,66.23,,66.23
2022,11,bottas,alfa,12,66.44200000000001,66.319,,66.319
2022,11,perez,red_bull,13,66.143,66.458,,66.143
2022,11,tsunoda,alphatauri,14,66.463,66.851,,66.463
2022,11,norris,mclaren,15,66.33,85.84700000000001,,66.33
2022,11,ricciardo,mclaren,16,66.613,,,66.613
2022,11,stroll,aston_martin,17,66.847,,,66.847
2022,11,zhou,alfa,18,66.901,,,66.901
2022,11,latifi,williams,19,67.003,,,67.003
2022,11,vettel,aston_martin,20,67.083,,,67.083
2022,12,leclerc,ferrari,1,91.727,91.21600000000001,90.872,90.872
2022,12,max_verstappen,red_bull,2,91.89099999999999,91.99,91.176,91.176
2022,12,perez,red_bull,3,92.354,92.12,91.33500000000001,91.33500000000001
2022,12,hamilton,mercedes,4,93.041,92.274,91.765,91.765
2022,12,norris,mclaren,5,92.672,92.777,92.032,92.032
2022,12,russell,mercedes,6,93.10900000000001,92.63300000000001,92.131,92.131
2022,12,alonso,alpine,7,92.819,92.631,92.55199999999999,92.55199999999999
2022,12,tsunoda,alphatauri,8,93.394,92.836,92.78,92.78
2022,12,sainz,ferrari,9,92.297,91.081,,91.081
2022,12,kevin_magnussen,haas,10,92.756,92.649,,92.649
2022,12,ricciardo,mclaren,11,93.404,92.922,,92.922
2022,12,ocon,alpine,12,93.346,93.048,,93.048
2022,12,bottas,alfa,13,93.03399999999999,93.05199999999999,,93.03399999999999
2022,12,vettel,aston_martin,14,93.285,93.27600000000001,,93.27600000000001
2022,12,albon,williams,15,93.423,93.307,,93.307
2022,12,gasly,alphatauri,16,93.439,,,93.439
2022,12,stroll,aston_martin,17,93.439,,,93.439
2022,12,zhou,alfa,18,93.674,,,93.674
2022,12,mick_schumacher,haas,19,93.701,,,93.701
2022,12,latifi,williams,20,93.794,,,93.794
2022,13,russell,mercedes,1,78.407,78.154,77.377,77.377
2022,13,sainz,ferrari,2,78.434,77.946,77.42099999999999,77.42099999999999
2022,13,leclerc,ferrari,3,78.806,77.768,77.56700000000001,77.56700000000001
2022,13,norris,mclaren,4,78.65299999999999,78.121,77.769,77.769
2022,13,ocon,alpine,5,78.866,78.21600000000001,78.018,78.018
2022,13,alonso,alpine,6,78.71600000000001,77.904,78.078,77.904
2022,13,hamilton,mercedes,7,78.374,78.035,78.142,78.035
2022,13,bottas,alfa,8,78.935,78.445,78.157,78.157
2022,13,ricciardo,mclaren,9,78.775,78.19800000000001,78.379,78.19800000000001
2022,13,max_verstappen,red_bull,10,78.509,77.703,78.82300000000001,77.703
2022,13,perez,red_bull,11,79.118,78.51599999999999,,78.51599999999999
2022,13,zhou,alfa,12,78.973,78.57300000000001,,78.57300000000001
2022,13,kevin_magnussen,haas,13,78.993,78.825,,78.825
2022,13,stroll,aston_martin,14,79.205,79.137,,79.137
2022,13,mick_schumacher,haas,15,79.164,79.202,,79.164
2022,13,tsunoda,alphatauri,16,79.24,,,79.24
2022,13,albon,williams,17,79.256,,,79.256
2022,13,vettel,aston_martin,18,79.273,,,79.273
2022,13,gasly,alphatauri,19,79.527,,,79.527
2022,13,latifi,williams,20,79.57,,,79.57
2022,14,max_verstappen,red_bull,1,104.581,104.723,103.66499999999999,103.66499999999999
2022,14,sainz,ferrari,2,105.05,105.418,104.297,104.297
2022,14,perez,red_bull,3,105.37700000000001,104.794,104.462,104.462
2022,14,leclerc,ferrari,4,105.572,104.551,104.553,104.551
2022,14,ocon,alpine,5,106.039,105.475,105.18,105.18
2022,14,alonso,alpine,6,106.075,105.55199999999999,105.368,105.368
2022,14,hamilton,mercedes,7,105.73599999999999,105.42,105.503,105.42
2022,14,russell,mercedes,8,105.65,105.461,105.77600000000001,105.461
2022,14,albon,williams,9,105.672,105.675,105.837,105.672
2022,14,norris,mclaren,10,105.745,105.60300000000001,106.178,105.60300000000001
2022,14,ricciardo,mclaren,11,106.212,105.767,,105.767
2022,14,gasly,alphatauri,12,106.18299999999999,105.827,,105.827
2022,14,zhou,alfa,13,106.178,106.08500000000001,,106.08500000000001
2022,14,stroll,aston_martin,14,106.256,106.61099999999999,,106.256
2022,14,mick_schumacher,haas,15,106.342,107.718,,106.342
2022,14,vettel,aston_martin,16,106.344,,,106.344
2022,14,latifi,williams,17,106.40100000000001,,,106.40100000000001
2022,14,kevin_magnussen,haas,18,106.557,,,106.557
2022,14,tsunoda,alphatauri,19,106.69200000000001,,,106.69200000000001
2022,14,bottas,alfa,20,107.866,,,107.866
2022,15,max_verstappen,red_bull,1,71.31700000000001,70.92699999999999,70.342,70.342
2022,15,leclerc,ferrari,2,71.443,70.988,70.363,70.363
2022,15,sainz,ferrari,3,71.767,70.814,70.434,70.434
2022,15,hamilton,mercedes,4,71.331,71.075,70.648,70.648
2022,15,perez,red_bull,5,71.641,71.314,71.077,71.077
2022,15,russell,mercedes,6,71.561,70.824,71.147,70.824
2022,15,norris,mclaren,7,71.556,71.116,71.174,71.116
2022,15,mick_schumacher,haas,8,71.741,71.42,71.44200000000001,71.42
2022,15,tsunoda,alphatauri,9,71.42699999999999,71.428,72.556,71.42699999999999
2022,15,stroll,aston_martin,10,71.568,71.416,,71.416
2022,15,gasly,alphatauri,11,71.705,71.512,,71.512
2022,15,ocon,alpine,12,71.748,71.605,,71.605
2022,15,alonso,alpine,13,71.667,71.613,,71.613
2022,15,zhou,alfa,14,71.826,71.70400000000001,,71.70400000000001
2022,15,albon,williams,15,71.695,71.80199999999999,,71.695
2022,15,bottas,alfa,16,71.961,,,71.961
2022,15,ricciardo,mclaren,17,72.081,,,72.081
2022,15,kevin_magnussen,haas,18,72.319,,,72.319
2022,15,vettel,aston_martin,19,72.391,,,72.391
2022,15,latifi,williams,20,73.353,,,73.353
2022,16,leclerc,ferrari,1,81.28,81.208,80.161,80.161
2022,16,max_verstappen,red_bull,2,80.922,81.265,80.306,80.306
2022,16,sainz,ferrari,3,81.348,80.878,80.429,80.429
2022,16,perez,red_bull,4,81.495,81.358,81.206,81.206
2022,16,hamilton,mercedes,5,82.048,81.708,81.524,81.524
2022,16,russell,mercedes,6,81.785,81.747,81.542,81.542
2022,16,norris,mclaren,7,82.13,81.831,81.584,81.584
2022,16,ricciardo,mclaren,8,82.139,81.855,81.925,81.855
2022,16,gasly,alphatauri,9,82.01,82.062,82.648,82.01
2022,16,alonso,alpine,10,82.089,81.861,,81.861
2022,16,ocon,alpine,11,82.166,82.13,,82.13
2022,16,bottas,alfa,12,82.254,82.235,,82.235
2022,16,de_vries,williams,13,82.56700000000001,82.471,,82.471
2022,16,zhou,alfa,14,82.003,82.577,,82.003
2022,16,tsunoda,alphatauri,15,82.02,,,82.02
2022,16,latifi,williams,16,82.587,,,82.587
2022,16,vettel,aston_martin,17,82.636,,,82.636
2022,16,stroll,aston_martin,18,82.748,,,82.748
2022,16,kevin_magnussen,haas,19,82.908,,,82.908
2022,16,mick_schumacher,haas,20,83.005,,,83.005
2022,17,leclerc,ferrari,1,114.12899999999999,112.343,109.412,109.412
2022,17,perez,red_bull,2,114.404,112.818,109.434,109.434
2022,17,hamilton,mercedes,3,113.161,112.691,109.46600000000001,109.46600000000001
2022,17,sainz,ferrari,4,114.559,113.219,109.583,109.583
2022,17,alonso,alpine,5,115.36,113.12700000000001,109.96600000000001,109.96600000000001
2022,17,norris,mclaren,6,115.914,113.94200000000001,110.584,110.584
2022,17,gasly,alphatauri,7,115.606,113.54599999999999,111.211,111.211
2022,17,max_verstappen,red_bull,8,113.057,112.723,111.39500000000001,111.39500000000001
2022,17,kevin_magnussen,haas,9,115.10300000000001,114.006,111.57300000000001,111.57300000000001
2022,17,tsunoda,alphatauri,10,115.314,113.848,111.983,111.983
2022,17,russell,mercedes,11,114.63300000000001,114.012,,114.012
2022,17,stroll,aston_martin,12,115.62899999999999,114.211,,114.211
2022,17,mick_schumacher,haas,13,115.73599999999999,114.37,,114.37
2022,17,vettel,aston_martin,14,115.602,114.38,,114.38
2022,17,zhou,alfa,15,115.375,115.518,,115.375
2022,17,bottas,alfa,16,116.083,,,116.083
2022,17,ricciardo,mclaren,17,116.226,,,116.226
2022,17,ocon,alpine,18,116.337,,,116.337
2022,17,albon,williams,19,116.985,,,116.985
2022,17,latifi,williams,20,117.532,,,117.532
2022,18,max_verstappen,red_bull,1,90.224,90.346,89.304,89.304
2022,18,leclerc,ferrari,2,90.402,90.486,89.314,89.314
2022,18,sainz,ferrari,3,90.336,90.444,89.361,89.361
2022,18,perez,red_bull,4,90.622,89.925,89.709,89.709
2022,18,ocon,alpine,5,90.696,90.357,90.16499999999999,90.16499999999999
2022,18,hamilton,mercedes,6,90.906,90.443,90.261,90.261
2022,18,alonso,alpine,7,90.60300000000001,90.343,90.322,90.322
2022,18,russell,mercedes,8,90.865,90.465,90.389,90.389
2022,18,vettel,aston_martin,9,91.256,90.656,90.554,90.554
2022,18,norris,mclaren,10,90.881,90.473,91.003,90.473
2022,18,ricciardo,mclaren,11,90.88,90.65899999999999,,90.65899999999999
2022,18,bottas,alfa,12,91.226,90.709,,90.709
2022,18,tsunoda,alphatauri,13,91.13,90.80799999999999,,90.80799999999999
2022,18,zhou,alfa,14,90.894,90.953,,90.894
2022,18,mick_schumacher,haas,15,91.152,91.439,,91.152
2022,18,albon,williams,16,91.311,,,91.311
2022,18,gasly,alphatauri,17,91.322,,,91.322
2022,18,kevin_magnussen,haas,18,91.352,,,91.352
2022,18,stroll,aston_martin,19,91.419,,,91.419
2022,18,latifi,williams,20,91.511,,,91.511
2022,19,sainz,ferrari,1,95.297,95.59,94.356,94.356
2022,19,leclerc,ferrari,2,95.795,95.24600000000001,94.42099999999999,94.42099999999999
2022,19,max_verstappen,red_bull,3,95.864,95.294,94.44800000000001,94.44800000000001
2022,19,perez,red_bull,4,96.163,95.864,94.64500000000001,94.64500000000001
2022,19,hamilton,mercedes,5,96.148,95.732,94.947,94.947
2022,19,russell,mercedes,6,96.195,95.69200000000001,94.988,94.988
2022,19,stroll,aston_martin,7,96.86,96.032,95.598,95.598
2022,19,norris,mclaren,8,96.465,96.34100000000001,95.69,95.69
2022,19,alonso,alpine,9,96.446,95.988,95.876,95.876
2022,19,bottas,alfa,10,96.74600000000001,96.321,96.319,96.319
2022,19,albon,williams,11,96.932,96.368,,96.368
2022,19,vettel,aston_martin,12,96.695,96.398,,96.398
2022,19,gasly,alphatauri,13,96.577,96.74000000000001,,96.577
2022,19,zhou,alfa,14,96.656,96.97,,96.656
2022,19,tsunoda,alphatauri,15,96.80799999999999,97.14699999999999,,96.80799999999999
2022,19,kevin_magnussen,haas,16,96.949,,,96.949
2022,19,ricciardo,mclaren,17,97.04599999999999,,,97.04599999999999
2022,19,ocon,alpine,18,97.068,,,97.068
2022,19,mick_schumacher,haas,19,97.11099999999999,,,97.11099999999999
2022,19,latifi,williams,20,97.244,,,97.244
2022,20,max_verstappen,red_bull,1,79.22200000000001,78.566,77.775,77.775
2022,20,russell,mercedes,2,79.583,78.565,78.07900000000001,78.07900000000001
2022,20,hamilton,mercedes,3,79.169,78.55199999999999,78.084,78.084
2022,20,perez,red_bull,4,79.706,78.615,78.128,78.128
2022,20,sainz,ferrari,5,79.566,78.56,78.351,78.351
2022,20,bottas,alfa,6,79.523,78.762,78.401,78.401
2022,20,leclerc,ferrari,7,79.505,79.10900000000001,78.555,78.555
2022,20,norris,mclaren,8,79.857,79.119,78.721,78.721
2022,20,alonso,alpine,9,80.006,79.27199999999999,78.939,78.939
2022,20,ocon,alpine,10,79.945,79.081,79.01,79.01
2022,20,ricciardo,mclaren,11,80.279,79.325,,79.325
2022,20,zhou,alfa,12,80.283,79.476,,79.476
2022,20,tsunoda,alphatauri,13,79.907,79.589,,79.589
2022,20,gasly,alphatauri,14,80.256,79.672,,79.672
2022,20,kevin_magnussen,haas,15,80.293,79.833,,79.833
2022,20,mick_schumacher,haas,16,80.419,,,80.419
2022,20,vettel,aston_martin,17,80.419,,,80.419
2022,20,stroll,aston_martin,18,80.52,,,80.52
2022,20,albon,williams,19,80.85900000000001,,,80.85900000000001
2022,20,latifi,williams,20,81.167,,,81.167
2022,21,kevin_magnussen,haas,1,73.95400000000001,71.41,71.674,71.41
2022,21,max_verstappen,red_bull,2,73.625,70.881,71.877,70.881
2022,21,russell,mercedes,3,74.42699999999999,71.318,72.059,71.318
2022,21,norris,mclaren,4,73.106,71.377,72.263,71.377
2022,21,sainz,ferrari,5,74.68,70.89,72.357,70.89
2022,21,ocon,alpine,6,74.663,71.587,72.425,71.587
2022,21,alonso,alpine,7,73.542,71.394,72.504,71.394
2022,21,hamilton,mercedes,8,73.403,71.539,72.611,71.539
2022,21,perez,red_bull,9,73.613,71.456,75.601,71.456
2022,21,leclerc,ferrari,10,74.486,70.95,,70.95
2022,21,albon,williams,11,74.324,71.631,,71.631
2022,21,gasly,alphatauri,12,74.371,71.675,,71.675
2022,21,vettel,aston_martin,13,73.597,71.678,,71.678
2022,21,ricciardo,mclaren,14,74.931,72.14,,72.14
2022,21,stroll,aston_martin,15,74.398,72.21000000000001,,72.21000000000001
2022,21,latifi,williams,16,75.095,,,75.095
2022,21,zhou,alfa,17,75.197,,,75.197
2022,21,bottas,alfa,18,75.486,,,75.486
2022,21,tsunoda,alphatauri,19,76.264,,,76.264
2022,21,mick_schumacher,haas,20,76.361,,,76.361
2022,22,max_verstappen,red_bull,1,84.754,84.622,83.824,83.824
2022,22,perez,red_bull,2,84.82,84.419,84.05199999999999,84.05199999999999
2022,22,leclerc,ferrari,3,85.211,84.517,84.092,84.092
2022,22,sainz,ferrari,4,85.09,84.521,84.242,84.242
2022,22,hamilton,mercedes,5,85.594,84.774,84.508,84.508
2022,22,russell,mercedes,6,85.545,84.94,84.511,84.511
2022,22,norris,mclaren,7,85.387,84.90299999999999,84.769,84.769
2022,22,ocon,alpine,8,85.735,85.007,84.83,84.83
2022,22,vettel,aston_martin,9,85.523,84.974,84.961,84.961
2022,22,ricciardo,mclaren,10,85.76599999999999,85.068,85.045,85.045
2022,22,alonso,alpine,11,85.782,85.096,,85.096
2022,22,tsunoda,alphatauri,12,85.63,85.219,,85.219
2022,22,mick_schumacher,haas,13,85.711,85.225,,85.225
2022,22,stroll,aston_martin,14,85.741,85.35900000000001,,85.35900000000001
2022,22,zhou,alfa,15,85.594,85.408,,85.408
2022,22,kevin_magnussen,haas,16,85.834,,,85.834
2022,22,gasly,alphatauri,17,85.85900000000001,,,85.85900000000001
2022,22,bottas,alfa,18,85.892,,,85.892
2022,22,albon,williams,19,86.02799999999999,,,86.02799999999999
2022,22,latifi,williams,20,86.054,,,86.054
2023,1,max_verstappen,red_bull,1,91.295,90.503,89.708,89.708
2023,1,perez,red_bull,2,91.479,90.746,89.846,89.846
2023,1,leclerc,ferrari,3,91.094,90.282,90.0,90.0
2023,1,sainz,ferrari,4,90.993,90.515,90.154,90.154
2023,1,alonso,aston_martin,5,91.158,90.645,90.336,90.336
2023,1,russell,mercedes,6,91.057,90.507,90.34,90.34
2023,1,hamilton,mercedes,7,91.543,90.513,90.384,90.384
2023,1,stroll,aston_martin,8,91.184,91.127,90.836,90.836
2023,1,ocon,alpine,9,91.508,90.914,90.98400000000001,90.914
2023,1,hulkenberg,haas,10,91.20400000000001,90.809,,90.809
2023,1,norris,mclaren,11,91.652,91.381,,91.381
2023,1,bottas,alfa,12,91.504,91.443,,91.443
2023,1,zhou,alfa,13,91.615,91.473,,91.473
2023,1,tsunoda,alphatauri,14,91.4,92.50999999999999,,91.4
2023,1,albon,williams,15,91.461,,,91.461
2023,1,sargeant,williams,16,91.652,,,91.652
2023,1,kevin_magnussen,haas,17,91.892,,,91.892
2023,1,piastri,mclaren,18,92.101,,,92.101
2023,1,de_vries,alphatauri,19,92.12100000000001,,,92.12100000000001
2023,1,gasly,alpine,20,92.181,,,92.181
2023,2,perez,red_bull,1,89.244,88.635,88.265,88.265
2023,2,leclerc,ferrari,2,89.376,88.90299999999999,88.42,88.42
2023,2,alonso,aston_martin,3,89.298,88.757,88.73,88.73
2023,2,russell,mercedes,4,89.592,89.132,88.857,88.857
2023,2,sainz,ferrari,5,89.411,88.957,88.931,88.931
2023,2,stroll,aston_martin,6,89.33500000000001,88.962,88.945,88.945
2023,2,ocon,alpine,7,89.707,89.255,89.078,89.078
2023,2,hamilton,mercedes,8,89.689,89.374,89.223,89.223
2023,2,piastri,mclaren,9,89.706,89.378,89.243,89.243
2023,2,gasly,alpine,10,89.89,89.411,89.357,89.357
2023,2,hulkenberg,haas,11,89.547,89.451,,89.451
2023,2,zhou,alfa,12,89.654,89.461,,89.461
2023,2,kevin_magnussen,haas,13,89.744,89.634,,89.634
2023,2,bottas,alfa,14,89.929,89.668,,89.668
2023,2,max_verstappen,red_bull,15,88.761,109.953,,88.761
2023,2,tsunoda,alphatauri,16,89.939,,,89.939
2023,2,albon,williams,17,89.994,,,89.994
2023,2,de_vries,alphatauri,18,90.244,,,90.244
2023,2,norris,mclaren,19,90.447,,,90.447
2023,2,sargeant,williams,20,128.51,,,128.51
2023,3,max_verstappen,red_bull,1,77.384,77.056,76.732,76.732
2023,3,russell,mercedes,2,77.654,77.513,76.968,76.968
2023,3,hamilton,mercedes,3,77.689,77.551,77.104,77.104
2023,3,alonso,aston_martin,4,77.832,77.283,77.139,77.139
2023,3,sainz,ferrari,5,77.928,77.349,77.27,77.27
2023,3,stroll,aston_martin,6,77.873,77.616,77.30799999999999,77.30799999999999
2023,3,leclerc,ferrari,7,78.218,77.39,77.369,77.369
2023,3,albon,williams,8,77.962,77.761,77.60900000000001,77.60900000000001
2023,3,gasly,alpine,9,78.312,77.574,77.675,77.574
2023,3,hulkenberg,haas,10,78.029,77.412,77.735,77.412
2023,3,ocon,alpine,11,77.77,77.768,,77.768
2023,3,tsunoda,alphatauri,12,78.471,78.099,,78.099
2023,3,norris,mclaren,13,78.243,78.119,,78.119
2023,3,kevin_magnussen,haas,14,78.15899999999999,78.129,,78.129
2023,3,de_vries,alphatauri,15,78.45,78.33500000000001,,78.33500000000001
2023,3,piastri,mclaren,16,78.517,,,78.517
2023,3,zhou,alfa,17,78.53999999999999,,,78.53999999999999
2023,3,sargeant,williams,18,78.557,,,78.557
2023,3,bottas,alfa,19,78.714,,,78.714
2023,3,perez,red_bull,20,,,,
2023,4,leclerc,ferrari,1,101.269,101.037,100.203,100.203
2023,4,max_verstappen,red_bull,2,101.398,100.822,100.39099999999999,100.39099999999999
2023,4,perez,red_bull,3,101.756,101.131,100.495,100.495
2023,4,sainz,ferrari,4,102.197,101.369,101.01599999999999,101.01599999999999
2023,4,hamilton,mercedes,5,102.113,101.65,101.17699999999999,101.17699999999999
2023,4,alonso,aston_martin,6,101.72,101.37,101.253,101.253
2023,4,norris,mclaren,7,102.154,101.485,101.281,101.281
2023,4,tsunoda,alphatauri,8,102.23400000000001,101.569,101.581,101.569
2023,4,stroll,aston_martin,9,102.524,101.576,101.61099999999999,101.576
2023,4,piastri,mclaren,10,102.455,101.636,101.61099999999999,101.61099999999999
2023,4,russell,mercedes,11,102.07300000000001,101.654,,101.654
2023,4,ocon,alpine,12,102.622,101.798,,101.798
2023,4,albon,williams,13,102.17099999999999,101.818,,101.818
2023,4,bottas,alfa,14,102.582,102.259,,102.259
2023,4,sargeant,williams,15,102.24199999999999,102.39500000000001,,102.24199999999999
2023,4,zhou,alfa,16,102.642,,,102.642
2023,4,hulkenberg,haas,17,102.755,,,102.755
2023,4,kevin_magnussen,haas,18,103.417,,,103.417
2023,4,gasly,alpine,19,104.85300000000001,,,104.85300000000001
2023,4,de_vries,alphatauri,20,115.282,,,115.282
2023,5,perez,red_bull,1,87.713,87.328,86.84100000000001,86.84100000000001
2023,5,alonso,aston_martin,2,88.179,87.09700000000001,87.202,87.09700000000001
2023,5,sainz,ferrari,3,87.686,87.148,87.349,87.148
2023,5,kevin_magnussen,haas,4,87.809,87.673,87.767,87.673
2023,5,gasly,alpine,5,88.061,87.612,87.786,87.612
2023,5,russell,mercedes,6,88.086,87.743,87.804,87.743
2023,5,leclerc,ferrari,7,87.713,86.964,87.861,86.964
2023,5,ocon,alpine,8,87.872,87.444,87.935,87.444
2023,5,max_verstappen,red_bull,9,87.363,86.814,,86.814
2023,5,bottas,alfa,10,87.864,87.564,,87.564
2023,5,albon,williams,11,88.23400000000001,87.795,,87.795
2023,5,hulkenberg,haas,12,87.945,87.90299999999999,,87.90299999999999
2023,5,hamilton,mercedes,13,87.846,87.975,,87.846
2023,5,zhou,alfa,14,88.18,88.09100000000001,,88.09100000000001
2023,5,de_vries,alphatauri,15,88.325,88.395,,88.325
2023,5,norris,mclaren,16,88.394,,,88.394
2023,5,tsunoda,alphatauri,17,88.429,,,88.429
2023,5,stroll,aston_martin,18,88.476,,,88.476
2023,5,piastri,mclaren,19,88.48400000000001,,,88.48400000000001
2023,5,sargeant,williams,20,88.577,,,88.577
2023,6,max_verstappen,red_bull,1,72.386,71.908,71.365,71.365
2023,6,alonso,aston_martin,2,72.886,72.107,71.449,71.449
2023,6,leclerc,ferrari,3,72.912,72.103,71.471,71.471
2023,6,ocon,alpine,4,72.967,72.248,71.553,71.553
2023,6,sainz,ferrari,5,72.717,72.21000000000001,71.63,71.63
2023,6,hamilton,mercedes,6,72.872,72.156,71.725,71.725
2023,6,gasly,alpine,7,73.033,72.169,71.93299999999999,71.93299999999999
2023,6,russell,mercedes,8,72.769,72.151,71.964,71.964
2023,6,tsunoda,alphatauri,9,72.642,72.249,72.082,72.082
2023,6,norris,mclaren,10,72.877,72.377,72.254,72.254
2023,6,piastri,mclaren,11,73.006,72.395,,72.395
2023,6,de_vries,alphatauri,12,73.054,72.428,,72.428
2023,6,albon,williams,13,72.706,72.527,,72.527
2023,6,stroll,aston_martin,14,72.722,72.623,,72.623
2023,6,bottas,alfa,15,73.038,72.625,,72.625
2023,6,sargeant,williams,16,73.113,,,73.113
2023,6,kevin_magnussen,haas,17,73.27,,,73.27
2023,6,hulkenberg,haas,18,73.279,,,73.279
2023,6,zhou,alfa,19,73.523,,,73.523
2023,6,perez,red_bull,20,73.85,,,73.85
2023,7,max_verstappen,red_bull,1,73.615,72.76,72.272,72.272
2023,7,sainz,ferrari,2,73.411,72.78999999999999,72.734,72.734
2023,7,norris,mclaren,3,73.295,72.776,72.792,72.776
2023,7,gasly,alpine,4,73.471,73.186,72.816,72.816
2023,7,hamilton,mercedes,5,72.937,72.999,72.818,72.818
2023,7,stroll,aston_martin,6,73.766,73.082,72.994,72.994
2023,7,ocon,alpine,7,73.43299999999999,73.001,73.083,73.001
2023,7,hulkenberg,haas,8,73.42,73.283,73.229,73.229
2023,7,alonso,aston_martin,9,73.747,73.098,73.507,73.098
2023,7,piastri,mclaren,10,73.691,73.059,73.682,73.059
2023,7,perez,red_bull,11,73.874,73.334,,73.334
2023,7,russell,mercedes,12,73.326,73.447,,73.326
2023,7,zhou,alfa,13,73.67699999999999,73.521,,73.521
2023,7,de_vries,alphatauri,14,73.581,74.083,,73.581
2023,7,tsunoda,alphatauri,15,73.862,74.477,,73.862
2023,7,bottas,alfa,16,73.977,,,73.977
2023,7,kevin_magnussen,haas,17,74.042,,,74.042
2023,7,albon,williams,18,74.063,,,74.063
2023,7,leclerc,ferrari,19,74.07900000000001,,,74.07900000000001
2023,7,sargeant,williams,20,74.699,,,74.699
2023,8,max_verstappen,red_bull,1,80.851,79.092,85.858,79.092
2023,8,hulkenberg,haas,2,82.73,80.305,87.102,80.305
2023,8,alonso,aston_martin,3,81.481,79.776,87.286,79.776
2023,8,hamilton,mercedes,4,81.554,80.426,87.627,80.426
2023,8,russell,mercedes,5,81.798,80.098,87.893,80.098
2023,8,ocon,alpine,6,82.114,80.406,87.945,80.406
2023,8,norris,mclaren,7,81.998,79.34700000000001,88.04599999999999,79.34700000000001
2023,8,sainz,ferrari,8,82.248,79.856,89.294,79.856
2023,8,piastri,mclaren,9,82.19,79.65899999999999,91.349,79.65899999999999
2023,8,albon,williams,10,81.938,78.725,,78.725
2023,8,leclerc,ferrari,11,81.843,80.615,,80.615
2023,8,perez,red_bull,12,82.151,80.959,,80.959
2023,8,stroll,aston_martin,13,82.67699999999999,81.48400000000001,,81.48400000000001
2023,8,kevin_magnussen,haas,14,82.351,81.678,,81.678
2023,8,bottas,alfa,15,82.332,81.821,,81.821
2023,8,tsunoda,alphatauri,16,82.746,,,82.746
2023,8,gasly,alpine,17,82.886,,,82.886
2023,8,de_vries,alphatauri,18,83.137,,,83.137
2023,8,sargeant,williams,19,83.337,,,83.337
2023,8,zhou,alfa,20,83.342,,,83.342
2023,9,max_verstappen,red_bull,1,65.116,64.951,64.391,64.391
2023,9,leclerc,ferrari,2,65.577,65.087,64.439,64.439
2023,9,sainz,ferrari,3,65.339,64.975,64.581,64.581
2023,9,norris,mclaren,4,65.617,65.038,64.658,64.658
2023,9,hamilton,mercedes,5,65.673,65.188,64.819,64.819
2023,9,stroll,aston_martin,6,65.71,65.121,64.893,64.893
2023,9,alonso,aston_martin,7,65.655,65.181,64.911,64.911
2023,9,hulkenberg,haas,8,65.74,65.362,65.09,65.09
2023,9,gasly,alpine,9,65.515,65.30799999999999,65.17,65.17
2023,9,albon,williams,10,65.673,65.387,65.82300000000001,65.387
2023,9,russell,mercedes,11,65.686,65.428,,65.428
2023,9,ocon,alpine,12,65.729,65.453,,65.453
2023,9,piastri,mclaren,13,65.68299999999999,65.605,,65.605
2023,9,bottas,alfa,14,65.763,65.68,,65.68
2023,9,perez,red_bull,15,65.17699999999999,126.688,,65.17699999999999
2023,9,tsunoda,alphatauri,16,65.784,,,65.784
2023,9,zhou,alfa,17,65.818,,,65.818
2023,9,sargeant,williams,18,65.94800000000001,,,65.94800000000001
2023,9,kevin_magnussen,haas,19,65.971,,,65.971
2023,9,de_vries,alphatauri,20,65.974,,,65.974
2023,10,max_verstappen,red_bull,1,89.428,87.702,86.72,86.72
2023,10,norris,mclaren,2,88.917,88.042,86.961,86.961
2023,10,piastri,mclaren,3,89.874,87.845,87.092,87.092
2023,10,leclerc,ferrari,4,89.143,88.361,87.136,87.136
2023,10,sainz,ferrari,5,89.865,88.265,87.148,87.148
2023,10,russell,mercedes,6,89.412,88.782,87.155,87.155
2023,10,hamilton,mercedes,7,89.41499999999999,88.545,87.211,87.211
2023,10,albon,williams,8,89.46600000000001,88.06700000000001,87.53,87.53
2023,10,alonso,aston_martin,9,89.949,88.368,87.65899999999999,87.65899999999999
2023,10,gasly,alpine,10,89.533,88.751,87.689,87.689
2023,10,hulkenberg,haas,11,89.60300000000001,88.896,,88.896
2023,10,stroll,aston_martin,12,89.44800000000001,88.935,,88.935
2023,10,ocon,alpine,13,89.7,88.956,,88.956
2023,10,sargeant,williams,14,89.873,89.031,,89.031
2023,10,perez,red_bull,15,89.968,,,89.968
2023,10,bottas,alfa,15,89.798,,,89.798
2023,10,tsunoda,alphatauri,16,90.025,,,90.025
2023,10,zhou,alfa,17,90.123,,,90.123
2023,10,de_vries,alphatauri,18,90.513,,,90.513
2023,10,kevin_magnussen,haas,19,92.378,,,92.378
2023,11,hamilton,mercedes,1,78.577,77.42699999999999,76.60900000000001,76.60900000000001
2023,11,max_verstappen,red_bull,2,78.318,77.547,76.612,76.612
2023,11,norris,mclaren,3,78.697,77.328,76.694,76.694
2023,11,piastri,mclaren,4,78.464,77.571,76.905,76.905
2023,11,zhou,alfa,5,78.143,77.7,76.971,76.971
2023,11,leclerc,ferrari,6,78.44,77.58,76.992,76.992
2023,11,bottas,alfa,7,78.775,77.563,77.03399999999999,77.03399999999999
2023,11,alonso,aston_martin,8,78.58,77.701,77.035,77.035
2023,11,perez,red_bull,9,78.36,77.675,77.045,77.045
2023,11,hulkenberg,haas,10,78.695,77.652,77.186,77.186
2023,11,sainz,ferrari,11,78.393,77.703,,77.703
2023,11,ocon,alpine,12,78.854,77.84100000000001,,77.84100000000001
2023,11,ricciardo,alphatauri,13,78.906,78.002,,78.002
2023,11,stroll,aston_martin,14,78.782,78.144,,78.144
2023,11,gasly,alpine,15,78.743,78.217,,78.217
2023,11,albon,williams,16,78.917,,,78.917
2023,11,tsunoda,alphatauri,17,78.919,,,78.919
2023,11,russell,mercedes,18,79.027,,,79.027
2023,11,kevin_magnussen,haas,19,79.206,,,79.206
2023,11,sargeant,williams,20,79.248,,,79.248
2023,12,max_verstappen,red_bull,1,118.515,112.78399999999999,106.168,106.168
2023,12,leclerc,ferrari,2,118.3,112.017,106.988,106.988
2023,12,perez,red_bull,3,118.899,112.35300000000001,107.045,107.045
2023,12,hamilton,mercedes,4,118.563,112.345,107.087,107.087
2023,12,sainz,ferrari,5,118.688,111.711,107.152,107.152
2023,12,piastri,mclaren,6,118.872,111.53399999999999,107.36500000000001,107.36500000000001
2023,12,norris,mclaren,7,119.981,112.25200000000001,107.669,107.669
2023,12,russell,mercedes,8,119.035,112.60499999999999,107.805,107.805
2023,12,alonso,aston_martin,9,118.834,112.751,107.843,107.843
2023,12,stroll,aston_martin,10,119.663,112.193,108.84100000000001,108.84100000000001
2023,12,tsunoda,alphatauri,11,119.044,113.148,,113.148
2023,12,gasly,alpine,12,119.511,113.67099999999999,,113.67099999999999
2023,12,kevin_magnussen,haas,13,120.02,114.16,,114.16
2023,12,bottas,alfa,14,119.48400000000001,114.694,,114.694
2023,12,ocon,alpine,15,119.634,116.372,,116.372
2023,12,albon,williams,16,120.314,,,120.314
2023,12,zhou,alfa,17,120.832,,,120.832
2023,12,sargeant,williams,18,121.535,,,121.535
2023,12,ricciardo,alphatauri,19,122.159,,,122.159
2023,12,hulkenberg,haas,20,123.166,,,123.166
2023,13,max_verstappen,red_bull,1,80.965,78.856,70.56700000000001,70.56700000000001
2023,13,norris,mclaren,2,81.276,79.769,71.104,71.104
2023,13,russell,mercedes,3,81.345,79.62,71.294,71.294
2023,13,albon,williams,4,80.939,79.399,71.419,71.419
2023,13,alonso,aston_martin,5,81.84,79.429,71.506,71.506
2023,13,sainz,ferrari,6,81.321,79.929,71.754,71.754
2023,13,perez,red_bull,7,81.97200000000001,79.856,71.88,71.88
2023,13,piastri,mclaren,8,81.231,79.392,71.938,71.938
2023,13,leclerc,ferrari,9,82.019,79.6,72.66499999999999,72.66499999999999
2023,13,sargeant,williams,10,82.036,80.06700000000001,76.748,76.748
2023,13,stroll,aston_martin,11,81.57,80.121,,80.121
2023,13,gasly,alpine,12,81.735,80.128,,80.128
2023,13,hamilton,mercedes,13,81.919,80.151,,80.151
2023,13,tsunoda,alphatauri,14,81.781,80.23,,80.23
2023,13,hulkenberg,haas,15,81.89099999999999,80.25,,80.25
2023,13,zhou,alfa,16,82.06700000000001,,,82.06700000000001
2023,13,ocon,alpine,17,82.11,,,82.11
2023,13,kevin_magnussen,haas,18,82.19200000000001,,,82.19200000000001
2023,13,bottas,alfa,19,82.26,,,82.26
2023,13,lawson,alphatauri,20,83.42,,,83.42
2023,14,sainz,ferrari,1,81.965,80.991,80.294,80.294
2023,14,max_verstappen,red_bull,2,81.57300000000001,80.937,80.307,80.307
2023,14,leclerc,ferrari,3,81.788,80.977,80.361,80.361
2023,14,russell,mercedes,4,82.148,81.382,80.67099999999999,80.67099999999999
2023,14,perez,red_bull,5,81.911,81.24,80.688,80.688
2023,14,albon,williams,6,81.661,81.27199999999999,80.76,80.76
2023,14,piastri,mclaren,7,82.106,81.527,80.785,80.785
2023,14,hamilton,mercedes,8,81.977,81.369,80.82,80.82
2023,14,norris,mclaren,9,81.995,81.581,80.979,80.979
2023,14,alonso,aston_martin,10,82.043,81.543,81.417,81.417
2023,14,tsunoda,alphatauri,11,81.852,81.594,,81.594
2023,14,lawson,alphatauri,12,82.112,81.758,,81.758
2023,14,hulkenberg,haas,13,82.343,81.776,,81.776
2023,14,bottas,alfa,14,82.249,81.94,,81.94
2023,14,sargeant,williams,15,81.93,81.944,,81.93
2023,14,zhou,alfa,16,82.39,,,82.39
2023,14,gasly,alpine,17,82.545,,,82.545
2023,14,ocon,alpine,18,82.548,,,82.548
2023,14,kevin_magnussen,haas,19,82.592,,,82.592
2023,14,stroll,aston_martin,20,82.86,,,82.86
2023,15,sainz,ferrari,1,92.339,91.439,90.98400000000001,90.98400000000001
2023,15,russell,mercedes,2,92.331,91.743,91.056,91.056
2023,15,leclerc,ferrari,3,92.406,92.012,91.063,91.063
2023,15,norris,mclaren,4,92.483,91.951,91.27,91.27
2023,15,hamilton,mercedes,5,92.65100000000001,92.019,91.485,91.485
2023,15,kevin_magnussen,haas,6,92.24199999999999,91.892,91.575,91.575
2023,15,alonso,aston_martin,7,92.584,91.83500000000001,91.615,91.615
2023,15,ocon,alpine,8,92.369,92.089,91.673,91.673
2023,15,hulkenberg,haas,9,92.1,91.994,91.80799999999999,91.80799999999999
2023,15,lawson,alphatauri,10,92.215,92.166,92.268,92.166
2023,15,max_verstappen,red_bull,11,92.398,92.173,,92.173
2023,15,gasly,alpine,12,92.452,92.274,,92.274
2023,15,perez,red_bull,13,92.09899999999999,92.31,,92.09899999999999
2023,15,albon,williams,14,92.668,93.719,,92.668
2023,15,tsunoda,alphatauri,15,91.991,,,91.991
2023,15,bottas,alfa,16,92.809,,,92.809
2023,15,piastri,mclaren,17,92.902,,,92.902
2023,15,sargeant,williams,18,93.25200000000001,,,93.25200000000001
2023,15,zhou,alfa,19,93.25800000000001,,,93.25800000000001
2023,15,stroll,aston_martin,20,93.39699999999999,,,93.39699999999999
2023,16,max_verstappen,red_bull,1,89.878,89.964,88.877,88.877
2023,16,piastri,mclaren,2,90.439,90.122,89.458,89.458
2023,16,norris,mclaren,3,90.063,90.29599999999999,89.493,89.493
2023,16,leclerc,ferrari,4,90.393,89.94,89.542,89.542
2023,16,perez,red_bull,5,90.652,89.965,89.65,89.65
2023,16,sainz,ferrari,6,90.651,90.06700000000001,89.85,89.85
2023,16,hamilton,mercedes,7,90.811,90.03999999999999,89.908,89.908
2023,16,russell,mercedes,8,90.811,90.268,90.219,90.219
2023,16,tsunoda,alphatauri,9,90.733,90.20400000000001,90.303,90.20400000000001
2023,16,alonso,aston_martin,10,90.971,90.465,90.56,90.465
2023,16,lawson,alphatauri,11,90.425,90.508,,90.425
2023,16,gasly,alpine,12,90.843,90.509,,90.509
2023,16,albon,williams,13,90.941,90.537,,90.537
2023,16,ocon,alpine,14,90.96000000000001,90.586,,90.586
2023,16,kevin_magnussen,haas,15,90.976,90.66499999999999,,90.66499999999999
2023,16,bottas,alfa,16,91.049,,,91.049
2023,16,stroll,aston_martin,17,91.181,,,91.181
2023,16,hulkenberg,haas,18,91.299,,,91.299
2023,16,zhou,alfa,19,91.398,,,91.398
2023,16,sargeant,williams,20,,,,
2023,17,max_verstappen,red_bull,1,85.007,84.483,83.77799999999999,83.77799999999999
2023,17,russell,mercedes,2,85.334,84.827,84.219,84.219
2023,17,hamilton,mercedes,3,86.076,84.381,84.305,84.305
2023,17,alonso,aston_martin,4,85.223,85.241,84.369,84.369
2023,17,leclerc,ferrari,5,85.452,85.07900000000001,84.424,84.424
2023,17,piastri,mclaren,6,85.26599999999999,84.724,84.53999999999999,84.53999999999999
2023,17,gasly,alpine,7,85.566,84.918,84.553,84.553
2023,17,ocon,alpine,8,85.711,84.928,84.763,84.763
2023,17,bottas,alfa,9,86.038,85.297,85.05799999999999,85.05799999999999
2023,17,norris,mclaren,10,85.131,84.685,,84.685
2023,17,tsunoda,alphatauri,11,86.05799999999999,85.301,,85.301
2023,17,sainz,ferrari,12,85.80799999999999,85.328,,85.328
2023,17,perez,red_bull,13,85.991,85.462,,85.462
2023,17,albon,williams,14,86.118,85.707,,85.707
2023,17,hulkenberg,haas,15,85.904,85.783,,85.783
2023,17,sargeant,williams,16,86.21000000000001,,,86.21000000000001
2023,17,stroll,aston_martin,17,86.345,,,86.345
2023,17,lawson,alphatauri,18,86.635,,,86.635
2023,17,kevin_magnussen,haas,19,87.04599999999999,,,87.04599999999999
2023,17,zhou,alfa,20,87.432,,,87.432
2023,18,leclerc,ferrari,1,96.061,95.00399999999999,94.723,94.723
2023,18,norris,mclaren,2,95.11,95.441,94.85300000000001,94.85300000000001
2023,18,hamilton,mercedes,3,95.09100000000001,95.24000000000001,94.862,94.862
2023,18,sainz,ferrari,4,95.824,95.30199999999999,94.945,94.945
2023,18,russell,mercedes,5,96.16499999999999,95.606,95.07900000000001,95.07900000000001
2023,18,max_verstappen,red_bull,6,95.346,95.00800000000001,95.081,95.00800000000001
2023,18,gasly,alpine,7,96.158,95.49600000000001,95.089,95.089
2023,18,ocon,alpine,8,96.131,95.413,95.154,95.154
2023,18,perez,red_bull,9,95.989,95.679,95.173,95.173
2023,18,piastri,mclaren,10,96.064,95.576,95.467,95.467
2023,18,tsunoda,alphatauri,11,95.913,95.697,,95.697
2023,18,zhou,alfa,12,96.05199999999999,95.69800000000001,,95.69800000000001
2023,18,bottas,alfa,13,96.082,95.858,,95.858
2023,18,kevin_magnussen,haas,14,96.009,95.88,,95.88
2023,18,ricciardo,alphatauri,15,96.213,95.97399999999999,,95.97399999999999
2023,18,hulkenberg,haas,16,96.235,,,96.235
2023,18,alonso,aston_martin,17,96.268,,,96.268
2023,18,albon,williams,18,96.315,,,96.315
2023,18,stroll,aston_martin,19,96.589,,,96.589
2023,18,sargeant,williams,20,96.827,,,96.827
2023,19,leclerc,ferrari,1,78.401,77.901,77.166,77.166
2023,19,sainz,ferrari,2,78.755,78.382,77.233,77.233
2023,19,max_verstappen,red_bull,3,78.099,77.625,77.263,77.263
2023,19,ricciardo,alphatauri,4,78.34100000000001,77.706,77.382,77.382
2023,19,perez,red_bull,5,78.553,78.124,77.423,77.423
2023,19,hamilton,mercedes,6,78.67699999999999,77.571,77.45400000000001,77.45400000000001
2023,19,piastri,mclaren,7,78.241,77.874,77.623,77.623
2023,19,russell,mercedes,8,78.893,77.673,77.674,77.673
2023,19,bottas,alfa,9,78.429,78.01599999999999,78.032,78.01599999999999
2023,19,zhou,alfa,10,79.01599999999999,78.44,78.05,78.05
2023,19,gasly,alpine,11,78.945,78.521,,78.521
2023,19,hulkenberg,haas,12,78.969,78.524,,78.524
2023,19,alonso,aston_martin,13,78.848,78.738,,78.738
2023,19,albon,williams,14,78.828,79.14699999999999,,78.828
2023,19,tsunoda,alphatauri,15,78.89,,,78.89
2023,19,ocon,alpine,16,79.08,,,79.08
2023,19,kevin_magnussen,haas,17,79.163,,,79.163
2023,19,stroll,aston_martin,18,79.227,,,79.227
2023,19,norris,mclaren,19,81.554,,,81.554
2023,19,sargeant,williams,20,,,,
2023,20,max_verstappen,red_bull,1,70.436,70.162,70.727,70.162
2023,20,leclerc,ferrari,2,70.472,70.303,71.021,70.303
2023,20,stroll,aston_martin,3,70.551,70.375,71.344,70.375
2023,20,alonso,aston_martin,4,70.557,70.237,71.387,70.237
2023,20,hamilton,mercedes,5,70.604,70.266,71.469,70.266
2023,20,russell,mercedes,6,70.34,70.316,71.59,70.316
2023,20,norris,mclaren,7,70.623,70.021,71.987,70.021
2023,20,sainz,ferrari,8,70.624,70.254,71.989,70.254
2023,20,perez,red_bull,9,70.668,70.219,72.321,70.219
2023,20,piastri,mclaren,10,70.519,70.33,,70.33
2023,20,hulkenberg,haas,11,70.475,70.547,,70.475
2023,20,ocon,alpine,12,70.763,70.562,,70.562
2023,20,gasly,alpine,13,70.793,70.56700000000001,,70.56700000000001
2023,20,kevin_magnussen,haas,14,70.602,70.723,,70.602
2023,20,albon,williams,15,70.621,70.84,,70.621
2023,20,tsunoda,alphatauri,16,70.837,,,70.837
2023,20,ricciardo,alphatauri,17,70.843,,,70.843
2023,20,bottas,alfa,18,70.955,,,70.955
2023,20,sargeant,williams,19,71.035,,,71.035
2023,20,zhou,alfa,20,71.275,,,71.275
2023,21,leclerc,ferrari,1,93.61699999999999,92.775,92.726,92.726
2023,21,sainz,ferrari,2,93.851,93.338,92.77000000000001,92.77000000000001
2023,21,max_verstappen,red_bull,3,94.19,93.572,93.104,93.104
2023,21,russell,mercedes,4,94.137,93.351,93.112,93.112
2023,21,gasly,alpine,5,94.27199999999999,93.494,93.239,93.239
2023,21,albon,williams,6,94.634,93.588,93.32300000000001,93.32300000000001
2023,21,sargeant,williams,7,94.525,93.733,93.513,93.513
2023,21,bottas,alfa,8,94.305,93.809,93.525,93.525
2023,21,kevin_magnussen,haas,9,94.337,93.664,93.537,93.537
2023,21,alonso,aston_martin,10,94.422,93.61699999999999,93.555,93.555
2023,21,hamilton,mercedes,11,94.307,93.837,,93.837
2023,21,perez,red_bull,12,94.574,93.85499999999999,,93.85499999999999
2023,21,hulkenberg,haas,13,94.265,93.979,,93.979
2023,21,stroll,aston_martin,14,94.50399999999999,94.199,,94.199
2023,21,ricciardo,alphatauri,15,94.68299999999999,94.30799999999999,,94.30799999999999
2023,21,norris,mclaren,16,94.703,,,94.703
2023,21,ocon,alpine,17,94.834,,,94.834
2023,21,zhou,alfa,18,94.84899999999999,,,94.84899999999999
2023,21,piastri,mclaren,19,94.85,,,94.85
2023,21,tsunoda,alphatauri,20,96.447,,,96.447
2023,22,max_verstappen,red_bull,1,84.16,83.74,83.445,83.445
2023,22,leclerc,ferrari,2,84.459,83.969,83.584,83.584
2023,22,piastri,mclaren,3,84.487,84.27799999999999,83.782,83.782
2023,22,russell,mercedes,4,84.337,84.013,83.788,83.788
2023,22,norris,mclaren,5,84.368,83.92,83.816,83.816
2023,22,tsunoda,alphatauri,6,84.286,84.207,83.968,83.968
2023,22,alonso,aston_martin,7,84.501,84.131,84.084,84.084
2023,22,hulkenberg,haas,8,84.425,84.213,84.108,84.108
2023,22,perez,red_bull,9,84.209,84.116,84.17099999999999,84.116
2023,22,gasly,alpine,10,84.6,84.078,84.548,84.078
2023,22,hamilton,mercedes,11,84.437,84.35900000000001,,84.35900000000001
2023,22,ocon,alpine,12,84.565,84.39099999999999,,84.39099999999999
2023,22,stroll,aston_martin,13,84.405,84.422,,84.405
2023,22,albon,williams,14,84.298,84.439,,84.298
2023,22,ricciardo,alphatauri,15,84.461,84.44200000000001,,84.44200000000001
2023,22,sainz,ferrari,16,84.738,,,84.738
2023,22,kevin_magnussen,haas,17,84.764,,,84.764
2023,22,bottas,alfa,18,84.788,,,84.788
2023,22,zhou,alfa,19,85.15899999999999,,,85.15899999999999
2023,22,sargeant,williams,20,,,,
2024,1,max_verstappen,red_bull,1,90.031,89.374,89.179,89.179
2024,1,leclerc,ferrari,2,90.243,89.16499999999999,89.407,89.16499999999999
2024,1,russell,mercedes,3,90.35,89.922,89.485,89.485
2024,1,sainz,ferrari,4,89.90899999999999,89.57300000000001,89.507,89.507
2024,1,perez,red_bull,5,90.221,89.932,89.537,89.537
2024,1,alonso,aston_martin,6,90.179,89.801,89.542,89.542
2024,1,norris,mclaren,7,90.143,89.941,89.614,89.614
2024,1,piastri,mclaren,8,90.531,90.122,89.68299999999999,89.68299999999999
2024,1,hamilton,mercedes,9,90.451,89.718,89.71000000000001,89.71000000000001
2024,1,hulkenberg,haas,10,90.566,89.851,90.502,89.851
2024,1,tsunoda,rb,11,90.481,90.129,,90.129
2024,1,stroll,aston_martin,12,89.965,90.2,,89.965
2024,1,albon,williams,13,90.39699999999999,90.221,,90.221
2024,1,ricciardo,rb,14,90.562,90.27799999999999,,90.27799999999999
2024,1,kevin_magnussen,haas,15,90.646,90.529,,90.529
2024,1,bottas,sauber,16,90.756,,,90.756
2024,1,zhou,sauber,17,90.757,,,90.757
2024,1,sargeant,williams,18,90.77,,,90.77
2024,1,ocon,alpine,19,90.793,,,90.793
2024,1,gasly,alpine,20,90.94800000000001,,,90.94800000000001
2024,2,max_verstappen,red_bull,1,88.17099999999999,88.033,87.47200000000001,87.47200000000001
2024,2,leclerc,ferrari,2,88.318,88.112,87.791,87.791
2024,2,perez,red_bull,3,88.638,88.467,87.807,87.807
2024,2,alonso,aston_martin,4,88.706,88.122,87.846,87.846
2024,2,piastri,mclaren,5,88.755,88.343,88.089,88.089
2024,2,norris,mclaren,6,88.805,88.479,88.132,88.132
2024,2,russell,mercedes,7,88.749,88.44800000000001,88.316,88.316
2024,2,hamilton,mercedes,8,88.994,88.606,88.46000000000001,88.46000000000001
2024,2,tsunoda,rb,9,88.988,88.564,88.547,88.547
2024,2,stroll,aston_martin,10,88.25,88.578,88.572,88.25
2024,2,bearman,ferrari,11,88.98400000000001,88.642,,88.642
2024,2,albon,williams,12,89.107,88.98,,88.98
2024,2,kevin_magnussen,haas,13,89.069,89.02,,89.02
2024,2,ricciardo,rb,14,89.065,89.025,,89.025
2024,2,hulkenberg,haas,15,89.055,,,89.055
2024,2,bottas,sauber,16,89.179,,,89.179
2024,2,ocon,alpine,17,89.475,,,89.475
2024,2,gasly,alpine,18,89.479,,,89.479
2024,2,sargeant,williams,19,89.526,,,89.526
2024,2,zhou,sauber,20,,,,
2024,3,max_verstappen,red_bull,1,76.819,76.387,75.91499999999999,75.91499999999999
2024,3,sainz,ferrari,2,76.731,76.189,76.185,76.185
2024,3,perez,red_bull,3,76.805,76.631,76.274,76.274
2024,3,norris,mclaren,4,77.43,76.75,76.315,76.315
2024,3,leclerc,ferrari,5,76.98400000000001,76.304,76.435,76.304
2024,3,piastri,mclaren,6,77.369,76.601,76.572,76.572
2024,3,russell,mercedes,7,77.062,76.901,76.724,76.724
2024,3,tsunoda,rb,8,77.356,76.791,76.788,76.788
2024,3,stroll,aston_martin,9,77.376,76.78,77.072,76.78
2024,3,alonso,aston_martin,10,76.991,76.71000000000001,77.55199999999999,76.71000000000001
2024,3,hamilton,mercedes,11,77.499,76.96000000000001,,76.96000000000001
2024,3,albon,williams,12,77.13,77.167,,77.13
2024,3,bottas,sauber,13,77.543,77.34,,77.34
2024,3,kevin_magnussen,haas,14,77.709,77.42699999999999,,77.42699999999999
2024,3,ocon,alpine,15,77.617,77.697,,77.617
2024,3,hulkenberg,haas,16,77.976,,,77.976
2024,3,gasly,alpine,17,77.982,,,77.982
2024,3,ricciardo,rb,18,78.08500000000001,,,78.08500000000001
2024,3,zhou,sauber,19,78.188,,,78.188
2024,4,max_verstappen,red_bull,1,88.866,88.74,88.197,88.197
2024,4,perez,red_bull,2,89.303,88.752,88.263,88.263
2024,4,norris,mclaren,3,89.536,88.94,88.489,88.489
2024,4,sainz,ferrari,4,89.513,89.099,88.682,88.682
2024,4,alonso,aston_martin,5,89.254,89.082,88.686,88.686
2024,4,piastri,mclaren,6,89.425,89.148,88.76,88.76
2024,4,hamilton,mercedes,7,89.661,88.887,88.76599999999999,88.76599999999999
2024,4,leclerc,ferrari,8,89.338,89.196,88.786,88.786
2024,4,russell,mercedes,9,89.799,89.14,89.008,89.008
2024,4,tsunoda,rb,10,89.775,89.417,89.413,89.413
2024,4,ricciardo,rb,11,89.727,89.47200000000001,,89.47200000000001
2024,4,hulkenberg,haas,12,89.821,89.494,,89.494
2024,4,bottas,sauber,13,89.602,89.593,,89.593
2024,4,albon,williams,14,89.963,89.714,,89.714
2024,4,ocon,alpine,15,89.811,89.816,,89.811
2024,4,stroll,aston_martin,16,90.024,,,90.024
2024,4,gasly,alpine,17,90.119,,,90.119
2024,4,kevin_magnussen,haas,18,90.131,,,90.131
2024,4,sargeant,williams,19,90.139,,,90.139
2024,4,zhou,sauber,20,90.143,,,90.143
2024,5,max_verstappen,red_bull,1,94.74199999999999,93.794,93.66,93.66
2024,5,perez,red_bull,2,95.457,94.02600000000001,93.982,93.982
2024,5,alonso,aston_martin,3,95.116,94.652,94.148,94.148
2024,5,norris,mclaren,4,94.842,94.46000000000001,94.16499999999999,94.16499999999999
2024,5,piastri,mclaren,5,95.01400000000001,94.65899999999999,94.273,94.273
2024,5,leclerc,ferrari,6,94.797,94.399,94.289,94.289
2024,5,sainz,ferrari,7,94.97,94.368,94.297,94.297
2024,5,russell,mercedes,8,95.084,94.60900000000001,94.43299999999999,94.43299999999999
2024,5,hulkenberg,haas,9,95.068,94.667,94.604,94.604
2024,5,bottas,sauber,10,95.169,94.769,94.66499999999999,94.66499999999999
2024,5,stroll,aston_martin,11,95.334,94.838,,94.838
2024,5,ricciardo,rb,12,95.443,94.934,,94.934
2024,5,ocon,alpine,13,95.356,95.223,,95.223
2024,5,albon,williams,14,95.384,95.241,,95.241
2024,5,gasly,alpine,15,95.287,95.463,,95.287
2024,5,zhou,sauber,16,95.505,,,95.505
2024,5,kevin_magnussen,haas,17,95.51599999999999,,,95.51599999999999
2024,5,hamilton,mercedes,18,95.57300000000001,,,95.57300000000001
2024,5,tsunoda,rb,19,95.74600000000001,,,95.74600000000001
2024,5,sargeant,williams,20,96.358,,,96.358
2024,6,max_verstappen,red_bull,1,87.689,87.566,87.241,87.241
2024,6,leclerc,ferrari,2,88.081,87.533,87.382,87.382
2024,6,sainz,ferrari,3,87.937,87.941,87.455,87.455
2024,6,perez,red_bull,4,87.77199999999999,87.839,87.46000000000001,87.46000000000001
2024,6,norris,mclaren,5,87.913,87.871,87.594,87.594
2024,6,piastri,mclaren,6,88.032,87.721,87.675,87.675
2024,6,russell,mercedes,7,88.15899999999999,88.095,88.06700000000001,88.06700000000001
2024,6,hamilton,mercedes,8,88.167,87.697,88.107,87.697
2024,6,hulkenberg,haas,9,88.383,88.2,88.146,88.146
2024,6,tsunoda,rb,10,88.324,88.167,88.19200000000001,88.167
2024,6,stroll,aston_martin,11,88.17699999999999,88.22200000000001,,88.17699999999999
2024,6,gasly,alpine,12,87.976,88.324,,87.976
2024,6,ocon,alpine,13,88.209,88.371,,88.209
2024,6,albon,williams,14,88.343,88.413,,88.343
2024,6,alonso,aston_martin,15,88.453,88.42699999999999,,88.42699999999999
2024,6,bottas,sauber,16,88.463,,,88.463
2024,6,sargeant,williams,17,88.487,,,88.487
2024,6,ricciardo,rb,18,88.617,,,88.617
2024,6,kevin_magnussen,haas,19,88.619,,,88.619
2024,6,zhou,sauber,20,88.824,,,88.824
2024,7,max_verstappen,red_bull,1,75.762,75.176,74.746,74.746
2024,7,piastri,mclaren,2,75.94,75.407,74.82,74.82
2024,7,norris,mclaren,3,75.91499999999999,75.371,74.837,74.837
2024,7,leclerc,ferrari,4,75.82300000000001,75.328,74.97,74.97
2024,7,sainz,ferrari,5,76.015,75.512,75.233,75.233
2024,7,russell,mercedes,6,76.107,75.67099999999999,75.234,75.234
2024,7,tsunoda,rb,7,75.894,75.358,75.465,75.358
2024,7,hamilton,mercedes,8,76.604,75.67699999999999,75.504,75.504
2024,7,ricciardo,rb,9,76.06,75.691,75.674,75.674
2024,7,hulkenberg,haas,10,75.841,75.569,75.98,75.569
2024,7,perez,red_bull,11,76.404,75.706,,75.706
2024,7,ocon,alpine,12,76.361,75.906,,75.906
2024,7,stroll,aston_martin,13,76.458,75.992,,75.992
2024,7,albon,williams,14,76.524,76.2,,76.2
2024,7,gasly,alpine,15,76.015,76.381,,76.015
2024,7,bottas,sauber,16,76.626,,,76.626
2024,7,zhou,sauber,17,76.834,,,76.834
2024,7,kevin_magnussen,haas,18,76.854,,,76.854
2024,7,alonso,aston_martin,19,76.917,,,76.917
2024,7,sargeant,williams,20,,,,
2024,8,leclerc,ferrari,1,71.584,70.825,70.27,70.27
2024,8,piastri,mclaren,2,71.5,70.756,70.424,70.424
2024,8,sainz,ferrari,3,71.543,71.075,70.518,70.518
2024,8,norris,mclaren,4,71.76,70.732,70.542,70.542
2024,8,russell,mercedes,5,71.492,70.929,70.543,70.543
2024,8,max_verstappen,red_bull,6,71.711,70.745,70.56700000000001,70.56700000000001
2024,8,hamilton,mercedes,7,71.528,71.056,70.621,70.621
2024,8,tsunoda,rb,8,71.852,71.106,70.858,70.858
2024,8,albon,williams,9,71.623,71.216,70.94800000000001,70.94800000000001
2024,8,gasly,alpine,10,71.714,70.896,71.311,70.896
2024,8,ocon,alpine,11,71.887,71.285,,71.285
2024,8,ricciardo,rb,12,71.785,71.482,,71.482
2024,8,stroll,aston_martin,13,71.728,71.563,,71.563
2024,8,alonso,aston_martin,14,72.019,,,72.019
2024,8,hulkenberg,haas,14,71.876,71.44,,71.44
2024,8,sargeant,williams,15,72.02,,,72.02
2024,8,kevin_magnussen,haas,15,71.832,71.725,,71.725
2024,8,perez,red_bull,16,72.06,,,72.06
2024,8,bottas,sauber,17,72.512,,,72.512
2024,8,zhou,sauber,18,73.028,,,73.028
2024,9,russell,mercedes,1,73.013,71.742,72.0,71.742
2024,9,max_verstappen,red_bull,2,72.36,72.549,72.0,72.0
2024,9,norris,mclaren,3,72.959,72.201,72.021,72.021
2024,9,piastri,mclaren,4,72.907,72.462,72.103,72.103
2024,9,ricciardo,rb,5,73.24,72.572,72.178,72.178
2024,9,alonso,aston_martin,6,73.117,72.635,72.228,72.228
2024,9,hamilton,mercedes,7,72.851,71.979,72.28,71.979
2024,9,tsunoda,rb,8,72.748,72.303,72.414,72.303
2024,9,stroll,aston_martin,9,73.088,72.659,72.701,72.659
2024,9,albon,williams,10,72.896,72.485,72.79599999999999,72.485
2024,9,leclerc,ferrari,11,73.107,72.691,,72.691
2024,9,sainz,ferrari,12,73.038,72.728,,72.728
2024,9,sargeant,williams,13,73.063,72.736,,72.736
2024,9,kevin_magnussen,haas,14,73.217,72.916,,72.916
2024,9,gasly,alpine,15,73.289,72.94,,72.94
2024,9,perez,red_bull,16,73.326,,,73.326
2024,9,bottas,sauber,17,73.366,,,73.366
2024,9,ocon,alpine,18,73.435,,,73.435
2024,9,hulkenberg,haas,19,73.978,,,73.978
2024,9,zhou,sauber,20,74.292,,,74.292
2024,10,norris,mclaren,1,72.386,71.872,71.383,71.383
2024,10,max_verstappen,red_bull,2,72.306,71.653,71.403,71.403
2024,10,hamilton,mercedes,3,72.143,71.792,71.701,71.701
2024,10,russell,mercedes,4,72.456,71.812,71.703,71.703
2024,10,leclerc,ferrari,5,72.257,72.038,71.731,71.731
2024,10,sainz,ferrari,6,72.403,71.874,71.736,71.736
2024,10,gasly,alpine,7,72.651,72.07900000000001,71.857,71.857
2024,10,perez,red_bull,8,72.477,72.054,72.061,72.054
2024,10,ocon,alpine,9,72.691,72.109,72.125,72.109
2024,10,piastri,mclaren,10,72.46000000000001,72.011,,72.011
2024,10,alonso,aston_martin,11,72.505,72.128,,72.128
2024,10,bottas,sauber,12,72.758,72.227,,72.227
2024,10,hulkenberg,haas,13,72.708,72.31,,72.31
2024,10,stroll,aston_martin,14,72.881,72.372,,72.372
2024,10,zhou,sauber,15,72.88,72.738,,72.738
2024,10,kevin_magnussen,haas,16,72.937,,,72.937
2024,10,tsunoda,rb,17,72.985,,,72.985
2024,10,ricciardo,rb,18,73.075,,,73.075
2024,10,albon,williams,19,73.153,,,73.153
2024,10,sargeant,williams,20,73.509,,,73.509
2024,11,sainz,ferrari,4,65.263,65.016,64.851,64.851
2024,11,max_verstappen,red_bull,1,65.336,64.469,64.314,64.314
2024,11,norris,mclaren,2,65.45,65.103,64.718,64.718
2024,11,russell,mercedes,3,65.585,65.016,64.84,64.84
2024,11,hamilton,mercedes,5,65.541,65.053,64.903,64.903
2024,11,leclerc,ferrari,6,65.509,65.104,65.044,65.044
2024,11,piastri,mclaren,7,65.311,65.07,65.048,65.048
2024,11,perez,red_bull,8,65.587,65.144,65.202,65.144
2024,11,hulkenberg,haas,9,65.596,65.262,65.385,65.262
2024,11,ocon,alpine,10,65.574,65.274,65.883,65.274
2024,11,ricciardo,rb,11,65.569,65.289,,65.289
2024,11,kevin_magnussen,haas,12,65.508,65.347,,65.347
2024,11,gasly,alpine,13,65.598,65.359,,65.359
2024,11,tsunoda,rb,14,65.563,65.412,,65.412
2024,11,alonso,aston_martin,15,65.656,65.639,,65.639
2024,11,albon,williams,16,65.736,,,65.736
2024,11,stroll,aston_martin,17,65.819,,,65.819
2024,11,bottas,sauber,18,65.847,,,65.847
2024,11,sargeant,williams,19,65.856,,,65.856
2024,11,zhou,sauber,20,66.061,,,66.061
2024,12,russell,mercedes,1,90.106,86.723,85.819,85.819
2024,12,hamilton,mercedes,2,89.547,86.77,85.99,85.99
2024,12,norris,mclaren,3,91.596,86.559,86.03,86.03
2024,12,max_verstappen,red_bull,4,91.342,86.79599999999999,86.203,86.203
2024,12,piastri,mclaren,5,90.895,86.733,86.237,86.237
2024,12,hulkenberg,haas,6,91.929,86.84700000000001,86.338,86.338
2024,12,sainz,ferrari,7,90.557,86.843,86.509,86.509
2024,12,stroll,aston_martin,8,91.41,86.938,86.58500000000001,86.58500000000001
2024,12,albon,williams,9,91.135,86.93299999999999,86.64,86.64
2024,12,alonso,aston_martin,10,91.264,86.73,86.917,86.73
2024,12,leclerc,ferrari,11,90.496,87.09700000000001,,87.09700000000001
2024,12,sargeant,williams,12,91.608,87.175,,87.175
2024,12,tsunoda,rb,13,90.994,87.269,,87.269
2024,12,zhou,sauber,14,91.19,87.867,,87.867
2024,12,ricciardo,rb,15,91.291,87.949,,87.949
2024,12,bottas,sauber,16,92.431,,,92.431
2024,12,kevin_magnussen,haas,17,92.905,,,92.905
2024,12,ocon,alpine,18,94.557,,,94.557
2024,12,perez,red_bull,19,98.348,,,98.348
2024,12,gasly,alpine,20,99.804,,,99.804
2024,13,norris,mclaren,1,77.755,75.53999999999999,75.227,75.227
2024,13,piastri,mclaren,2,77.504,75.785,75.249,75.249
2024,13,max_verstappen,red_bull,3,77.087,75.77,75.273,75.273
2024,13,sainz,ferrari,4,77.244,75.885,75.696,75.696
2024,13,hamilton,mercedes,5,77.087,76.307,75.854,75.854
2024,13,leclerc,ferrari,6,77.437,75.891,75.905,75.891
2024,13,alonso,aston_martin,7,77.624,76.117,76.043,76.043
2024,13,stroll,aston_martin,8,77.405,76.075,76.244,76.075
2024,13,ricciardo,rb,9,77.05,76.202,76.447,76.202
2024,13,tsunoda,rb,10,77.436,76.121,76.477,76.121
2024,13,hulkenberg,haas,11,77.362,76.31700000000001,,76.31700000000001
2024,13,bottas,sauber,12,77.487,76.384,,76.384
2024,13,albon,williams,13,77.28,76.429,,76.429
2024,13,sargeant,williams,14,77.77,76.543,,76.543
2024,13,kevin_magnussen,haas,15,77.851,76.548,,76.548
2024,13,perez,red_bull,16,77.886,,,77.886
2024,13,russell,mercedes,17,77.968,,,77.968
2024,13,zhou,sauber,18,78.037,,,78.037
2024,13,ocon,alpine,19,78.049,,,78.049
2024,13,gasly,alpine,20,78.166,,,78.166
2024,14,max_verstappen,red_bull,1,114.938,113.837,113.15899999999999,113.15899999999999
2024,14,leclerc,ferrari,2,115.34899999999999,114.193,113.75399999999999,113.75399999999999
2024,14,perez,red_bull,3,115.13900000000001,114.47,113.765,113.765
2024,14,hamilton,mercedes,4,115.69200000000001,114.037,113.83500000000001,113.83500000000001
2024,14,norris,mclaren,5,115.582,114.358,113.981,113.981
2024,14,piastri,mclaren,6,114.83500000000001,114.136,114.027,114.027
2024,14,russell,mercedes,7,115.35300000000001,114.095,114.184,114.095
2024,14,sainz,ferrari,8,115.169,114.112,114.477,114.112
2024,14,alonso,aston_martin,9,115.489,114.25800000000001,114.765,114.25800000000001
2024,14,ocon,alpine,10,115.417,114.46000000000001,114.81,114.46000000000001
2024,14,albon,williams,11,115.72200000000001,114.473,,114.473
2024,14,gasly,alpine,12,114.911,114.63499999999999,,114.63499999999999
2024,14,ricciardo,rb,13,115.451,114.682,,114.682
2024,14,bottas,sauber,14,115.531,114.76400000000001,,114.76400000000001
2024,14,stroll,aston_martin,15,116.072,115.71600000000001,,115.71600000000001
2024,14,hulkenberg,haas,16,116.30799999999999,,,116.30799999999999
2024,14,kevin_magnussen,haas,17,116.5,,,116.5
2024,14,tsunoda,rb,18,116.593,,,116.593
2024,14,sargeant,williams,19,117.22999999999999,,,117.22999999999999
2024,14,zhou,sauber,20,117.775,,,117.775
2024,15,norris,mclaren,1,71.377,70.496,69.673,69.673
2024,15,max_verstappen,red_bull,2,71.393,70.811,70.029,70.029
2024,15,piastri,mclaren,3,71.541,70.505,70.172,70.172
2024,15,russell,mercedes,4,71.049,70.55199999999999,70.244,70.244
2024,15,perez,red_bull,5,71.006,70.678,70.416,70.416
2024,15,leclerc,ferrari,6,71.37,70.689,70.582,70.582
2024,15,alonso,aston_martin,7,71.493,70.845,70.633,70.633
2024,15,stroll,aston_martin,8,71.518,70.661,70.857,70.661
2024,15,gasly,alpine,9,71.718,70.815,70.977,70.815
2024,15,sainz,ferrari,10,71.327,70.914,,70.914
2024,15,albon,williams,10,,70.768,70.653,70.653
2024,15,hamilton,mercedes,11,71.375,70.94800000000001,,70.94800000000001
2024,15,tsunoda,rb,12,71.603,70.955,,70.955
2024,15,hulkenberg,haas,13,71.832,71.215,,71.215
2024,15,kevin_magnussen,haas,14,71.63,71.295,,71.295
2024,15,ricciardo,rb,15,71.943,,,71.943
2024,15,ocon,alpine,16,71.995,,,71.995
2024,15,bottas,sauber,17,72.168,,,72.168
2024,15,zhou,sauber,18,73.261,,,73.261
2024,15,sargeant,williams,20,,,,
2024,16,norris,mclaren,1,79.911,79.727,79.327,79.327
2024,16,piastri,mclaren,2,80.076,79.80799999999999,79.436,79.436
2024,16,russell,mercedes,3,80.169,79.877,79.44,79.44
2024,16,leclerc,ferrari,4,80.074,80.007,79.461,79.461
2024,16,sainz,ferrari,5,80.149,79.799,79.467,79.467
2024,16,hamilton,mercedes,6,80.477,79.64099999999999,79.513,79.513
2024,16,max_verstappen,red_bull,7,80.226,79.662,80.02199999999999,79.662
2024,16,perez,red_bull,8,80.598,80.21600000000001,80.062,80.062
2024,16,albon,williams,9,80.542,80.314,80.299,80.299
2024,16,hulkenberg,haas,10,80.781,80.411,80.339,80.339
2024,16,alonso,aston_martin,11,80.617,80.42099999999999,,80.42099999999999
2024,16,ricciardo,rb,12,80.901,80.479,,80.479
2024,16,kevin_magnussen,haas,13,80.856,80.69800000000001,,80.69800000000001
2024,16,gasly,alpine,14,80.748,80.738,,80.738
2024,16,ocon,alpine,15,80.764,80.76599999999999,,80.764
2024,16,tsunoda,rb,16,80.945,,,80.945
2024,16,stroll,aston_martin,17,81.013,,,81.013
2024,16,colapinto,williams,18,81.061,,,81.061
2024,16,bottas,sauber,19,81.101,,,81.101
2024,16,zhou,sauber,20,81.445,,,81.445
2024,17,leclerc,ferrari,1,102.775,102.056,101.36500000000001,101.36500000000001
2024,17,piastri,mclaren,2,103.033,102.598,101.686,101.686
2024,17,sainz,ferrari,3,103.357,102.503,101.805,101.805
2024,17,perez,red_bull,4,103.213,102.263,101.813,101.813
2024,17,russell,mercedes,5,103.13900000000001,102.32900000000001,101.874,101.874
2024,17,max_verstappen,red_bull,6,103.09700000000001,102.042,102.023,102.023
2024,17,hamilton,mercedes,7,103.089,102.765,102.289,102.289
2024,17,alonso,aston_martin,8,103.47200000000001,102.426,102.369,102.369
2024,17,colapinto,williams,9,103.138,102.473,102.53,102.473
2024,17,albon,williams,10,102.899,102.84,102.85900000000001,102.84
2024,17,bearman,haas,11,103.471,102.968,,102.968
2024,17,tsunoda,rb,12,103.337,103.035,,103.035
2024,17,hulkenberg,haas,13,103.101,103.191,,103.101
2024,17,stroll,aston_martin,14,103.37,103.404,,103.37
2024,17,gasly,alpine,15,,103.179,,103.179
2024,17,ricciardo,rb,15,103.547,,,103.547
2024,17,norris,mclaren,16,103.60900000000001,,,103.60900000000001
2024,17,bottas,sauber,17,103.618,,,103.618
2024,17,zhou,sauber,18,104.24600000000001,,,104.24600000000001
2024,17,ocon,alpine,19,104.50399999999999,,,104.50399999999999
2024,18,norris,mclaren,1,90.002,90.007,89.525,89.525
2024,18,max_verstappen,red_bull,2,90.157,89.68,89.72800000000001,89.68
2024,18,hamilton,mercedes,3,90.393,89.929,89.84100000000001,89.84100000000001
2024,18,russell,mercedes,4,90.811,90.15299999999999,89.867,89.867
2024,18,piastri,mclaren,5,90.258,89.64,89.953,89.64
2024,18,hulkenberg,haas,6,90.724,90.15,90.115,90.115
2024,18,alonso,aston_martin,7,90.684,90.45,90.214,90.214
2024,18,tsunoda,rb,8,90.71600000000001,90.289,90.354,90.289
2024,18,leclerc,ferrari,9,90.786,89.747,,89.747
2024,18,sainz,ferrari,10,90.67,90.108,,90.108
2024,18,albon,williams,11,90.679,90.474,,90.474
2024,18,colapinto,williams,12,90.70400000000001,90.481,,90.481
2024,18,perez,red_bull,13,90.624,90.57900000000001,,90.57900000000001
2024,18,kevin_magnussen,haas,14,90.82900000000001,90.65299999999999,,90.65299999999999
2024,18,ocon,alpine,15,90.958,90.769,,90.769
2024,18,ricciardo,rb,16,91.08500000000001,,,91.08500000000001
2024,18,stroll,aston_martin,17,91.094,,,91.094
2024,18,gasly,alpine,18,91.312,,,91.312
2024,18,bottas,sauber,19,91.572,,,91.572
2024,18,zhou,sauber,20,92.054,,,92.054
2024,19,norris,mclaren,1,93.616,92.851,92.33,92.33
2024,19,max_verstappen,red_bull,2,93.04599999999999,92.584,92.36099999999999,92.36099999999999
2024,19,sainz,ferrari,3,93.556,92.836,92.652,92.652
2024,19,leclerc,ferrari,4,93.241,92.962,92.74000000000001,92.74000000000001
2024,19,piastri,mclaren,5,93.864,93.057,92.95,92.95
2024,19,russell,mercedes,6,93.536,93.142,92.97399999999999,92.97399999999999
2024,19,gasly,alpine,7,93.55,93.162,93.018,93.018
2024,19,alonso,aston_martin,8,93.973,93.429,93.309,93.309
2024,19,kevin_magnussen,haas,9,93.564,93.47399999999999,93.481,93.47399999999999
2024,19,perez,red_bull,10,93.61099999999999,93.02000000000001,,93.02000000000001
2024,19,tsunoda,rb,11,93.795,93.506,,93.506
2024,19,hulkenberg,haas,12,93.601,93.544,,93.544
2024,19,ocon,alpine,13,93.98599999999999,93.59700000000001,,93.59700000000001
2024,19,stroll,aston_martin,14,94.033,93.759,,93.759
2024,19,lawson,rb,15,93.339,,,93.339
2024,19,albon,williams,16,94.051,,,94.051
2024,19,colapinto,williams,17,94.062,,,94.062
2024,19,bottas,sauber,18,94.152,,,94.152
2024,19,hamilton,mercedes,19,94.154,,,94.154
2024,19,zhou,sauber,20,94.22800000000001,,,94.22800000000001
2024,20,sainz,ferrari,1,76.77799999999999,76.515,75.946,75.946
2024,20,max_verstappen,red_bull,2,76.803,76.514,76.17099999999999,76.17099999999999
2024,20,norris,mclaren,3,76.505,76.301,76.26,76.26
2024,20,leclerc,ferrari,4,76.97200000000001,76.64099999999999,76.265,76.265
2024,20,russell,mercedes,5,77.194,76.937,76.356,76.356
2024,20,hamilton,mercedes,6,77.306,76.973,76.651,76.651
2024,20,kevin_magnussen,haas,7,77.125,77.003,76.886,76.886
2024,20,gasly,alpine,8,77.149,77.048,76.892,76.892
2024,20,albon,williams,9,77.189,76.988,77.065,76.988
2024,20,hulkenberg,haas,10,77.186,76.995,77.365,76.995
2024,20,tsunoda,rb,11,77.182,77.129,,77.129
2024,20,lawson,rb,12,77.38,77.162,,77.162
2024,20,alonso,aston_martin,13,77.307,77.168,,77.168
2024,20,stroll,aston_martin,14,77.407,77.294,,77.294
2024,20,bottas,sauber,15,77.393,77.81700000000001,,77.393
2024,20,colapinto,williams,16,77.55799999999999,,,77.55799999999999
2024,20,piastri,mclaren,17,77.59700000000001,,,77.59700000000001
2024,20,perez,red_bull,18,77.611,,,77.611
2024,20,ocon,alpine,19,77.617,,,77.617
2024,20,zhou,sauber,20,78.072,,,78.072
2024,21,max_verstappen,red_bull,12,88.52199999999999,87.771,,87.771
2024,21,norris,mclaren,1,90.944,84.844,83.405,83.405
2024,21,russell,mercedes,2,89.121,86.307,83.578,83.578
2024,21,tsunoda,rb,3,89.172,86.464,84.111,84.111
2024,21,ocon,alpine,4,89.17099999999999,86.206,84.475,84.475
2024,21,lawson,rb,5,90.758,85.654,84.48400000000001,84.48400000000001
2024,21,leclerc,ferrari,6,89.839,86.09700000000001,84.525,84.525
2024,21,albon,williams,7,89.072,84.657,84.657,84.657
2024,21,piastri,mclaren,8,90.114,84.686,84.686,84.686
2024,21,alonso,aston_martin,9,90.207,88.998,88.998,88.998
2024,21,stroll,aston_martin,10,90.58,86.334,,86.334
2024,21,bottas,sauber,11,90.633,86.47200000000001,,86.47200000000001
2024,21,perez,red_bull,13,90.035,88.158,,88.158
2024,21,sainz,ferrari,14,90.303,89.406,,89.406
2024,21,gasly,alpine,15,89.42,89.614,,89.42
2024,21,hamilton,mercedes,16,91.15,,,91.15
2024,21,bearman,haas,17,91.229,,,91.229
2024,21,colapinto,williams,18,91.27,,,91.27
2024,21,hulkenberg,haas,19,91.623,,,91.623
2024,21,zhou,sauber,20,92.263,,,92.263
2024,22,russell,mercedes,1,93.186,92.779,92.312,92.312
2024,22,sainz,ferrari,2,93.48400000000001,92.711,92.41,92.41
2024,22,gasly,alpine,3,93.691,92.87899999999999,92.664,92.664
2024,22,leclerc,ferrari,4,93.446,93.01599999999999,92.783,92.783
2024,22,max_verstappen,red_bull,5,93.299,93.08500000000001,92.797,92.797
2024,22,norris,mclaren,6,93.592,93.09899999999999,93.00800000000001,93.00800000000001
2024,22,tsunoda,rb,7,93.789,93.089,93.029,93.029
2024,22,piastri,mclaren,8,93.45,93.024,93.033,93.024
2024,22,hulkenberg,haas,9,93.92,93.114,93.062,93.062
2024,22,hamilton,mercedes,10,93.225,92.56700000000001,108.106,92.56700000000001
2024,22,ocon,alpine,11,93.968,93.221,,93.221
2024,22,kevin_magnussen,haas,12,93.991,93.297,,93.297
2024,22,zhou,sauber,13,94.07900000000001,93.566,,93.566
2024,22,colapinto,williams,14,93.74600000000001,93.749,,93.74600000000001
2024,22,lawson,rb,15,94.087,94.257,,94.087
2024,22,perez,red_bull,16,94.155,,,94.155
2024,22,alonso,aston_martin,17,94.25800000000001,,,94.25800000000001
2024,22,albon,williams,18,94.425,,,94.425
2024,22,bottas,sauber,19,94.43,,,94.43
2024,22,stroll,aston_martin,20,94.48400000000001,,,94.48400000000001
2024,23,max_verstappen,red_bull,1,81.57900000000001,80.687,80.52,80.52
2024,23,russell,mercedes,2,81.241,81.069,80.575,80.575
2024,23,norris,mclaren,3,81.578,80.983,80.77199999999999,80.77199999999999
2024,23,piastri,mclaren,4,81.821,81.121,80.82900000000001,80.82900000000001
2024,23,leclerc,ferrari,5,81.27799999999999,81.0,80.852,80.852
2024,23,hamilton,mercedes,6,81.637,81.095,81.011,81.011
2024,23,sainz,ferrari,7,81.447,81.199,81.041,81.041
2024,23,alonso,aston_martin,8,81.608,81.208,81.251,81.208
2024,23,perez,red_bull,9,81.675,81.425,81.425,81.425
2024,23,kevin_magnussen,haas,10,81.89099999999999,81.387,81.5,81.387
2024,23,gasly,alpine,11,81.843,81.437,,81.437
2024,23,zhou,sauber,12,82.10300000000001,81.501,,81.501
2024,23,bottas,sauber,13,81.92699999999999,81.731,,81.731
2024,23,tsunoda,rb,14,82.364,81.771,,81.771
2024,23,stroll,aston_martin,15,82.011,81.911,,81.911
2024,23,albon,williams,16,82.39,,,82.39
2024,23,lawson,rb,17,82.411,,,82.411
2024,23,hulkenberg,haas,18,82.44200000000001,,,82.44200000000001
2024,23,colapinto,williams,19,82.594,,,82.594
2024,23,ocon,alpine,20,82.714,,,82.714
2024,24,norris,mclaren,1,83.682,83.098,82.595,82.595
2024,24,piastri,mclaren,2,83.64,83.199,82.804,82.804
2024,24,sainz,ferrari,3,83.487,82.985,82.824,82.824
2024,24,hulkenberg,haas,4,83.72200000000001,83.03999999999999,82.886,82.886
2024,24,max_verstappen,red_bull,5,83.51599999999999,82.998,82.945,82.945
2024,24,gasly,alpine,6,83.548,83.086,82.98400000000001,82.98400000000001
2024,24,russell,mercedes,7,83.678,83.283,83.132,83.132
2024,24,alonso,aston_martin,8,83.794,83.268,83.196,83.196
2024,24,bottas,sauber,9,83.481,83.34100000000001,83.20400000000001,83.20400000000001
2024,24,perez,red_bull,10,83.559,83.379,83.264,83.264
2024,24,tsunoda,rb,11,83.735,83.419,,83.419
2024,24,lawson,rb,12,83.733,83.47200000000001,,83.47200000000001
2024,24,stroll,aston_martin,13,83.729,83.78399999999999,,83.729
2024,24,leclerc,ferrari,14,83.30199999999999,83.833,,83.30199999999999
2024,24,kevin_magnussen,haas,15,83.632,83.877,,83.632
2024,24,albon,williams,16,83.821,,,83.821
2024,24,zhou,sauber,17,83.88,,,83.88
2024,24,hamilton,mercedes,18,83.887,,,83.887
2024,24,colapinto,williams,19,83.912,,,83.912
2024,24,doohan,alpine,20,84.105,,,84.105
2025,1,norris,mclaren,1,75.912,75.41499999999999,75.096,75.096
2025,1,piastri,mclaren,2,76.062,75.468,75.18,75.18
2025,1,max_verstappen,red_bull,3,76.018,75.565,75.481,75.481
2025,1,russell,mercedes,4,75.971,75.798,75.54599999999999,75.54599999999999
2025,1,tsunoda,rb,5,76.225,76.009,75.67,75.67
2025,1,albon,williams,6,76.245,76.017,75.737,75.737
2025,1,leclerc,ferrari,7,76.029,75.827,75.755,75.755
2025,1,hamilton,ferrari,8,76.213,75.919,75.973,75.919
2025,1,gasly,alpine,9,76.328,76.112,75.98,75.98
2025,1,sainz,williams,10,76.36,75.931,76.062,75.931
2025,1,hadjar,rb,11,76.354,76.175,,76.175
2025,1,alonso,aston_martin,12,76.288,76.453,,76.288
2025,1,stroll,aston_martin,13,76.369,76.483,,76.369
2025,1,doohan,alpine,14,76.315,76.863,,76.315
2025,1,bortoleto,sauber,15,76.51599999999999,77.52,,76.51599999999999
2025,1,antonelli,mercedes,16,76.525,,,76.525
2025,1,hulkenberg,sauber,17,76.57900000000001,,,76.57900000000001
2025,1,lawson,red_bull,18,77.094,,,77.094
2025,1,ocon,haas,19,77.14699999999999,,,77.14699999999999
2025,1,bearman,haas,20,,,,
2025,2,piastri,mclaren,1,91.59100000000001,91.2,90.64099999999999,90.64099999999999
2025,2,russell,mercedes,2,91.295,91.307,90.723,90.723
2025,2,norris,mclaren,3,90.983,90.787,90.793,90.787
2025,2,max_verstappen,red_bull,4,91.424,91.142,90.81700000000001,90.81700000000001
2025,2,hamilton,ferrari,5,91.69,91.501,90.92699999999999,90.92699999999999
2025,2,leclerc,ferrari,6,91.57900000000001,91.45,91.021,91.021
2025,2,hadjar,rb,7,91.162,91.253,91.07900000000001,91.07900000000001
2025,2,antonelli,mercedes,8,91.676,91.59,91.10300000000001,91.10300000000001
2025,2,tsunoda,rb,9,91.238,91.26,91.638,91.238
2025,2,albon,williams,10,91.503,91.595,91.706,91.503
2025,2,ocon,haas,11,91.876,91.625,,91.625
2025,2,hulkenberg,sauber,12,91.92099999999999,91.632,,91.632
2025,2,alonso,aston_martin,13,91.719,91.688,,91.688
2025,2,stroll,aston_martin,14,91.923,91.773,,91.773
2025,2,sainz,williams,15,91.628,91.84,,91.628
2025,2,gasly,alpine,16,91.992,,,91.992
2025,2,bearman,haas,17,92.018,,,92.018
2025,2,doohan,alpine,18,92.092,,,92.092
2025,2,bortoleto,sauber,19,92.14099999999999,,,92.14099999999999
2025,2,lawson,red_bull,20,92.174,,,92.174
2025,3,max_verstappen,red_bull,1,87.943,87.502,86.983,86.983
2025,3,norris,mclaren,2,87.845,87.146,86.995,86.995
2025,3,piastri,mclaren,3,87.687,87.507,87.027,87.027
2025,3,leclerc,ferrari,4,87.92,87.555,87.299,87.299
2025,3,russell,mercedes,5,87.843,87.4,87.318,87.318
2025,3,antonelli,mercedes,6,87.968,87.639,87.555,87.555
2025,3,hadjar,rb,7,88.27799999999999,87.775,87.569,87.569
2025,3,hamilton,ferrari,8,87.94200000000001,87.61,87.61,87.61
2025,3,albon,williams,9,88.218,87.783,87.615,87.615
2025,3,bearman,haas,10,88.22800000000001,87.711,87.867,87.711
2025,3,gasly,alpine,11,88.186,87.822,,87.822
2025,3,sainz,williams,12,88.209,87.836,,87.836
2025,3,alonso,aston_martin,13,88.337,87.89699999999999,,87.89699999999999
2025,3,lawson,rb,14,88.554,87.906,,87.906
2025,3,tsunoda,red_bull,15,87.967,88.0,,87.967
2025,3,hulkenberg,sauber,16,88.57,,,88.57
2025,3,bortoleto,sauber,17,88.622,,,88.622
2025,3,ocon,haas,18,88.696,,,88.696
2025,3,doohan,alpine,19,88.877,,,88.877
2025,3,stroll,aston_martin,20,89.271,,,89.271
2025,4,piastri,mclaren,1,91.392,90.45400000000001,89.84100000000001,89.84100000000001
2025,4,russell,mercedes,2,91.494,90.664,90.009,90.009
2025,4,leclerc,ferrari,3,91.45400000000001,90.724,90.175,90.175
2025,4,antonelli,mercedes,4,91.41499999999999,90.71600000000001,90.213,90.213
2025,4,gasly,alpine,5,91.462,90.643,90.21600000000001,90.21600000000001
2025,4,norris,mclaren,6,91.107,90.56,90.267,90.267
2025,4,max_verstappen,red_bull,7,91.303,91.019,90.423,90.423
2025,4,sainz,williams,8,91.59100000000001,90.844,90.68,90.68
2025,4,hamilton,ferrari,9,91.219,91.009,90.77199999999999,90.77199999999999
2025,4,tsunoda,red_bull,10,91.751,91.22800000000001,91.303,91.22800000000001
2025,4,doohan,alpine,11,91.414,91.245,,91.245
2025,4,hadjar,rb,12,91.59100000000001,91.271,,91.271
2025,4,alonso,aston_martin,13,91.634,91.886,,91.634
2025,4,ocon,haas,14,91.594,,,91.594
2025,4,albon,williams,15,92.03999999999999,,,92.03999999999999
2025,4,hulkenberg,sauber,16,92.06700000000001,,,92.06700000000001
2025,4,lawson,rb,17,92.16499999999999,,,92.16499999999999
2025,4,bortoleto,sauber,18,92.186,,,92.186
2025,4,stroll,aston_martin,19,92.283,,,92.283
2025,4,bearman,haas,20,92.37299999999999,,,92.37299999999999
2025,5,max_verstappen,red_bull,1,87.77799999999999,87.529,87.294,87.294
2025,5,piastri,mclaren,2,87.901,87.545,87.304,87.304
2025,5,russell,mercedes,3,88.282,87.599,87.407,87.407
2025,5,leclerc,ferrari,4,88.55199999999999,87.866,87.67,87.67
2025,5,antonelli,mercedes,5,88.128,87.798,87.866,87.798
2025,5,sainz,williams,6,88.354,88.024,88.164,88.024
2025,5,hamilton,ferrari,7,88.372,88.102,88.201,88.102
2025,5,tsunoda,red_bull,8,88.226,87.99,88.20400000000001,87.99
2025,5,gasly,alpine,9,88.42099999999999,88.025,88.367,88.025
2025,5,norris,mclaren,10,87.805,87.481,,87.481
2025,5,albon,williams,11,88.279,88.10900000000001,,88.10900000000001
2025,5,lawson,rb,12,88.561,88.191,,88.191
2025,5,alonso,aston_martin,13,88.548,88.303,,88.303
2025,5,hadjar,rb,14,88.571,88.418,,88.418
2025,5,bearman,haas,15,88.536,88.648,,88.536
2025,5,stroll,aston_martin,16,88.645,,,88.645
2025,5,doohan,alpine,17,88.739,,,88.739
2025,5,hulkenberg,sauber,18,88.782,,,88.782
2025,5,ocon,haas,19,89.092,,,89.092
2025,5,bortoleto,sauber,20,89.462,,,89.462
2025,6,max_verstappen,red_bull,1,,,,
2025,6,norris,mclaren,2,,,,
2025,6,antonelli,mercedes,3,,,,
2025,6,piastri,mclaren,4,,,,
2025,6,russell,mercedes,5,,,,
2025,6,sainz,williams,6,,,,
2025,6,albon,williams,7,,,,
2025,6,leclerc,ferrari,8,,,,
2025,6,ocon,haas,9,,,,
2025,6,tsunoda,red_bull,10,,,,
2025,6,hadjar,rb,11,,,,
2025,6,hamilton,ferrari,12,,,,
2025,6,bortoleto,sauber,13,,,,
2025,6,doohan,alpine,14,,,,
2025,6,lawson,rb,15,,,,
2025,6,hulkenberg,sauber,16,,,,
2025,6,alonso,aston_martin,17,,,,
2025,6,gasly,alpine,18,,,,
2025,6,stroll,aston_martin,19,,,,
2025,6,bearman,haas,20,,,,
2025,7,piastri,mclaren,1,75.5,75.214,74.67,74.67
2025,7,max_verstappen,red_bull,2,75.175,75.394,74.70400000000001,74.70400000000001
2025,7,russell,mercedes,3,75.852,75.334,74.807,74.807
2025,7,norris,mclaren,4,75.894,75.261,74.962,74.962
2025,7,alonso,aston_martin,5,75.695,75.44200000000001,75.431,75.431
2025,7,sainz,williams,6,75.987,75.19800000000001,75.432,75.19800000000001
2025,7,albon,williams,7,76.123,75.521,75.473,75.473
2025,7,stroll,aston_martin,8,75.81700000000001,75.497,75.581,75.497
2025,7,hadjar,rb,9,76.253,75.51,75.746,75.51
2025,7,gasly,alpine,10,75.937,75.505,75.787,75.505
2025,7,leclerc,ferrari,11,76.108,75.604,,75.604
2025,7,hamilton,ferrari,12,76.163,75.765,,75.765
2025,7,antonelli,mercedes,13,75.943,75.772,,75.772
2025,7,bortoleto,sauber,14,76.34,76.26,,76.26
2025,7,colapinto,alpine,15,76.256,,,76.256
2025,7,bearman,haas,16,76.918,,,76.918
2025,7,lawson,rb,16,76.379,,,76.379
2025,7,hulkenberg,sauber,17,76.518,,,76.518
2025,7,ocon,haas,18,76.613,,,76.613
2025,7,tsunoda,red_bull,20,,,,
2025,8,norris,mclaren,1,71.285,70.57,69.95400000000001,69.95400000000001
2025,8,leclerc,ferrari,2,71.229,70.581,70.063,70.063
2025,8,piastri,mclaren,3,71.30799999999999,70.858,70.129,70.129
2025,8,hamilton,ferrari,4,71.575,70.883,70.382,70.382
2025,8,max_verstappen,red_bull,5,71.431,70.875,70.669,70.669
2025,8,hadjar,rb,6,71.811,71.03999999999999,70.923,70.923
2025,8,alonso,aston_martin,7,71.674,71.182,70.924,70.924
2025,8,ocon,haas,8,71.839,71.262,70.94200000000001,70.94200000000001
2025,8,lawson,rb,9,71.818,71.25,71.129,71.129
2025,8,albon,williams,10,71.629,70.732,71.213,70.732
2025,8,sainz,williams,11,71.707,71.362,,71.362
2025,8,tsunoda,red_bull,12,71.8,71.41499999999999,,71.41499999999999
2025,8,hulkenberg,sauber,13,71.871,71.596,,71.596
2025,8,russell,mercedes,14,71.507,,,71.507
2025,8,antonelli,mercedes,15,71.88,,,71.88
2025,8,bortoleto,sauber,16,71.902,,,71.902
2025,8,bearman,haas,17,71.979,,,71.979
2025,8,gasly,alpine,18,71.994,,,71.994
2025,8,stroll,aston_martin,19,72.563,,,72.563
2025,8,colapinto,alpine,20,72.597,,,72.597
2025,9,piastri,mclaren,1,72.551,71.998,71.54599999999999,71.54599999999999
2025,9,norris,mclaren,2,72.799,72.056,71.755,71.755
2025,9,max_verstappen,red_bull,3,72.798,72.358,71.848,71.848
2025,9,russell,mercedes,4,72.806,72.407,71.848,71.848
2025,9,hamilton,ferrari,5,73.05799999999999,72.447,72.045,72.045
2025,9,antonelli,mercedes,6,72.815,72.58500000000001,72.111,72.111
2025,9,leclerc,ferrari,7,73.014,72.495,72.131,72.131
2025,9,gasly,alpine,8,73.081,72.611,72.199,72.199
2025,9,hadjar,rb,9,73.139,72.461,72.252,72.252
2025,9,alonso,aston_martin,10,73.102,72.523,72.284,72.284
2025,9,albon,williams,11,73.044,72.641,,72.641
2025,9,bortoleto,sauber,12,73.045,72.756,,72.756
2025,9,lawson,rb,13,73.039,72.763,,72.763
2025,9,stroll,aston_martin,14,73.038,73.05799999999999,,73.038
2025,9,bearman,haas,15,73.074,73.315,,73.074
2025,9,hulkenberg,sauber,16,73.19,,,73.19
2025,9,ocon,haas,17,73.201,,,73.201
2025,9,sainz,williams,18,73.203,,,73.203
2025,9,colapinto,alpine,19,73.334,,,73.334
2025,9,tsunoda,red_bull,20,73.385,,,73.385
2025,10,russell,mercedes,1,72.075,71.57,70.899,70.899
2025,10,max_verstappen,red_bull,2,72.054,71.638,71.059,71.059
2025,10,piastri,mclaren,3,71.939,71.715,71.12,71.12
2025,10,antonelli,mercedes,4,72.279,71.974,71.391,71.391
2025,10,hamilton,ferrari,5,71.952,71.885,71.526,71.526
2025,10,alonso,aston_martin,6,72.07300000000001,71.805,71.586,71.586
2025,10,norris,mclaren,7,71.826,71.599,71.625,71.599
2025,10,leclerc,ferrari,8,72.038,71.626,71.682,71.626
2025,10,hadjar,rb,9,72.211,72.003,71.867,71.867
2025,10,albon,williams,10,72.09,71.892,71.907,71.892
2025,10,tsunoda,red_bull,11,72.334,72.102,,72.102
2025,10,colapinto,alpine,12,72.234,72.142,,72.142
2025,10,hulkenberg,sauber,13,72.32300000000001,72.18299999999999,,72.18299999999999
2025,10,bearman,haas,14,72.306,72.34,,72.306
2025,10,ocon,haas,15,72.378,72.634,,72.378
2025,10,bortoleto,sauber,16,72.385,,,72.385
2025,10,sainz,williams,17,72.398,,,72.398
2025,10,stroll,aston_martin,18,72.517,,,72.517
2025,10,lawson,rb,19,72.525,,,72.525
2025,10,gasly,alpine,20,72.667,,,72.667
2025,11,norris,mclaren,1,64.672,64.41,63.971000000000004,63.971000000000004
2025,11,leclerc,ferrari,2,65.197,64.734,64.492,64.492
2025,11,piastri,mclaren,3,64.966,64.556,64.554,64.554
2025,11,hamilton,ferrari,4,65.115,64.896,64.582,64.582
2025,11,russell,mercedes,5,65.189,64.86,64.763,64.763
2025,11,lawson,rb,6,65.017,65.041,64.926,64.926
2025,11,max_verstappen,red_bull,7,65.106,64.836,64.929,64.836
2025,11,bortoleto,sauber,8,65.123,64.846,65.132,64.846
2025,11,antonelli,mercedes,9,65.178,65.05199999999999,65.276,65.05199999999999
2025,11,gasly,alpine,10,65.054,64.846,65.649,64.846
2025,11,alonso,aston_martin,11,65.197,65.128,,65.128
2025,11,albon,williams,12,65.143,65.205,,65.143
2025,11,hadjar,rb,13,65.063,65.226,,65.063
2025,11,colapinto,alpine,14,65.278,65.288,,65.278
2025,11,bearman,haas,15,65.218,65.312,,65.218
2025,11,stroll,aston_martin,16,65.329,,,65.329
2025,11,ocon,haas,17,65.364,,,65.364
2025,11,tsunoda,red_bull,18,65.369,,,65.369
2025,11,sainz,williams,19,65.582,,,65.582
2025,11,hulkenberg,sauber,20,65.606,,,65.606
2025,12,max_verstappen,red_bull,1,85.886,85.316,84.892,84.892
2025,12,piastri,mclaren,2,85.963,85.316,84.995,84.995
2025,12,norris,mclaren,3,86.123,85.231,85.01,85.01
2025,12,russell,mercedes,4,86.236,85.637,85.029,85.029
2025,12,hamilton,ferrari,5,86.29599999999999,85.084,85.095,85.084
2025,12,leclerc,ferrari,6,86.186,85.133,85.121,85.121
2025,12,antonelli,mercedes,7,86.265,85.62,85.374,85.374
2025,12,bearman,haas,8,86.005,85.53399999999999,85.471,85.471
2025,12,alonso,aston_martin,9,86.108,85.593,85.621,85.593
2025,12,gasly,alpine,10,86.328,85.711,85.785,85.711
2025,12,sainz,williams,11,86.175,85.746,,85.746
2025,12,tsunoda,red_bull,12,86.275,85.826,,85.826
2025,12,hadjar,rb,13,86.17699999999999,85.864,,85.864
2025,12,albon,williams,14,86.093,85.889,,85.889
2025,12,ocon,haas,15,86.136,85.95,,85.95
2025,12,lawson,rb,16,86.44,,,86.44
2025,12,bortoleto,sauber,17,86.446,,,86.446
2025,12,stroll,aston_martin,18,86.504,,,86.504
2025,12,hulkenberg,sauber,19,86.574,,,86.574
2025,12,colapinto,alpine,20,87.06,,,87.06
2025,13,norris,mclaren,1,101.00999999999999,100.715,100.562,100.562
2025,13,piastri,mclaren,2,101.201,100.626,100.64699999999999,100.626
2025,13,leclerc,ferrari,3,101.63499999999999,101.084,100.9,100.9
2025,13,max_verstappen,red_bull,4,101.334,100.951,100.90299999999999,100.90299999999999
2025,13,albon,williams,5,101.77199999999999,101.505,101.201,101.201
2025,13,russell,mercedes,6,101.78399999999999,101.25399999999999,101.25999999999999,101.25399999999999
2025,13,tsunoda,red_bull,7,101.84,101.245,101.28399999999999,101.245
2025,13,hadjar,rb,8,101.572,101.281,101.31,101.281
2025,13,lawson,rb,9,101.74799999999999,101.297,101.328,101.297
2025,13,bortoleto,sauber,10,101.908,101.336,102.387,101.336
2025,13,ocon,haas,11,101.884,101.525,,101.525
2025,13,bearman,haas,12,101.61699999999999,101.61699999999999,,101.61699999999999
2025,13,gasly,alpine,13,101.8,101.63300000000001,,101.63300000000001
2025,13,hulkenberg,sauber,14,101.844,101.707,,101.707
2025,13,sainz,williams,15,101.691,101.75800000000001,,101.691
2025,13,hamilton,ferrari,16,101.939,,,101.939
2025,13,colapinto,alpine,17,102.02199999999999,,,102.02199999999999
2025,13,antonelli,mercedes,18,102.13900000000001,,,102.13900000000001
2025,13,alonso,aston_martin,19,102.38499999999999,,,102.38499999999999
2025,13,stroll,aston_martin,20,102.50200000000001,,,102.50200000000001
2025,14,leclerc,ferrari,1,75.582,75.455,75.372,75.372
2025,14,piastri,mclaren,2,75.211,74.941,75.398,74.941
2025,14,norris,mclaren,3,75.523,74.89,75.413,74.89
2025,14,russell,mercedes,4,75.627,75.201,75.425,75.201
2025,14,alonso,aston_martin,5,75.281,75.395,75.481,75.281
2025,14,stroll,aston_martin,6,75.673,75.129,75.498,75.129
2025,14,bortoleto,sauber,7,75.586,75.687,75.725,75.586
2025,14,max_verstappen,red_bull,8,75.736,75.547,75.728,75.547
2025,14,lawson,rb,9,75.849,75.63,75.821,75.63
2025,14,hadjar,rb,10,75.516,75.469,75.91499999999999,75.469
2025,14,bearman,haas,11,75.75,75.694,,75.694
2025,14,hamilton,ferrari,12,75.733,75.702,,75.702
2025,14,sainz,williams,13,75.652,75.781,,75.652
2025,14,colapinto,alpine,14,75.875,76.15899999999999,,75.875
2025,14,antonelli,mercedes,15,75.782,76.386,,75.782
2025,14,tsunoda,red_bull,16,75.899,,,75.899
2025,14,gasly,alpine,17,75.966,,,75.966
2025,14,ocon,haas,18,76.023,,,76.023
2025,14,hulkenberg,sauber,19,76.081,,,76.081
2025,14,albon,williams,20,76.223,,,76.223
2025,15,piastri,mclaren,1,69.338,68.964,68.662,68.662
2025,15,norris,mclaren,2,69.469,68.874,68.674,68.674
2025,15,max_verstappen,red_bull,3,69.696,69.122,68.925,68.925
2025,15,hadjar,rb,4,69.966,69.439,69.208,69.208
2025,15,russell,mercedes,5,69.676,69.313,69.255,69.255
2025,15,leclerc,ferrari,6,69.906,69.304,69.34,69.304
2025,15,hamilton,ferrari,7,69.9,69.261,69.39,69.261
2025,15,lawson,rb,8,69.779,69.383,69.5,69.383
2025,15,sainz,williams,9,69.98,69.472,69.505,69.472
2025,15,alonso,aston_martin,10,69.95,69.366,69.63,69.366
2025,15,antonelli,mercedes,11,69.845,69.493,,69.493
2025,15,tsunoda,red_bull,12,69.95400000000001,69.622,,69.622
2025,15,bortoleto,sauber,13,70.037,69.622,,69.622
2025,15,gasly,alpine,14,69.894,69.637,,69.637
2025,15,albon,williams,15,69.792,69.652,,69.652
2025,15,colapinto,alpine,16,70.104,,,70.104
2025,15,hulkenberg,sauber,17,70.195,,,70.195
2025,15,ocon,haas,18,70.197,,,70.197
2025,15,bearman,haas,19,70.262,,,70.262
2025,15,stroll,aston_martin,20,,,,
2025,16,max_verstappen,red_bull,1,79.455,79.14,78.792,78.792
2025,16,norris,mclaren,2,79.517,79.293,78.869,78.869
2025,16,piastri,mclaren,3,79.711,79.286,78.982,78.982
2025,16,leclerc,ferrari,4,79.689,79.31,79.007,79.007
2025,16,hamilton,ferrari,5,79.765,79.371,79.124,79.124
2025,16,russell,mercedes,6,79.414,79.287,79.157,79.157
2025,16,antonelli,mercedes,7,79.747,79.245,79.2,79.2
2025,16,bortoleto,sauber,8,79.688,79.32300000000001,79.39,79.32300000000001
2025,16,alonso,aston_martin,9,79.658,79.362,79.424,79.362
2025,16,tsunoda,red_bull,10,79.619,79.43299999999999,79.519,79.43299999999999
2025,16,bearman,haas,11,79.688,79.446,,79.446
2025,16,hulkenberg,sauber,12,79.777,79.498,,79.498
2025,16,sainz,williams,13,79.644,79.52799999999999,,79.52799999999999
2025,16,albon,williams,14,79.837,79.583,,79.583
2025,16,ocon,haas,15,79.816,79.707,,79.707
2025,16,hadjar,rb,16,79.917,,,79.917
2025,16,stroll,aston_martin,17,79.94800000000001,,,79.94800000000001
2025,16,colapinto,alpine,18,79.992,,,79.992
2025,16,gasly,alpine,19,80.10300000000001,,,80.10300000000001
2025,16,lawson,rb,20,80.279,,,80.279
2025,17,max_verstappen,red_bull,1,101.331,101.255,101.11699999999999,101.11699999999999
2025,17,sainz,williams,2,102.63499999999999,101.675,101.595,101.595
2025,17,lawson,rb,3,102.257,101.537,101.707,101.537
2025,17,antonelli,mercedes,4,102.247,101.464,101.717,101.464
2025,17,russell,mercedes,5,101.646,101.455,102.07,101.455
2025,17,tsunoda,red_bull,6,102.34700000000001,101.788,102.143,101.788
2025,17,norris,mclaren,7,101.322,101.396,102.239,101.322
2025,17,hadjar,rb,8,101.656,101.64699999999999,102.372,101.64699999999999
2025,17,piastri,mclaren,9,101.839,101.414,,101.414
2025,17,leclerc,ferrari,10,101.458,101.519,,101.458
2025,17,alonso,aston_martin,11,102.211,101.857,,101.857
2025,17,hamilton,ferrari,12,101.821,102.18299999999999,,101.821
2025,17,bortoleto,sauber,13,102.511,102.277,,102.277
2025,17,stroll,aston_martin,14,102.101,103.061,,102.101
2025,17,bearman,haas,15,102.666,,,102.666
2025,17,colapinto,alpine,16,102.779,,,102.779
2025,17,hulkenberg,sauber,17,102.916,,,102.916
2025,17,gasly,alpine,18,103.13900000000001,,,103.13900000000001
2025,17,albon,williams,19,103.77799999999999,,,103.77799999999999
2025,17,ocon,haas,20,,,,
2025,18,russell,mercedes,1,89.928,89.562,89.158,89.158
2025,18,max_verstappen,red_bull,2,90.02799999999999,89.572,89.34,89.34
2025,18,piastri,mclaren,3,90.313,89.813,89.524,89.524
2025,18,antonelli,mercedes,4,90.036,89.649,89.537,89.537
2025,18,norris,mclaren,5,89.932,89.809,89.586,89.586
2025,18,hamilton,ferrari,6,89.765,89.936,89.688,89.688
2025,18,leclerc,ferrari,7,90.37,89.914,89.78399999999999,89.78399999999999
2025,18,hadjar,rb,8,90.214,90.01599999999999,89.846,89.846
2025,18,bearman,haas,9,90.42,90.076,89.868,89.868
2025,18,alonso,aston_martin,10,90.745,90.054,89.955,89.955
2025,18,hulkenberg,sauber,11,90.715,90.14099999999999,,90.14099999999999
2025,18,lawson,rb,12,90.681,90.32,,90.32
2025,18,tsunoda,red_bull,13,90.574,90.35300000000001,,90.35300000000001
2025,18,bortoleto,sauber,14,90.82,,,90.82
2025,18,stroll,aston_martin,15,90.949,,,90.949
2025,18,colapinto,alpine,16,90.982,,,90.982
2025,18,ocon,haas,17,90.989,,,90.989
2025,18,gasly,alpine,18,91.261,,,91.261
2025,18,albon,williams,19,,,,
2025,18,sainz,williams,20,,,,
2025,19,max_verstappen,red_bull,1,93.207,92.701,92.50999999999999,92.50999999999999
2025,19,norris,mclaren,2,93.843,92.876,92.801,92.801
2025,19,leclerc,ferrari,3,93.525,92.869,92.807,92.807
2025,19,russell,mercedes,4,93.311,93.05799999999999,92.826,92.826
2025,19,hamilton,ferrari,5,93.685,92.914,92.912,92.912
2025,19,piastri,mclaren,6,93.74600000000001,93.22800000000001,93.084,93.084
2025,19,antonelli,mercedes,7,93.501,93.044,93.114,93.044
2025,19,bearman,haas,8,93.92099999999999,93.238,93.13900000000001,93.13900000000001
2025,19,sainz,williams,9,93.739,93.124,93.15,93.124
2025,19,alonso,aston_martin,10,93.741,93.237,93.16,93.16
2025,19,hulkenberg,sauber,11,93.551,93.334,,93.334
2025,19,lawson,rb,12,93.549,93.36,,93.36
2025,19,tsunoda,red_bull,13,93.935,93.46600000000001,,93.46600000000001
2025,19,gasly,alpine,14,93.59899999999999,93.65100000000001,,93.59899999999999
2025,19,colapinto,alpine,15,94.039,94.044,,94.039
2025,19,bortoleto,sauber,16,94.125,,,94.125
2025,19,ocon,haas,17,94.136,,,94.136
2025,19,stroll,aston_martin,18,94.53999999999999,,,94.53999999999999
2025,19,albon,williams,19,94.69,,,94.69
2025,19,hadjar,rb,20,,,,
2025,20,norris,mclaren,1,76.899,76.252,75.586,75.586
2025,20,leclerc,ferrari,2,77.024,76.658,75.848,75.848
2025,20,hamilton,ferrari,3,76.736,76.458,75.938,75.938
2025,20,russell,mercedes,4,76.895,76.537,76.03399999999999,76.03399999999999
2025,20,max_verstappen,red_bull,5,77.076,76.605,76.07,76.07
2025,20,antonelli,mercedes,6,77.291,76.773,76.118,76.118
2025,20,sainz,williams,7,77.17099999999999,76.607,76.172,76.172
2025,20,piastri,mclaren,8,77.158,76.737,76.174,76.174
2025,20,hadjar,rb,9,76.733,76.804,76.252,76.252
2025,20,bearman,haas,10,77.03999999999999,76.787,76.46000000000001,76.46000000000001
2025,20,tsunoda,red_bull,11,77.23400000000001,76.816,,76.816
2025,20,ocon,haas,12,76.94800000000001,76.837,,76.837
2025,20,hulkenberg,sauber,13,77.251,77.01599999999999,,77.01599999999999
2025,20,alonso,aston_martin,14,77.232,77.10300000000001,,77.10300000000001
2025,20,lawson,rb,15,76.961,78.072,,76.961
2025,20,bortoleto,sauber,16,77.412,,,77.412
2025,20,albon,williams,17,77.49,,,77.49
2025,20,gasly,alpine,18,77.54599999999999,,,77.54599999999999
2025,20,stroll,aston_martin,19,77.606,,,77.606
2025,20,colapinto,alpine,20,77.67,,,77.67
2025,21,norris,mclaren,1,69.656,69.616,69.511,69.511
2025,21,antonelli,mercedes,2,70.19200000000001,69.774,69.685,69.685
2025,21,leclerc,ferrari,3,69.934,69.801,69.805,69.801
2025,21,piastri,mclaren,4,69.928,69.83500000000001,69.886,69.83500000000001
2025,21,hadjar,rb,5,70.083,69.97,69.931,69.931
2025,21,russell,mercedes,6,69.935,69.88,69.94200000000001,69.88
2025,21,lawson,rb,7,70.108,69.95,69.962,69.95
2025,21,bearman,haas,8,69.891,69.755,69.977,69.755
2025,21,gasly,alpine,9,69.885,69.857,70.002,69.857
2025,21,hulkenberg,sauber,10,70.337,69.985,70.039,69.985
2025,21,alonso,aston_martin,11,70.181,70.001,,70.001
2025,21,albon,williams,12,70.115,70.053,,70.053
2025,21,hamilton,ferrari,13,70.016,70.1,,70.016
2025,21,stroll,aston_martin,14,70.041,70.161,,70.041
2025,21,sainz,williams,15,70.184,70.472,,70.184
2025,21,max_verstappen,red_bull,16,70.403,,,70.403
2025,21,ocon,haas,17,70.438,,,70.438
2025,21,colapinto,alpine,18,70.632,,,70.632
2025,21,tsunoda,red_bull,19,70.711,,,70.711
2025,22,norris,mclaren,1,115.473,111.37899999999999,107.934,107.934
2025,22,max_verstappen,red_bull,2,113.458,111.593,108.257,108.257
2025,22,sainz,williams,3,114.87299999999999,111.144,108.29599999999999,108.29599999999999
2025,22,russell,mercedes,4,113.144,110.935,108.803,108.803
2025,22,piastri,mclaren,5,114.544,112.126,108.961,108.961
2025,22,lawson,rb,6,114.828,111.62100000000001,109.062,109.062
2025,22,alonso,aston_martin,7,113.739,111.86500000000001,109.46600000000001,109.46600000000001
2025,22,hadjar,rb,8,115.613,111.12,109.554,109.554
2025,22,leclerc,ferrari,9,114.814,111.952,109.872,109.872
2025,22,gasly,alpine,10,114.432,111.75999999999999,111.53999999999999,111.53999999999999
2025,22,hulkenberg,sauber,11,114.555,112.781,,112.781
2025,22,stroll,aston_martin,12,114.416,112.85,,112.85
2025,22,ocon,haas,13,114.63499999999999,112.987,,112.987
2025,22,bearman,haas,14,116.01599999999999,113.094,,113.094
2025,22,colapinto,alpine,15,114.84700000000001,113.68299999999999,,113.68299999999999
2025,22,albon,williams,16,116.22,,,116.22
2025,22,antonelli,mercedes,17,116.314,,,116.314
2025,22,bortoleto,sauber,18,116.674,,,116.674
2025,22,tsunoda,red_bull,19,116.798,,,116.798
2025,22,hamilton,ferrari,20,117.11500000000001,,,117.11500000000001
2025,23,piastri,mclaren,1,80.23400000000001,79.65,79.387,79.387
2025,23,norris,mclaren,2,80.157,79.861,79.495,79.495
2025,23,max_verstappen,red_bull,3,80.47200000000001,79.985,79.651,79.651
2025,23,russell,mercedes,4,80.074,80.186,79.662,79.662
2025,23,antonelli,mercedes,5,80.576,80.084,79.846,79.846
2025,23,hadjar,rb,6,80.60300000000001,80.35,80.114,80.114
2025,23,sainz,williams,7,80.52,80.251,80.287,80.251
2025,23,alonso,aston_martin,8,80.598,80.219,80.418,80.219
2025,23,gasly,alpine,9,80.681,80.324,80.477,80.324
2025,23,leclerc,ferrari,10,80.564,80.343,80.561,80.343
2025,23,hulkenberg,sauber,11,80.63,80.35300000000001,,80.35300000000001
2025,23,lawson,rb,12,80.539,80.43299999999999,,80.43299999999999
2025,23,bearman,haas,13,80.548,80.438,,80.438
2025,23,bortoleto,sauber,14,80.65299999999999,80.53399999999999,,80.53399999999999
2025,23,albon,williams,15,80.629,80.629,,80.629
2025,23,tsunoda,red_bull,16,80.761,,,80.761
2025,23,ocon,haas,17,80.864,,,80.864
2025,23,hamilton,ferrari,18,80.907,,,80.907
2025,23,stroll,aston_martin,19,81.05799999999999,,,81.05799999999999
2025,23,colapinto,alpine,20,81.137,,,81.137
2025,24,max_verstappen,red_bull,1,82.877,82.752,82.207,82.207
2025,24,norris,mclaren,2,83.178,82.804,82.408,82.408
2025,24,piastri,mclaren,3,82.605,83.021,82.437,82.437
2025,24,russell,mercedes,4,83.247,82.73,82.645,82.645
2025,24,leclerc,ferrari,5,83.163,82.94800000000001,82.73,82.73
2025,24,alonso,aston_martin,6,83.071,82.861,82.902,82.861
2025,24,bortoleto,sauber,7,83.374,82.874,82.904,82.874
2025,24,ocon,haas,8,83.334,83.023,82.913,82.913
2025,24,hadjar,rb,9,83.373,82.997,83.072,82.997
2025,24,tsunoda,red_bull,10,83.386,83.03399999999999,,83.03399999999999
2025,24,bearman,haas,11,83.254,83.041,,83.041
2025,24,sainz,williams,12,83.187,83.042,,83.042
2025,24,lawson,rb,13,83.265,83.077,,83.077
2025,24,antonelli,mercedes,14,82.894,83.08,,82.894
2025,24,stroll,aston_martin,15,83.316,83.09700000000001,,83.09700000000001
2025,24,hamilton,ferrari,16,83.394,,,83.394
2025,24,albon,williams,17,83.416,,,83.416
2025,24,hulkenberg,sauber,18,83.45,,,83.45
2025,24,gasly,alpine,19,83.468,,,83.468
2025,24,colapinto,alpine,20,83.89,,,83.89
2026,1,russell,mercedes,1,79.507,78.934,78.518,78.518
2026,1,antonelli,mercedes,2,80.12,79.435,78.811,78.811
2026,1,hadjar,red_bull,3,80.023,79.65299999999999,79.303,79.303
2026,1,leclerc,ferrari,4,80.226,79.357,79.327,79.327
2026,1,piastri,mclaren,5,79.664,79.525,79.38,79.38
2026,1,norris,mclaren,6,80.01,79.882,79.475,79.475
2026,1,hamilton,ferrari,7,79.811,79.92099999999999,79.47800000000001,79.47800000000001
2026,1,lawson,rb,8,80.491,80.144,79.994,79.994
2026,1,arvid_lindblad,rb,9,80.40899999999999,79.971,81.247,79.971
2026,1,bortoleto,audi,10,80.495,80.221,,80.221
2026,1,hulkenberg,audi,11,81.024,80.303,,80.303
2026,1,bearman,haas,12,81.247,80.311,,80.311
2026,1,ocon,haas,13,80.759,80.491,,80.491
2026,1,gasly,alpine,14,81.138,80.501,,80.501
2026,1,albon,williams,15,81.051,80.941,,80.941
2026,1,colapinto,alpine,16,81.2,81.27,,81.2
2026,1,alonso,aston_martin,17,81.969,,,81.969
2026,1,perez,cadillac,18,82.605,,,82.605
2026,1,bottas,cadillac,19,83.244,,,83.244
2026,2,antonelli,mercedes,1,93.305,92.443,92.064,92.064
2026,2,russell,mercedes,2,93.262,92.523,92.286,92.286
2026,2,hamilton,ferrari,3,93.52199999999999,92.56700000000001,92.41499999999999,92.41499999999999
2026,2,leclerc,ferrari,4,93.175,92.48599999999999,92.428,92.428
2026,2,piastri,mclaren,5,93.59,93.13,92.55,92.55
2026,2,norris,mclaren,6,93.535,92.91,92.608,92.608
2026,2,gasly,alpine,7,93.788,93.003,92.87299999999999,92.87299999999999
2026,2,max_verstappen,red_bull,8,93.417,93.098,93.00200000000001,93.00200000000001
2026,2,hadjar,red_bull,9,93.632,93.352,93.12100000000001,93.12100000000001
2026,2,bearman,haas,10,93.687,93.197,93.292,93.197
2026,2,hulkenberg,audi,11,94.116,93.354,,93.354
2026,2,colapinto,alpine,12,93.634,93.357,,93.357
2026,2,ocon,haas,13,93.97399999999999,93.538,,93.538
2026,2,lawson,rb,14,94.13900000000001,93.765,,93.765
2026,2,arvid_lindblad,rb,15,93.906,93.78399999999999,,93.78399999999999
2026,2,bortoleto,audi,16,93.549,93.965,,93.549
2026,2,sainz,williams,17,94.31700000000001,,,94.31700000000001
2026,2,albon,williams,18,94.77199999999999,,,94.77199999999999
2026,2,alonso,aston_martin,19,95.203,,,95.203
2026,2,bottas,cadillac,20,95.436,,,95.436
2026,2,stroll,aston_martin,21,95.995,,,95.995
2026,2,perez,cadillac,22,96.906,,,96.906
2026,3,antonelli,mercedes,1,90.035,89.048,88.77799999999999,88.77799999999999
2026,3,russell,mercedes,2,89.967,89.686,89.076,89.076
2026,3,piastri,mclaren,3,90.2,89.451,89.132,89.132
2026,3,leclerc,ferrari,4,89.91499999999999,89.303,89.405,89.303
2026,3,norris,mclaren,5,90.401,89.795,89.40899999999999,89.40899999999999
2026,3,hamilton,ferrari,6,90.309,89.589,89.56700000000001,89.56700000000001
2026,3,gasly,alpine,7,90.584,89.874,89.691,89.691
2026,3,hadjar,red_bull,8,90.662,90.104,89.97800000000001,89.97800000000001
2026,3,bortoleto,audi,9,90.35900000000001,89.99,90.274,89.99
2026,3,arvid_lindblad,rb,10,90.781,90.10900000000001,90.319,90.10900000000001
2026,3,max_verstappen,red_bull,11,90.519,90.262,,90.262
2026,3,ocon,haas,12,90.91499999999999,90.309,,90.309
2026,3,hulkenberg,audi,13,90.358,90.387,,90.358
2026,3,lawson,rb,14,90.657,90.495,,90.495
2026,3,colapinto,alpine,15,90.931,90.627,,90.627
2026,3,sainz,williams,16,90.92699999999999,91.033,,90.92699999999999
2026,3,albon,williams,17,91.088,,,91.088
2026,3,bearman,haas,18,91.09,,,91.09
2026,3,perez,cadillac,19,92.206,,,92.206
2026,3,bottas,cadillac,20,92.33,,,92.33
2026,3,alonso,aston_martin,21,92.646,,,92.646
2026,3,stroll,aston_martin,22,92.92,,,92.92
2026,4,antonelli,mercedes,1,88.65299999999999,88.289,87.798,87.798
2026,4,max_verstappen,red_bull,2,89.099,88.116,87.964,87.964
2026,4,leclerc,ferrari,3,88.938,88.315,88.143,88.143
2026,4,norris,mclaren,4,89.18299999999999,88.92,88.18299999999999,88.18299999999999
2026,4,russell,mercedes,5,89.492,88.477,88.197,88.197
2026,4,hamilton,ferrari,6,89.483,88.477,88.319,88.319
2026,4,piastri,mclaren,7,89.92,88.332,88.5,88.332
2026,4,colapinto,alpine,8,89.584,88.975,88.762,88.762
2026,4,gasly,alpine,9,89.914,89.07,88.81,88.81
2026,4,hulkenberg,audi,10,89.645,89.439,,89.439
2026,4,lawson,rb,11,89.595,89.499,,89.499
2026,4,bearman,haas,12,89.34,89.56700000000001,,89.34
2026,4,sainz,williams,13,89.53999999999999,89.568,,89.53999999999999
2026,4,ocon,haas,14,89.838,89.77199999999999,,89.77199999999999
2026,4,albon,williams,15,89.72,89.946,,89.72
2026,4,arvid_lindblad,rb,16,90.133,,,90.133
2026,4,alonso,aston_martin,17,91.098,,,91.098
2026,4,stroll,aston_martin,18,91.164,,,91.164
2026,4,bottas,cadillac,19,91.629,,,91.629
2026,4,perez,cadillac,20,91.967,,,91.967
2026,4,bortoleto,audi,21,93.737,,,93.737
2026,4,hadjar,red_bull,22,,,,
2026,5,russell,mercedes,1,73.953,73.07900000000001,72.578,72.578
2026,5,antonelli,mercedes,2,73.38,73.076,72.646,72.646
2026,5,norris,mclaren,3,73.503,73.049,72.729,72.729
2026,5,piastri,mclaren,4,73.559,73.285,72.781,72.781
2026,5,hamilton,ferrari,5,73.767,73.041,72.868,72.868
2026,5,max_verstappen,red_bull,6,74.06700000000001,73.479,72.907,72.907
2026,5,hadjar,red_bull,7,73.654,72.975,72.935,72.935
2026,5,leclerc,ferrari,8,73.825,73.496,72.976,72.976
2026,5,arvid_lindblad,rb,9,73.895,73.548,73.28,73.28
2026,5,colapinto,alpine,10,74.466,73.857,73.697,73.697
2026,5,hulkenberg,audi,11,74.562,73.886,,73.886
2026,5,lawson,rb,12,74.346,73.897,,73.897
2026,5,bortoleto,audi,13,74.775,74.071,,74.071
2026,5,sainz,williams,15,74.276,74.273,,74.273
2026,5,bearman,haas,16,74.449,74.416,,74.416
2026,5,gasly,alpine,14,74.69800000000001,74.187,,74.187
2026,5,ocon,haas,17,74.845,,,74.845
2026,5,albon,williams,18,74.851,,,74.851
2026,5,alonso,aston_martin,19,75.196,,,75.196
2026,5,perez,cadillac,20,75.429,,,75.429
2026,5,stroll,aston_martin,21,76.195,,,76.195
2026,5,bottas,cadillac,22,76.27199999999999,,,76.27199999999999
2026,6,antonelli,mercedes,1,73.599,72.70400000000001,72.051,72.051
2026,6,max_verstappen,red_bull,2,73.49,72.499,72.094,72.094
2026,6,hamilton,ferrari,3,73.777,72.934,72.279,72.279
2026,6,leclerc,ferrari,4,73.293,72.774,72.351,72.351
2026,6,hadjar,red_bull,5,74.408,72.722,72.434,72.434
2026,6,russell,mercedes,6,74.214,73.238,72.445,72.445
2026,6,piastri,mclaren,7,74.159,72.983,72.624,72.624
2026,6,norris,mclaren,8,73.63,72.919,72.765,72.765
2026,6,gasly,alpine,9,74.469,73.762,73.226,73.226
2026,6,lawson,rb,10,74.498,73.471,73.412,73.412
2026,6,albon,williams,11,74.321,73.787,,73.787
2026,6,sainz,williams,12,74.348,73.815,,73.815
2026,6,hulkenberg,audi,13,73.923,73.902,,73.902
2026,6,colapinto,alpine,14,74.57300000000001,73.995,,73.995
2026,6,arvid_lindblad,rb,15,74.685,74.248,,74.248
2026,6,bortoleto,audi,16,74.68299999999999,,,74.68299999999999
2026,6,ocon,haas,17,74.722,,,74.722
2026,6,perez,cadillac,18,74.747,,,74.747
2026,6,bearman,haas,19,74.814,,,74.814
2026,6,bottas,cadillac,20,75.283,,,75.283
2026,6,alonso,aston_martin,21,75.349,,,75.349
2026,6,stroll,aston_martin,22,76.061,,,76.061
2026,7,russell,mercedes,1,75.717,75.228,74.679,74.679
2026,7,hamilton,ferrari,2,75.625,75.418,74.743,74.743
2026,7,antonelli,mercedes,3,75.977,75.295,74.998,74.998
2026,7,norris,mclaren,4,76.287,75.361,75.001,75.001
2026,7,max_verstappen,red_bull,5,76.352,75.484,75.021,75.021
2026,7,hadjar,red_bull,6,76.42699999999999,75.754,75.077,75.077
2026,7,piastri,mclaren,7,76.138,75.518,75.09,75.09
2026,7,lawson,rb,8,76.673,75.58500000000001,76.542,75.58500000000001
2026,7,hulkenberg,audi,9,76.066,75.768,76.657,75.768
2026,7,leclerc,ferrari,10,75.964,75.281,,75.281
2026,7,arvid_lindblad,rb,11,76.425,75.84,,75.84
2026,7,bortoleto,audi,12,76.616,76.001,,76.001
2026,7,colapinto,alpine,13,76.59,76.191,,76.191
2026,7,gasly,alpine,14,76.599,76.261,,76.261
2026,7,bearman,haas,15,76.571,76.389,,76.389
2026,7,sainz,williams,16,76.881,77.827,,76.881
2026,7,ocon,haas,17,77.07300000000001,,,77.07300000000001
2026,7,albon,williams,18,77.424,,,77.424
2026,7,perez,cadillac,19,77.545,,,77.545
2026,7,bottas,cadillac,20,77.757,,,77.757
2026,7,stroll,aston_martin,21,78.758,,,78.758
2026,7,alonso,aston_martin,22,78.815,,,78.815
2026,8,russell,mercedes,1,67.398,66.979,66.113,66.113
2026,8,leclerc,ferrari,2,67.543,67.03,66.349,66.349
2026,8,hamilton,ferrari,3,67.29,66.994,66.408,66.408
2026,8,antonelli,mercedes,4,67.083,66.763,66.414,66.414
2026,8,max_verstappen,red_bull,5,67.407,67.18299999999999,66.475,66.475
2026,8,norris,mclaren,6,67.259,66.897,66.502,66.502
2026,8,piastri,mclaren,7,67.487,66.89,66.511,66.511
2026,8,hadjar,red_bull,8,67.408,67.086,66.632,66.632
2026,8,lawson,rb,9,67.385,67.136,66.955,66.955
2026,8,arvid_lindblad,rb,10,67.549,67.155,67.007,67.007
2026,8,gasly,alpine,11,68.038,67.223,,67.223
2026,8,bortoleto,audi,12,68.035,67.293,,67.293
2026,8,bearman,haas,13,68.061,67.523,,67.523
2026,8,hulkenberg,audi,14,68.066,67.611,,67.611
2026,8,ocon,haas,15,68.231,67.81700000000001,,67.81700000000001
2026,8,colapinto,alpine,16,67.894,68.17099999999999,,67.894
2026,8,sainz,williams,17,68.252,,,68.252
2026,8,albon,williams,18,68.509,,,68.509
2026,8,perez,cadillac,19,68.945,,,68.945
2026,8,bottas,cadillac,20,69.03,,,69.03
2026,8,alonso,aston_martin,21,69.94200000000001,,,69.94200000000001
2026,8,stroll,aston_martin,22,70.363,,,70.363
2026,9,antonelli,mercedes,1,89.719,88.493,88.111,88.111
2026,9,leclerc,ferrari,2,89.53399999999999,88.626,88.286,88.286
2026,9,hamilton,ferrari,3,89.644,88.864,88.458,88.458
2026,9,russell,mercedes,4,89.985,88.92,88.481,88.481
2026,9,hadjar,red_bull,5,89.276,89.069,88.746,88.746
2026,9,norris,mclaren,6,90.186,89.383,88.877,88.877
2026,9,max_verstappen,red_bull,7,89.549,89.113,88.893,88.893
2026,9,piastri,mclaren,8,89.971,89.218,89.032,89.032
2026,9,arvid_lindblad,rb,9,89.661,89.324,89.305,89.305
2026,9,lawson,rb,10,89.3,89.429,89.71600000000001,89.3
2026,9,bortoleto,audi,11,90.269,89.461,,89.461
2026,9,gasly,alpine,12,90.345,90.063,,90.063
2026,9,hulkenberg,audi,13,89.539,90.076,,89.539
2026,9,bearman,haas,14,90.57,90.501,,90.501
2026,9,sainz,williams,15,90.562,90.623,,90.562
2026,9,albon,williams,16,90.638,91.34100000000001,,90.638
2026,9,ocon,haas,17,90.68,,,90.68
2026,9,bottas,cadillac,18,91.227,,,91.227
2026,9,colapinto,alpine,19,91.321,,,91.321
2026,9,perez,cadillac,20,91.451,,,91.451
2026,9,stroll,aston_martin,21,92.863,,,92.863
2026,9,alonso,aston_martin,22,93.025,,,93.025
2026,10,antonelli,mercedes,1,106.304,105.142,104.36099999999999,104.36099999999999
2026,10,max_verstappen,red_bull,2,105.93,105.589,104.678,104.678
2026,10,norris,mclaren,3,105.86500000000001,105.45400000000001,104.801,104.801
2026,10,leclerc,ferrari,5,106.27799999999999,105.39699999999999,104.893,104.893
2026,10,hadjar,red_bull,10,106.062,105.82300000000001,,105.82300000000001
2026,10,russell,mercedes,4,106.185,105.689,104.869,104.869
2026,10,hamilton,ferrari,6,106.124,105.543,104.89500000000001,104.89500000000001
2026,10,piastri,mclaren,7,106.43299999999999,105.67099999999999,105.01599999999999,105.01599999999999
2026,10,arvid_lindblad,rb,8,106.191,105.62899999999999,105.143,105.143
2026,10,bortoleto,audi,9,106.60900000000001,106.082,105.628,105.628
2026,10,lawson,rb,11,106.501,106.12,,106.12
2026,10,gasly,alpine,12,106.679,106.331,,106.331
2026,10,colapinto,alpine,13,106.795,106.392,,106.392
2026,10,hulkenberg,audi,14,106.893,106.67099999999999,,106.67099999999999
2026,10,sainz,williams,15,107.08,106.777,,106.777
2026,10,bearman,haas,16,107.113,106.779,,106.779
2026,10,albon,williams,17,107.12,,,107.12
2026,10,ocon,haas,18,107.801,,,107.801
2026,10,bottas,cadillac,19,107.82300000000001,,,107.82300000000001
2026,10,perez,cadillac,20,107.971,,,107.971
2026,10,alonso,aston_martin,21,110.00200000000001,,,110.00200000000001
2026,10,stroll,aston_martin,22,110.17699999999999,,,110.17699999999999
2026,11,norris,mclaren,1,78.277,77.456,77.207,77.207
2026,11,hamilton,ferrari,2,78.73,77.803,77.219,77.219
2026,11,leclerc,ferrari,3,78.98400000000001,77.626,77.445,77.445
2026,11,antonelli,mercedes,4,78.726,78.393,77.479,77.479
2026,11,piastri,mclaren,5,78.89099999999999,77.928,77.684,77.684
2026,11,max_verstappen,red_bull,6,78.656,78.249,77.725,77.725
2026,11,russell,mercedes,7,78.856,78.445,77.76,77.76
2026,11,hadjar,red_bull,8,78.754,77.872,77.856,77.856
2026,11,arvid_lindblad,rb,9,79.233,78.36,78.281,78.281
2026,11,hulkenberg,audi,10,78.79599999999999,78.639,78.686,78.639
2026,11,lawson,rb,11,79.161,78.765,,78.765
2026,11,gasly,alpine,12,79.741,78.844,,78.844
2026,11,colapinto,alpine,13,79.771,79.027,,79.027
2026,11,bortoleto,audi,14,79.069,79.105,,79.069
2026,11,ocon,haas,15,80.01,79.73400000000001,,79.73400000000001
2026,11,alonso,aston_martin,16,80.126,79.80799999999999,,79.80799999999999
2026,11,bearman,haas,17,80.233,,,80.233
2026,11,sainz,williams,18,80.621,,,80.621
2026,11,albon,williams,19,80.658,,,80.658
2026,11,stroll,aston_martin,20,80.65899999999999,,,80.65899999999999
2026,11,bottas,cadillac,21,80.886,,,80.886
2026,11,perez,cadillac,22,81.322,,,81.322
2026,12,norris,mclaren,1,72.695,71.628,71.163,71.163
2026,12,russell,mercedes,2,72.924,71.959,71.265,71.265
2026,12,antonelli,mercedes,3,73.022,71.91499999999999,71.29599999999999,71.29599999999999
2026,12,piastri,mclaren,4,72.61,71.641,71.305,71.305
2026,12,hamilton,ferrari,5,72.673,71.97,71.494,71.494
2026,12,leclerc,ferrari,6,73.064,71.91,71.55799999999999,71.55799999999999
2026,12,max_verstappen,red_bull,7,73.28999999999999,71.874,71.618,71.618
2026,12,lawson,red_bull,8,73.392,72.301,71.733,71.733
2026,12,bortoleto,audi,9,73.142,72.43299999999999,72.07900000000001,72.07900000000001
2026,12,arvid_lindblad,rb,10,73.074,72.525,72.185,72.185
2026,12,gasly,alpine,11,73.115,72.616,,72.616
2026,12,tsunoda,rb,12,73.08500000000001,72.627,,72.627
2026,12,hulkenberg,audi,13,73.188,72.797,,72.797
2026,12,colapinto,alpine,14,73.322,72.8,,72.8
2026,12,ocon,haas,15,73.544,73.137,,73.137
2026,12,albon,williams,16,73.55199999999999,73.182,,73.182
2026,12,sainz,williams,17,73.574,,,73.574
2026,12,alonso,aston_martin,18,73.65,,,73.65
2026,12,stroll,aston_martin,19,73.818,,,73.818
2026,12,bearman,haas,20,73.826,,,73.826
2026,12,bottas,cadillac,21,74.371,,,74.371
2026,12,perez,cadillac,22,74.6,,,74.6
2026,13,gasly,alpine,1,82.612,82.077,81.786,81.786
2026,13,russell,mercedes,2,82.779,82.161,81.846,81.846
2026,13,piastri,mclaren,3,82.924,82.017,81.96600000000001,81.96600000000001
2026,13,leclerc,ferrari,4,82.902,82.509,82.004,82.004
2026,13,hamilton,ferrari,5,82.84700000000001,82.51599999999999,82.011,82.011
2026,13,max_verstappen,red_bull,6,82.631,82.188,82.07,82.07
2026,13,antonelli,mercedes,7,82.758,81.882,82.093,81.882
2026,13,colapinto,alpine,8,82.662,82.4,82.22,82.22
2026,13,norris,mclaren,9,82.65899999999999,82.06700000000001,82.256,82.06700000000001
2026,13,arvid_lindblad,rb,10,82.727,82.345,82.286,82.286
2026,13,bortoleto,audi,11,82.946,82.517,,82.517
2026,13,bearman,haas,12,82.906,82.756,,82.756
2026,13,hulkenberg,audi,13,83.44,82.779,,82.779
2026,13,lawson,red_bull,14,82.989,82.821,,82.821
2026,13,sainz,williams,15,83.616,83.453,,83.453
2026,13,ocon,haas,16,83.46600000000001,83.45400000000001,,83.45400000000001
2026,13,tsunoda,rb,17,83.755,,,83.755
2026,13,albon,williams,18,84.356,,,84.356
2026,13,bottas,cadillac,19,84.364,,,84.364
2026,13,perez,cadillac,20,84.595,,,84.595
2026,13,alonso,aston_martin,21,85.15,,,85.15
2026,13,stroll,aston_martin,22,85.22200000000001,,,85.22200000000001
