season,round,race_name,race_date,circuit_id,circuit_name,country,locality,lat,lng,driver_id,driver_code,driver_number,given_name,family_name,date_of_birth,nationality,constructor_id,constructor_name,grid,finish_position,position_text,points,laps,status,race_time_ms,fastest_lap_rank,fastest_lap_time_s,fastest_lap_avg_speed
2018,1,Australian Grand Prix,2018-03-25,albert_park,Albert Park Grand Prix Circuit,Australia,Melbourne,-37.8497,144.968,vettel,VET,5,Sebastian,Vettel,1987-07-03,German,ferrari,Ferrari,3,1,1,25.0,58,Finished,5373283.0,4.0,86.469,220.782
2018,1,Australian Grand Prix,2018-03-25,albert_park,Albert Park Grand Prix Circuit,Australia,Melbourne,-37.8497,144.968,hamilton,HAM,44,Lewis,Hamilton,1985-01-07,British,mercedes,Mercedes,1,2,2,18.0,58,Finished,5378319.0,3.0,86.444,220.845
2018,1,Australian Grand Prix,2018-03-25,albert_park,Albert Park Grand Prix Circuit,Australia,Melbourne,-37.8497,144.968,raikkonen,RAI,7,Kimi,Räikkönen,1979-10-17,Finnish,ferrari,Ferrari,2,3,3,15.0,58,Finished,5379592.0,2.0,86.373,221.027
2018,1,Australian Grand Prix,2018-03-25,albert_park,Albert Park Grand Prix Circuit,Australia,Melbourne,-37.8497,144.968,ricciardo,RIC,3,Daniel,Ricciardo,1989-07-01,Australian,red_bull,Red Bull,8,4,4,12.0,58,Finished,5380352.0,1.0,85.945,222.128
2018,1,Australian Grand Prix,2018-03-25,albert_park,Albert Park Grand Prix Circuit,Australia,Melbourne,-37.8497,144.968,alonso,ALO,14,Fernando,Alonso,1981-07-29,Spanish,mclaren,McLaren,10,5,5,10.0,58,Finished,5401169.0,7.0,86.97800000000001,219.489
2018,1,Australian Grand Prix,2018-03-25,albert_park,Albert Park Grand Prix Circuit,Australia,Melbourne,-37.8497,144.968,max_verstappen,VER,33,Max,Verstappen,1997-09-30,Dutch,red_bull,Red Bull,4,6,6,8.0,58,Finished,5402228.0,5.0,86.88,219.737
2018,1,Australian Grand Prix,2018-03-25,albert_park,Albert Park Grand Prix Circuit,Australia,Melbourne,-37.8497,144.968,hulkenberg,HUL,27,Nico,Hülkenberg,1987-08-19,German,renault,Renault,7,7,7,6.0,58,Finished,5405954.0,9.0,87.081,219.23
2018,1,Australian Grand Prix,2018-03-25,albert_park,Albert Park Grand Prix Circuit,Australia,Melbourne,-37.8497,144.968,bottas,BOT,77,Valtteri,Bottas,1989-08-28,Finnish,mercedes,Mercedes,15,8,8,4.0,58,Finished,5407622.0,8.0,87.019,219.386
2018,1,Australian Grand Prix,2018-03-25,albert_park,Albert Park Grand Prix Circuit,Australia,Melbourne,-37.8497,144.968,vandoorne,VAN,2,Stoffel,Vandoorne,1992-03-26,Belgian,mclaren,McLaren,11,9,9,2.0,58,Finished,5408204.0,6.0,86.958,219.54
2018,1,Australian Grand Prix,2018-03-25,albert_park,Albert Park Grand Prix Circuit,Australia,Melbourne,-37.8497,144.968,sainz,SAI,55,Carlos,Sainz,1994-09-01,Spanish,renault,Renault,9,10,10,1.0,58,Finished,5419005.0,12.0,87.944,217.079
2018,1,Australian Grand Prix,2018-03-25,albert_park,Albert Park Grand Prix Circuit,Australia,Melbourne,-37.8497,144.968,perez,PER,11,Sergio,Pérez,1990-01-26,Mexican,force_india,Force India,12,11,11,0.0,58,Finished,5420100.0,11.0,87.633,217.849
2018,1,Australian Grand Prix,2018-03-25,albert_park,Albert Park Grand Prix Circuit,Australia,Melbourne,-37.8497,144.968,ocon,OCO,31,Esteban,Ocon,1996-09-17,French,force_india,Force India,14,12,12,0.0,58,Finished,5433561.0,10.0,87.6,217.931
2018,1,Australian Grand Prix,2018-03-25,albert_park,Albert Park Grand Prix Circuit,Australia,Melbourne,-37.8497,144.968,leclerc,LEC,16,Charles,Leclerc,1997-10-16,Monegasque,sauber,Sauber,18,13,13,0.0,58,Finished,5449042.0,15.0,88.759,215.085
2018,1,Australian Grand Prix,2018-03-25,albert_park,Albert Park Grand Prix Circuit,Australia,Melbourne,-37.8497,144.968,stroll,STR,18,Lance,Stroll,1998-10-29,Canadian,williams,Williams,13,14,14,0.0,58,Finished,5451571.0,14.0,88.511,215.688
2018,1,Australian Grand Prix,2018-03-25,albert_park,Albert Park Grand Prix Circuit,Australia,Melbourne,-37.8497,144.968,brendon_hartley,HAR,28,Brendon,Hartley,1989-11-10,New Zealander,toro_rosso,Toro Rosso,16,15,15,0.0,57,+1 Lap,,13.0,88.176,216.507
2018,1,Australian Grand Prix,2018-03-25,albert_park,Albert Park Grand Prix Circuit,Australia,Melbourne,-37.8497,144.968,grosjean,GRO,8,Romain,Grosjean,1986-04-17,French,haas,Haas F1 Team,6,16,R,0.0,24,Wheel,,16.0,88.805,214.974
2018,1,Australian Grand Prix,2018-03-25,albert_park,Albert Park Grand Prix Circuit,Australia,Melbourne,-37.8497,144.968,kevin_magnussen,MAG,20,Kevin,Magnussen,1992-10-05,Danish,haas,Haas F1 Team,5,17,R,0.0,22,Wheel,,17.0,89.53399999999999,213.224
2018,1,Australian Grand Prix,2018-03-25,albert_park,Albert Park Grand Prix Circuit,Australia,Melbourne,-37.8497,144.968,gasly,GAS,10,Pierre,Gasly,1996-02-07,French,toro_rosso,Toro Rosso,20,18,R,0.0,13,Engine,,18.0,90.649,210.601
2018,1,Australian Grand Prix,2018-03-25,albert_park,Albert Park Grand Prix Circuit,Australia,Melbourne,-37.8497,144.968,ericsson,ERI,9,Marcus,Ericsson,1990-09-02,Swedish,sauber,Sauber,17,19,R,0.0,5,Steering,,19.0,92.21000000000001,207.036
2018,1,Australian Grand Prix,2018-03-25,albert_park,Albert Park Grand Prix Circuit,Australia,Melbourne,-37.8497,144.968,sirotkin,SIR,35,Sergey,Sirotkin,1995-08-27,Russian,williams,Williams,19,20,R,0.0,4,Brakes,,20.0,92.57300000000001,206.224
2018,2,Bahrain Grand Prix,2018-04-08,bahrain,Bahrain International Circuit,Bahrain,Sakhir,26.0325,50.5106,vettel,VET,5,Sebastian,Vettel,1987-07-03,German,ferrari,Ferrari,1,1,1,25.0,57,Finished,5521940.0,7.0,94.453,206.274
2018,2,Bahrain Grand Prix,2018-04-08,bahrain,Bahrain International Circuit,Bahrain,Sakhir,26.0325,50.5106,bottas,BOT,77,Valtteri,Bottas,1989-08-28,Finnish,mercedes,Mercedes,3,2,2,18.0,57,Finished,5522639.0,1.0,93.74000000000001,207.842
2018,2,Bahrain Grand Prix,2018-04-08,bahrain,Bahrain International Circuit,Bahrain,Sakhir,26.0325,50.5106,hamilton,HAM,44,Lewis,Hamilton,1985-01-07,British,mercedes,Mercedes,9,3,3,15.0,57,Finished,5528452.0,2.0,93.953,207.371
2018,2,Bahrain Grand Prix,2018-04-08,bahrain,Bahrain International Circuit,Bahrain,Sakhir,26.0325,50.5106,gasly,GAS,10,Pierre,Gasly,1996-02-07,French,toro_rosso,Toro Rosso,5,4,4,12.0,57,Finished,5584174.0,11.0,94.863,205.382
2018,2,Bahrain Grand Prix,2018-04-08,bahrain,Bahrain International Circuit,Bahrain,Sakhir,26.0325,50.5106,kevin_magnussen,MAG,20,Kevin,Magnussen,1992-10-05,Danish,haas,Haas F1 Team,6,5,5,10.0,57,Finished,5596986.0,5.0,94.327,206.549
2018,2,Bahrain Grand Prix,2018-04-08,bahrain,Bahrain International Circuit,Bahrain,Sakhir,26.0325,50.5106,hulkenberg,HUL,27,Nico,Hülkenberg,1987-08-19,German,renault,Renault,7,6,6,8.0,57,Finished,5620964.0,9.0,94.667,205.807
2018,2,Bahrain Grand Prix,2018-04-08,bahrain,Bahrain International Circuit,Bahrain,Sakhir,26.0325,50.5106,alonso,ALO,14,Fernando,Alonso,1981-07-29,Spanish,mclaren,McLaren,13,7,7,6.0,56,+1 Lap,,4.0,94.168,206.898
2018,2,Bahrain Grand Prix,2018-04-08,bahrain,Bahrain International Circuit,Bahrain,Sakhir,26.0325,50.5106,vandoorne,VAN,2,Stoffel,Vandoorne,1992-03-26,Belgian,mclaren,McLaren,14,8,8,4.0,56,+1 Lap,,16.0,95.131,204.803
2018,2,Bahrain Grand Prix,2018-04-08,bahrain,Bahrain International Circuit,Bahrain,Sakhir,26.0325,50.5106,ericsson,ERI,9,Marcus,Ericsson,1990-09-02,Swedish,sauber,Sauber,17,9,9,2.0,56,+1 Lap,,15.0,95.093,204.885
2018,2,Bahrain Grand Prix,2018-04-08,bahrain,Bahrain International Circuit,Bahrain,Sakhir,26.0325,50.5106,ocon,OCO,31,Esteban,Ocon,1996-09-17,French,force_india,Force India,8,10,10,1.0,56,+1 Lap,,12.0,95.043,204.993
2018,2,Bahrain Grand Prix,2018-04-08,bahrain,Bahrain International Circuit,Bahrain,Sakhir,26.0325,50.5106,sainz,SAI,55,Carlos,Sainz,1994-09-01,Spanish,renault,Renault,10,11,11,0.0,56,+1 Lap,,18.0,95.535,203.937
2018,2,Bahrain Grand Prix,2018-04-08,bahrain,Bahrain International Circuit,Bahrain,Sakhir,26.0325,50.5106,leclerc,LEC,16,Charles,Leclerc,1997-10-16,Monegasque,sauber,Sauber,19,12,12,0.0,56,+1 Lap,,14.0,95.075,204.924
2018,2,Bahrain Grand Prix,2018-04-08,bahrain,Bahrain International Circuit,Bahrain,Sakhir,26.0325,50.5106,grosjean,GRO,8,Romain,Grosjean,1986-04-17,French,haas,Haas F1 Team,16,13,13,0.0,56,+1 Lap,,10.0,94.689,205.759
2018,2,Bahrain Grand Prix,2018-04-08,bahrain,Bahrain International Circuit,Bahrain,Sakhir,26.0325,50.5106,stroll,STR,18,Lance,Stroll,1998-10-29,Canadian,williams,Williams,20,14,14,0.0,56,+1 Lap,,13.0,95.05799999999999,204.961
2018,2,Bahrain Grand Prix,2018-04-08,bahrain,Bahrain International Circuit,Bahrain,Sakhir,26.0325,50.5106,sirotkin,SIR,35,Sergey,Sirotkin,1995-08-27,Russian,williams,Williams,18,15,15,0.0,56,+1 Lap,,3.0,94.053,207.151
2018,2,Bahrain Grand Prix,2018-04-08,bahrain,Bahrain International Circuit,Bahrain,Sakhir,26.0325,50.5106,perez,PER,11,Sergio,Pérez,1990-01-26,Mexican,force_india,Force India,12,16,16,0.0,56,+1 Lap,,17.0,95.26599999999999,204.513
2018,2,Bahrain Grand Prix,2018-04-08,bahrain,Bahrain International Circuit,Bahrain,Sakhir,26.0325,50.5106,brendon_hartley,HAR,28,Brendon,Hartley,1989-11-10,New Zealander,toro_rosso,Toro Rosso,11,17,17,0.0,56,+1 Lap,,8.0,94.563,206.034
2018,2,Bahrain Grand Prix,2018-04-08,bahrain,Bahrain International Circuit,Bahrain,Sakhir,26.0325,50.5106,raikkonen,RAI,7,Kimi,Räikkönen,1979-10-17,Finnish,ferrari,Ferrari,2,18,R,0.0,35,Wheel,,6.0,94.337,206.527
2018,2,Bahrain Grand Prix,2018-04-08,bahrain,Bahrain International Circuit,Bahrain,Sakhir,26.0325,50.5106,max_verstappen,VER,33,Max,Verstappen,1997-09-30,Dutch,red_bull,Red Bull,15,19,R,0.0,3,Puncture,,,,
2018,2,Bahrain Grand Prix,2018-04-08,bahrain,Bahrain International Circuit,Bahrain,Sakhir,26.0325,50.5106,ricciardo,RIC,3,Daniel,Ricciardo,1989-07-01,Australian,red_bull,Red Bull,4,20,R,0.0,1,Electrical,,,,
2018,3,Chinese Grand Prix,2018-04-15,shanghai,Shanghai International Circuit,China,Shanghai,31.3389,121.22,ricciardo,RIC,3,Daniel,Ricciardo,1989-07-01,Australian,red_bull,Red Bull,6,1,1,25.0,56,Finished,5736380.0,1.0,95.785,204.871
2018,3,Chinese Grand Prix,2018-04-15,shanghai,Shanghai International Circuit,China,Shanghai,31.3389,121.22,bottas,BOT,77,Valtteri,Bottas,1989-08-28,Finnish,mercedes,Mercedes,3,2,2,18.0,56,Finished,5745274.0,6.0,96.987,202.332
2018,3,Chinese Grand Prix,2018-04-15,shanghai,Shanghai International Circuit,China,Shanghai,31.3389,121.22,raikkonen,RAI,7,Kimi,Räikkönen,1979-10-17,Finnish,ferrari,Ferrari,2,3,3,15.0,56,Finished,5746017.0,3.0,96.456,203.446
2018,3,Chinese Grand Prix,2018-04-15,shanghai,Shanghai International Circuit,China,Shanghai,31.3389,121.22,hamilton,HAM,44,Lewis,Hamilton,1985-01-07,British,mercedes,Mercedes,4,4,4,12.0,56,Finished,5753365.0,4.0,96.878,202.559
2018,3,Chinese Grand Prix,2018-04-15,shanghai,Shanghai International Circuit,China,Shanghai,31.3389,121.22,max_verstappen,VER,33,Max,Verstappen,1997-09-30,Dutch,red_bull,Red Bull,5,5,5,10.0,56,Finished,5756816.0,2.0,96.206,203.974
2018,3,Chinese Grand Prix,2018-04-15,shanghai,Shanghai International Circuit,China,Shanghai,31.3389,121.22,hulkenberg,HUL,27,Nico,Hülkenberg,1987-08-19,German,renault,Renault,7,6,6,8.0,56,Finished,5757432.0,5.0,96.881,202.553
2018,3,Chinese Grand Prix,2018-04-15,shanghai,Shanghai International Circuit,China,Shanghai,31.3389,121.22,alonso,ALO,14,Fernando,Alonso,1981-07-29,Spanish,mclaren,McLaren,13,7,7,6.0,56,Finished,5767019.0,7.0,97.23400000000001,201.818
2018,3,Chinese Grand Prix,2018-04-15,shanghai,Shanghai International Circuit,China,Shanghai,31.3389,121.22,vettel,VET,5,Sebastian,Vettel,1987-07-03,German,ferrari,Ferrari,1,8,8,4.0,56,Finished,5771666.0,9.0,97.479,201.311
2018,3,Chinese Grand Prix,2018-04-15,shanghai,Shanghai International Circuit,China,Shanghai,31.3389,121.22,sainz,SAI,55,Carlos,Sainz,1994-09-01,Spanish,renault,Renault,9,9,9,2.0,56,Finished,5772143.0,11.0,97.75399999999999,200.744
2018,3,Chinese Grand Prix,2018-04-15,shanghai,Shanghai International Circuit,China,Shanghai,31.3389,121.22,kevin_magnussen,MAG,20,Kevin,Magnussen,1992-10-05,Danish,haas,Haas F1 Team,11,10,10,1.0,56,Finished,5775974.0,14.0,98.152,199.93
2018,3,Chinese Grand Prix,2018-04-15,shanghai,Shanghai International Circuit,China,Shanghai,31.3389,121.22,ocon,OCO,31,Esteban,Ocon,1996-09-17,French,force_india,Force India,12,11,11,0.0,56,Finished,5780430.0,12.0,97.985,200.271
2018,3,Chinese Grand Prix,2018-04-15,shanghai,Shanghai International Circuit,China,Shanghai,31.3389,121.22,perez,PER,11,Sergio,Pérez,1990-01-26,Mexican,force_india,Force India,8,12,12,0.0,56,Finished,5781105.0,10.0,97.673,200.911
2018,3,Chinese Grand Prix,2018-04-15,shanghai,Shanghai International Circuit,China,Shanghai,31.3389,121.22,vandoorne,VAN,2,Stoffel,Vandoorne,1992-03-26,Belgian,mclaren,McLaren,14,13,13,0.0,56,Finished,5785753.0,13.0,98.137,199.961
2018,3,Chinese Grand Prix,2018-04-15,shanghai,Shanghai International Circuit,China,Shanghai,31.3389,121.22,stroll,STR,18,Lance,Stroll,1998-10-29,Canadian,williams,Williams,18,14,14,0.0,56,Finished,5791870.0,17.0,98.5,199.224
2018,3,Chinese Grand Prix,2018-04-15,shanghai,Shanghai International Circuit,China,Shanghai,31.3389,121.22,sirotkin,SIR,35,Sergey,Sirotkin,1995-08-27,Russian,williams,Williams,16,15,15,0.0,56,Finished,5794621.0,18.0,98.624,198.973
2018,3,Chinese Grand Prix,2018-04-15,shanghai,Shanghai International Circuit,China,Shanghai,31.3389,121.22,ericsson,ERI,9,Marcus,Ericsson,1990-09-02,Swedish,sauber,Sauber,20,16,16,0.0,56,Finished,5798984.0,16.0,98.386,199.455
2018,3,Chinese Grand Prix,2018-04-15,shanghai,Shanghai International Circuit,China,Shanghai,31.3389,121.22,grosjean,GRO,8,Romain,Grosjean,1986-04-17,French,haas,Haas F1 Team,10,17,17,0.0,56,Finished,5801676.0,8.0,97.41,201.453
2018,3,Chinese Grand Prix,2018-04-15,shanghai,Shanghai International Circuit,China,Shanghai,31.3389,121.22,gasly,GAS,10,Pierre,Gasly,1996-02-07,French,toro_rosso,Toro Rosso,17,18,18,0.0,56,Finished,5802710.0,15.0,98.36699999999999,199.493
2018,3,Chinese Grand Prix,2018-04-15,shanghai,Shanghai International Circuit,China,Shanghai,31.3389,121.22,leclerc,LEC,16,Charles,Leclerc,1997-10-16,Monegasque,sauber,Sauber,19,19,19,0.0,56,Finished,5818955.0,19.0,98.80799999999999,198.603
2018,3,Chinese Grand Prix,2018-04-15,shanghai,Shanghai International Circuit,China,Shanghai,31.3389,121.22,brendon_hartley,HAR,28,Brendon,Hartley,1989-11-10,New Zealander,toro_rosso,Toro Rosso,15,20,20,0.0,51,Collision damage,,20.0,99.376,197.468
2018,4,Azerbaijan Grand Prix,2018-04-29,baku,Baku City Circuit,Azerbaijan,Baku,40.3725,49.8533,hamilton,HAM,44,Lewis,Hamilton,1985-01-07,British,mercedes,Mercedes,2,1,1,25.0,51,Finished,6224291.0,2.0,105.412,205.012
2018,4,Azerbaijan Grand Prix,2018-04-29,baku,Baku City Circuit,Azerbaijan,Baku,40.3725,49.8533,raikkonen,RAI,7,Kimi,Räikkönen,1979-10-17,Finnish,ferrari,Ferrari,6,2,2,18.0,51,Finished,6226751.0,7.0,106.523,202.874
2018,4,Azerbaijan Grand Prix,2018-04-29,baku,Baku City Circuit,Azerbaijan,Baku,40.3725,49.8533,perez,PER,11,Sergio,Pérez,1990-01-26,Mexican,force_india,Force India,8,3,3,15.0,51,Finished,6228315.0,6.0,106.206,203.48
2018,4,Azerbaijan Grand Prix,2018-04-29,baku,Baku City Circuit,Azerbaijan,Baku,40.3725,49.8533,vettel,VET,5,Sebastian,Vettel,1987-07-03,German,ferrari,Ferrari,1,4,4,12.0,51,Finished,6229620.0,4.0,105.53,204.783
2018,4,Azerbaijan Grand Prix,2018-04-29,baku,Baku City Circuit,Azerbaijan,Baku,40.3725,49.8533,sainz,SAI,55,Carlos,Sainz,1994-09-01,Spanish,renault,Renault,9,5,5,10.0,51,Finished,6231806.0,9.0,106.856,202.242
2018,4,Azerbaijan Grand Prix,2018-04-29,baku,Baku City Circuit,Azerbaijan,Baku,40.3725,49.8533,leclerc,LEC,16,Charles,Leclerc,1997-10-16,Monegasque,sauber,Sauber,13,6,6,8.0,51,Finished,6233449.0,11.0,107.40299999999999,201.212
2018,4,Azerbaijan Grand Prix,2018-04-29,baku,Baku City Circuit,Azerbaijan,Baku,40.3725,49.8533,alonso,ALO,14,Fernando,Alonso,1981-07-29,Spanish,mclaren,McLaren,12,7,7,6.0,51,Finished,6235222.0,12.0,107.449,201.126
2018,4,Azerbaijan Grand Prix,2018-04-29,baku,Baku City Circuit,Azerbaijan,Baku,40.3725,49.8533,stroll,STR,18,Lance,Stroll,1998-10-29,Canadian,williams,Williams,10,8,8,4.0,51,Finished,6236837.0,8.0,106.815,202.319
2018,4,Azerbaijan Grand Prix,2018-04-29,baku,Baku City Circuit,Azerbaijan,Baku,40.3725,49.8533,vandoorne,VAN,2,Stoffel,Vandoorne,1992-03-26,Belgian,mclaren,McLaren,16,9,9,2.0,51,Finished,6238443.0,13.0,107.666,200.72
2018,4,Azerbaijan Grand Prix,2018-04-29,baku,Baku City Circuit,Azerbaijan,Baku,40.3725,49.8533,brendon_hartley,HAR,28,Brendon,Hartley,1989-11-10,New Zealander,toro_rosso,Toro Rosso,19,10,10,1.0,51,Finished,6242321.0,17.0,108.288,199.567
2018,4,Azerbaijan Grand Prix,2018-04-29,baku,Baku City Circuit,Azerbaijan,Baku,40.3725,49.8533,ericsson,ERI,9,Marcus,Ericsson,1990-09-02,Swedish,sauber,Sauber,18,11,11,0.0,51,Finished,6242803.0,14.0,107.925,200.239
2018,4,Azerbaijan Grand Prix,2018-04-29,baku,Baku City Circuit,Azerbaijan,Baku,40.3725,49.8533,gasly,GAS,10,Pierre,Gasly,1996-02-07,French,toro_rosso,Toro Rosso,17,12,12,0.0,51,Finished,6249011.0,15.0,108.035,200.035
2018,4,Azerbaijan Grand Prix,2018-04-29,baku,Baku City Circuit,Azerbaijan,Baku,40.3725,49.8533,kevin_magnussen,MAG,20,Kevin,Magnussen,1992-10-05,Danish,haas,Haas F1 Team,15,13,13,0.0,51,Finished,6264954.0,16.0,108.155,199.813
2018,4,Azerbaijan Grand Prix,2018-04-29,baku,Baku City Circuit,Azerbaijan,Baku,40.3725,49.8533,bottas,BOT,77,Valtteri,Bottas,1989-08-28,Finnish,mercedes,Mercedes,3,14,R,0.0,48,Puncture,,1.0,105.149,205.525
2018,4,Azerbaijan Grand Prix,2018-04-29,baku,Baku City Circuit,Azerbaijan,Baku,40.3725,49.8533,grosjean,GRO,8,Romain,Grosjean,1986-04-17,French,haas,Haas F1 Team,20,15,R,0.0,42,Accident,,10.0,106.88,202.196
2018,4,Azerbaijan Grand Prix,2018-04-29,baku,Baku City Circuit,Azerbaijan,Baku,40.3725,49.8533,max_verstappen,VER,33,Max,Verstappen,1997-09-30,Dutch,red_bull,Red Bull,5,16,R,0.0,39,Collision,,5.0,105.771,204.316
2018,4,Azerbaijan Grand Prix,2018-04-29,baku,Baku City Circuit,Azerbaijan,Baku,40.3725,49.8533,ricciardo,RIC,3,Daniel,Ricciardo,1989-07-01,Australian,red_bull,Red Bull,4,17,R,0.0,39,Collision,,3.0,105.419,204.999
2018,4,Azerbaijan Grand Prix,2018-04-29,baku,Baku City Circuit,Azerbaijan,Baku,40.3725,49.8533,hulkenberg,HUL,27,Nico,Hülkenberg,1987-08-19,German,renault,Renault,14,18,R,0.0,10,Accident,,18.0,108.86699999999999,198.506
2018,4,Azerbaijan Grand Prix,2018-04-29,baku,Baku City Circuit,Azerbaijan,Baku,40.3725,49.8533,ocon,OCO,31,Esteban,Ocon,1996-09-17,French,force_india,Force India,7,19,R,0.0,0,Collision,,,,
2018,4,Azerbaijan Grand Prix,2018-04-29,baku,Baku City Circuit,Azerbaijan,Baku,40.3725,49.8533,sirotkin,SIR,35,Sergey,Sirotkin,1995-08-27,Russian,williams,Williams,11,20,R,0.0,0,Collision,,,,
2018,5,Spanish Grand Prix,2018-05-13,catalunya,Circuit de Barcelona-Catalunya,Spain,Barcelona,41.57,2.26111,hamilton,HAM,44,Lewis,Hamilton,1985-01-07,British,mercedes,Mercedes,1,1,1,25.0,66,Finished,5729972.0,3.0,79.133,211.77
2018,5,Spanish Grand Prix,2018-05-13,catalunya,Circuit de Barcelona-Catalunya,Spain,Barcelona,41.57,2.26111,bottas,BOT,77,Valtteri,Bottas,1989-08-28,Finnish,mercedes,Mercedes,2,2,2,18.0,66,Finished,5750565.0,5.0,79.47800000000001,210.85
2018,5,Spanish Grand Prix,2018-05-13,catalunya,Circuit de Barcelona-Catalunya,Spain,Barcelona,41.57,2.26111,max_verstappen,VER,33,Max,Verstappen,1997-09-30,Dutch,red_bull,Red Bull,5,3,3,15.0,66,Finished,5756845.0,4.0,79.422,210.999
2018,5,Spanish Grand Prix,2018-05-13,catalunya,Circuit de Barcelona-Catalunya,Spain,Barcelona,41.57,2.26111,vettel,VET,5,Sebastian,Vettel,1987-07-03,German,ferrari,Ferrari,3,4,4,12.0,66,Finished,5757556.0,2.0,79.128,211.783
2018,5,Spanish Grand Prix,2018-05-13,catalunya,Circuit de Barcelona-Catalunya,Spain,Barcelona,41.57,2.26111,ricciardo,RIC,3,Daniel,Ricciardo,1989-07-01,Australian,red_bull,Red Bull,6,5,5,10.0,66,Finished,5780030.0,1.0,78.441,213.638
2018,5,Spanish Grand Prix,2018-05-13,catalunya,Circuit de Barcelona-Catalunya,Spain,Barcelona,41.57,2.26111,kevin_magnussen,MAG,20,Kevin,Magnussen,1992-10-05,Danish,haas,Haas F1 Team,7,6,6,8.0,65,+1 Lap,,6.0,80.246,208.832
2018,5,Spanish Grand Prix,2018-05-13,catalunya,Circuit de Barcelona-Catalunya,Spain,Barcelona,41.57,2.26111,sainz,SAI,55,Carlos,Sainz,1994-09-01,Spanish,renault,Renault,9,7,7,6.0,65,+1 Lap,,9.0,81.324,206.064
2018,5,Spanish Grand Prix,2018-05-13,catalunya,Circuit de Barcelona-Catalunya,Spain,Barcelona,41.57,2.26111,alonso,ALO,14,Fernando,Alonso,1981-07-29,Spanish,mclaren,McLaren,8,8,8,4.0,65,+1 Lap,,7.0,80.727,207.588
2018,5,Spanish Grand Prix,2018-05-13,catalunya,Circuit de Barcelona-Catalunya,Spain,Barcelona,41.57,2.26111,perez,PER,11,Sergio,Pérez,1990-01-26,Mexican,force_india,Force India,15,9,9,2.0,64,+2 Laps,,8.0,81.128,206.562
2018,5,Spanish Grand Prix,2018-05-13,catalunya,Circuit de Barcelona-Catalunya,Spain,Barcelona,41.57,2.26111,leclerc,LEC,16,Charles,Leclerc,1997-10-16,Monegasque,sauber,Sauber,14,10,10,1.0,64,+2 Laps,,14.0,82.122,204.062
2018,5,Spanish Grand Prix,2018-05-13,catalunya,Circuit de Barcelona-Catalunya,Spain,Barcelona,41.57,2.26111,stroll,STR,18,Lance,Stroll,1998-10-29,Canadian,williams,Williams,18,11,11,0.0,64,+2 Laps,,12.0,82.095,204.129
2018,5,Spanish Grand Prix,2018-05-13,catalunya,Circuit de Barcelona-Catalunya,Spain,Barcelona,41.57,2.26111,brendon_hartley,HAR,28,Brendon,Hartley,1989-11-10,New Zealander,toro_rosso,Toro Rosso,20,12,12,0.0,64,+2 Laps,,10.0,81.439,205.773
2018,5,Spanish Grand Prix,2018-05-13,catalunya,Circuit de Barcelona-Catalunya,Spain,Barcelona,41.57,2.26111,ericsson,ERI,9,Marcus,Ericsson,1990-09-02,Swedish,sauber,Sauber,17,13,13,0.0,64,+2 Laps,,15.0,82.487,203.159
2018,5,Spanish Grand Prix,2018-05-13,catalunya,Circuit de Barcelona-Catalunya,Spain,Barcelona,41.57,2.26111,sirotkin,SIR,35,Sergey,Sirotkin,1995-08-27,Russian,williams,Williams,19,14,14,0.0,63,+3 Laps,,17.0,82.68,202.685
2018,5,Spanish Grand Prix,2018-05-13,catalunya,Circuit de Barcelona-Catalunya,Spain,Barcelona,41.57,2.26111,vandoorne,VAN,2,Stoffel,Vandoorne,1992-03-26,Belgian,mclaren,McLaren,11,15,R,0.0,45,Gearbox,,16.0,82.594,202.896
2018,5,Spanish Grand Prix,2018-05-13,catalunya,Circuit de Barcelona-Catalunya,Spain,Barcelona,41.57,2.26111,ocon,OCO,31,Esteban,Ocon,1996-09-17,French,force_india,Force India,13,16,R,0.0,38,Oil leak,,13.0,82.117,204.074
2018,5,Spanish Grand Prix,2018-05-13,catalunya,Circuit de Barcelona-Catalunya,Spain,Barcelona,41.57,2.26111,raikkonen,RAI,7,Kimi,Räikkönen,1979-10-17,Finnish,ferrari,Ferrari,4,17,R,0.0,25,Turbo,,11.0,81.531,205.541
2018,5,Spanish Grand Prix,2018-05-13,catalunya,Circuit de Barcelona-Catalunya,Spain,Barcelona,41.57,2.26111,grosjean,GRO,8,Romain,Grosjean,1986-04-17,French,haas,Haas F1 Team,10,18,R,0.0,0,Collision,,,,
2018,5,Spanish Grand Prix,2018-05-13,catalunya,Circuit de Barcelona-Catalunya,Spain,Barcelona,41.57,2.26111,gasly,GAS,10,Pierre,Gasly,1996-02-07,French,toro_rosso,Toro Rosso,12,19,R,0.0,0,Collision,,,,
2018,5,Spanish Grand Prix,2018-05-13,catalunya,Circuit de Barcelona-Catalunya,Spain,Barcelona,41.57,2.26111,hulkenberg,HUL,27,Nico,Hülkenberg,1987-08-19,German,renault,Renault,16,20,R,0.0,0,Collision,,,,
2018,6,Monaco Grand Prix,2018-05-27,monaco,Circuit de Monaco,Monaco,Monte Carlo,43.7347,7.42056,ricciardo,RIC,3,Daniel,Ricciardo,1989-07-01,Australian,red_bull,Red Bull,1,1,1,25.0,78,Finished,6174807.0,5.0,75.562,158.984
2018,6,Monaco Grand Prix,2018-05-27,monaco,Circuit de Monaco,Monaco,Monte Carlo,43.7347,7.42056,vettel,VET,5,Sebastian,Vettel,1987-07-03,German,ferrari,Ferrari,2,2,2,18.0,78,Finished,6182143.0,7.0,76.065,157.933
2018,6,Monaco Grand Prix,2018-05-27,monaco,Circuit de Monaco,Monaco,Monte Carlo,43.7347,7.42056,hamilton,HAM,44,Lewis,Hamilton,1985-01-07,British,mercedes,Mercedes,3,3,3,15.0,78,Finished,6191820.0,8.0,76.27,157.508
2018,6,Monaco Grand Prix,2018-05-27,monaco,Circuit de Monaco,Monaco,Monte Carlo,43.7347,7.42056,raikkonen,RAI,7,Kimi,Räikkönen,1979-10-17,Finnish,ferrari,Ferrari,4,4,4,12.0,78,Finished,6192934.0,10.0,76.392,157.257
2018,6,Monaco Grand Prix,2018-05-27,monaco,Circuit de Monaco,Monaco,Monte Carlo,43.7347,7.42056,bottas,BOT,77,Valtteri,Bottas,1989-08-28,Finnish,mercedes,Mercedes,5,5,5,10.0,78,Finished,6193629.0,9.0,76.312,157.422
2018,6,Monaco Grand Prix,2018-05-27,monaco,Circuit de Monaco,Monaco,Monte Carlo,43.7347,7.42056,ocon,OCO,31,Esteban,Ocon,1996-09-17,French,force_india,Force India,6,6,6,8.0,78,Finished,6198474.0,14.0,77.027,155.96
2018,6,Monaco Grand Prix,2018-05-27,monaco,Circuit de Monaco,Monaco,Monte Carlo,43.7347,7.42056,gasly,GAS,10,Pierre,Gasly,1996-02-07,French,toro_rosso,Toro Rosso,10,7,7,6.0,78,Finished,6199138.0,15.0,77.099,155.815
2018,6,Monaco Grand Prix,2018-05-27,monaco,Circuit de Monaco,Monaco,Monte Carlo,43.7347,7.42056,hulkenberg,HUL,27,Nico,Hülkenberg,1987-08-19,German,renault,Renault,11,8,8,4.0,78,Finished,6199646.0,6.0,76.061,157.941
2018,6,Monaco Grand Prix,2018-05-27,monaco,Circuit de Monaco,Monaco,Monte Carlo,43.7347,7.42056,max_verstappen,VER,33,Max,Verstappen,1997-09-30,Dutch,red_bull,Red Bull,20,9,9,2.0,78,Finished,6200124.0,1.0,74.26,161.772
2018,6,Monaco Grand Prix,2018-05-27,monaco,Circuit de Monaco,Monaco,Monte Carlo,43.7347,7.42056,sainz,SAI,55,Carlos,Sainz,1994-09-01,Spanish,renault,Renault,8,10,10,1.0,78,Finished,6243820.0,18.0,77.491,155.027
2018,6,Monaco Grand Prix,2018-05-27,monaco,Circuit de Monaco,Monaco,Monte Carlo,43.7347,7.42056,ericsson,ERI,9,Marcus,Ericsson,1990-09-02,Swedish,sauber,Sauber,16,11,11,0.0,78,Finished,6244671.0,12.0,76.936,156.145
2018,6,Monaco Grand Prix,2018-05-27,monaco,Circuit de Monaco,Monaco,Monte Carlo,43.7347,7.42056,perez,PER,11,Sergio,Pérez,1990-01-26,Mexican,force_india,Force India,9,12,12,0.0,78,Finished,6245268.0,19.0,77.54599999999999,154.917
2018,6,Monaco Grand Prix,2018-05-27,monaco,Circuit de Monaco,Monaco,Monte Carlo,43.7347,7.42056,kevin_magnussen,MAG,20,Kevin,Magnussen,1992-10-05,Danish,haas,Haas F1 Team,19,13,13,0.0,78,Finished,6249630.0,17.0,77.476,155.057
2018,6,Monaco Grand Prix,2018-05-27,monaco,Circuit de Monaco,Monaco,Monte Carlo,43.7347,7.42056,vandoorne,VAN,2,Stoffel,Vandoorne,1992-03-26,Belgian,mclaren,McLaren,12,14,14,0.0,77,+1 Lap,,11.0,76.864,156.291
2018,6,Monaco Grand Prix,2018-05-27,monaco,Circuit de Monaco,Monaco,Monte Carlo,43.7347,7.42056,grosjean,GRO,8,Romain,Grosjean,1986-04-17,French,haas,Haas F1 Team,18,15,15,0.0,77,+1 Lap,,2.0,74.822,160.557
2018,6,Monaco Grand Prix,2018-05-27,monaco,Circuit de Monaco,Monaco,Monte Carlo,43.7347,7.42056,sirotkin,SIR,35,Sergey,Sirotkin,1995-08-27,Russian,williams,Williams,13,16,16,0.0,77,+1 Lap,,4.0,75.325,159.484
2018,6,Monaco Grand Prix,2018-05-27,monaco,Circuit de Monaco,Monaco,Monte Carlo,43.7347,7.42056,stroll,STR,18,Lance,Stroll,1998-10-29,Canadian,williams,Williams,17,17,17,0.0,76,+2 Laps,,3.0,74.944,160.295
2018,6,Monaco Grand Prix,2018-05-27,monaco,Circuit de Monaco,Monaco,Monte Carlo,43.7347,7.42056,leclerc,LEC,16,Charles,Leclerc,1997-10-16,Monegasque,sauber,Sauber,14,18,R,0.0,70,Collision,,20.0,77.71000000000001,154.59
2018,6,Monaco Grand Prix,2018-05-27,monaco,Circuit de Monaco,Monaco,Monte Carlo,43.7347,7.42056,brendon_hartley,HAR,28,Brendon,Hartley,1989-11-10,New Zealander,toro_rosso,Toro Rosso,15,19,R,0.0,70,Collision,,16.0,77.172,155.667
2018,6,Monaco Grand Prix,2018-05-27,monaco,Circuit de Monaco,Monaco,Monte Carlo,43.7347,7.42056,alonso,ALO,14,Fernando,Alonso,1981-07-29,Spanish,mclaren,McLaren,7,20,R,0.0,52,Gearbox,,13.0,77.018,155.979
2018,7,Canadian Grand Prix,2018-06-10,villeneuve,Circuit Gilles Villeneuve,Canada,Montreal,45.5,-73.5228,vettel,VET,5,Sebastian,Vettel,1987-07-03,German,ferrari,Ferrari,1,1,1,25.0,68,Finished,5311377.0,2.0,73.964,212.26
2018,7,Canadian Grand Prix,2018-06-10,villeneuve,Circuit Gilles Villeneuve,Canada,Montreal,45.5,-73.5228,bottas,BOT,77,Valtteri,Bottas,1989-08-28,Finnish,mercedes,Mercedes,2,2,2,18.0,68,Finished,5318753.0,3.0,73.992,212.179
2018,7,Canadian Grand Prix,2018-06-10,villeneuve,Circuit Gilles Villeneuve,Canada,Montreal,45.5,-73.5228,max_verstappen,VER,33,Max,Verstappen,1997-09-30,Dutch,red_bull,Red Bull,3,3,3,15.0,68,Finished,5319737.0,1.0,73.864,212.547
2018,7,Canadian Grand Prix,2018-06-10,villeneuve,Circuit Gilles Villeneuve,Canada,Montreal,45.5,-73.5228,ricciardo,RIC,3,Daniel,Ricciardo,1989-07-01,Australian,red_bull,Red Bull,6,4,4,12.0,68,Finished,5332269.0,5.0,74.159,211.701
2018,7,Canadian Grand Prix,2018-06-10,villeneuve,Circuit Gilles Villeneuve,Canada,Montreal,45.5,-73.5228,hamilton,HAM,44,Lewis,Hamilton,1985-01-07,British,mercedes,Mercedes,4,5,5,10.0,68,Finished,5332936.0,6.0,74.18299999999999,211.633
2018,7,Canadian Grand Prix,2018-06-10,villeneuve,Circuit Gilles Villeneuve,Canada,Montreal,45.5,-73.5228,raikkonen,RAI,7,Kimi,Räikkönen,1979-10-17,Finnish,ferrari,Ferrari,5,6,6,8.0,68,Finished,5338561.0,4.0,74.075,211.941
2018,7,Canadian Grand Prix,2018-06-10,villeneuve,Circuit Gilles Villeneuve,Canada,Montreal,45.5,-73.5228,hulkenberg,HUL,27,Nico,Hülkenberg,1987-08-19,German,renault,Renault,7,7,7,6.0,67,+1 Lap,,11.0,75.588,207.699
2018,7,Canadian Grand Prix,2018-06-10,villeneuve,Circuit Gilles Villeneuve,Canada,Montreal,45.5,-73.5228,sainz,SAI,55,Carlos,Sainz,1994-09-01,Spanish,renault,Renault,9,8,8,4.0,67,+1 Lap,,13.0,75.666,207.485
2018,7,Canadian Grand Prix,2018-06-10,villeneuve,Circuit Gilles Villeneuve,Canada,Montreal,45.5,-73.5228,ocon,OCO,31,Esteban,Ocon,1996-09-17,French,force_india,Force India,8,9,9,2.0,67,+1 Lap,,12.0,75.61,207.639
2018,7,Canadian Grand Prix,2018-06-10,villeneuve,Circuit Gilles Villeneuve,Canada,Montreal,45.5,-73.5228,leclerc,LEC,16,Charles,Leclerc,1997-10-16,Monegasque,sauber,Sauber,13,10,10,1.0,67,+1 Lap,,10.0,75.48,207.996
2018,7,Canadian Grand Prix,2018-06-10,villeneuve,Circuit Gilles Villeneuve,Canada,Montreal,45.5,-73.5228,gasly,GAS,10,Pierre,Gasly,1996-02-07,French,toro_rosso,Toro Rosso,16,11,11,0.0,67,+1 Lap,,14.0,75.699,207.395
2018,7,Canadian Grand Prix,2018-06-10,villeneuve,Circuit Gilles Villeneuve,Canada,Montreal,45.5,-73.5228,grosjean,GRO,8,Romain,Grosjean,1986-04-17,French,haas,Haas F1 Team,20,12,12,0.0,67,+1 Lap,,9.0,75.47,208.024
2018,7,Canadian Grand Prix,2018-06-10,villeneuve,Circuit Gilles Villeneuve,Canada,Montreal,45.5,-73.5228,kevin_magnussen,MAG,20,Kevin,Magnussen,1992-10-05,Danish,haas,Haas F1 Team,11,13,13,0.0,67,+1 Lap,,8.0,75.401,208.214
2018,7,Canadian Grand Prix,2018-06-10,villeneuve,Circuit Gilles Villeneuve,Canada,Montreal,45.5,-73.5228,perez,PER,11,Sergio,Pérez,1990-01-26,Mexican,force_india,Force India,10,14,14,0.0,67,+1 Lap,,7.0,75.1,209.049
2018,7,Canadian Grand Prix,2018-06-10,villeneuve,Circuit Gilles Villeneuve,Canada,Montreal,45.5,-73.5228,ericsson,ERI,9,Marcus,Ericsson,1990-09-02,Swedish,sauber,Sauber,19,15,15,0.0,66,+2 Laps,,18.0,76.40299999999999,205.484
2018,7,Canadian Grand Prix,2018-06-10,villeneuve,Circuit Gilles Villeneuve,Canada,Montreal,45.5,-73.5228,vandoorne,VAN,2,Stoffel,Vandoorne,1992-03-26,Belgian,mclaren,McLaren,15,16,16,0.0,66,+2 Laps,,15.0,75.765,207.214
2018,7,Canadian Grand Prix,2018-06-10,villeneuve,Circuit Gilles Villeneuve,Canada,Montreal,45.5,-73.5228,sirotkin,SIR,35,Sergey,Sirotkin,1995-08-27,Russian,williams,Williams,18,17,17,0.0,66,+2 Laps,,16.0,75.924,206.78
2018,7,Canadian Grand Prix,2018-06-10,villeneuve,Circuit Gilles Villeneuve,Canada,Montreal,45.5,-73.5228,alonso,ALO,14,Fernando,Alonso,1981-07-29,Spanish,mclaren,McLaren,14,18,R,0.0,40,Exhaust,,17.0,76.18,206.085
2018,7,Canadian Grand Prix,2018-06-10,villeneuve,Circuit Gilles Villeneuve,Canada,Montreal,45.5,-73.5228,brendon_hartley,HAR,28,Brendon,Hartley,1989-11-10,New Zealander,toro_rosso,Toro Rosso,12,19,R,0.0,0,Collision,,,,
2018,7,Canadian Grand Prix,2018-06-10,villeneuve,Circuit Gilles Villeneuve,Canada,Montreal,45.5,-73.5228,stroll,STR,18,Lance,Stroll,1998-10-29,Canadian,williams,Williams,17,20,R,0.0,0,Collision,,,,
2018,8,French Grand Prix,2018-06-24,ricard,Circuit Paul Ricard,France,Le Castellet,43.2506,5.79167,hamilton,HAM,44,Lewis,Hamilton,1985-01-07,British,mercedes,Mercedes,1,1,1,25.0,53,Finished,5411385.0,5.0,94.509,222.531
2018,8,French Grand Prix,2018-06-24,ricard,Circuit Paul Ricard,France,Le Castellet,43.2506,5.79167,max_verstappen,VER,33,Max,Verstappen,1997-09-30,Dutch,red_bull,Red Bull,4,2,2,18.0,53,Finished,5418475.0,2.0,94.275,223.083
2018,8,French Grand Prix,2018-06-24,ricard,Circuit Paul Ricard,France,Le Castellet,43.2506,5.79167,raikkonen,RAI,7,Kimi,Räikkönen,1979-10-17,Finnish,ferrari,Ferrari,6,3,3,15.0,53,Finished,5437273.0,3.0,94.398,222.792
2018,8,French Grand Prix,2018-06-24,ricard,Circuit Paul Ricard,France,Le Castellet,43.2506,5.79167,ricciardo,RIC,3,Daniel,Ricciardo,1989-07-01,Australian,red_bull,Red Bull,5,4,4,12.0,53,Finished,5446121.0,7.0,95.382,220.494
2018,8,French Grand Prix,2018-06-24,ricard,Circuit Paul Ricard,France,Le Castellet,43.2506,5.79167,vettel,VET,5,Sebastian,Vettel,1987-07-03,German,ferrari,Ferrari,3,5,5,10.0,53,Finished,5473320.0,4.0,94.485,222.587
2018,8,French Grand Prix,2018-06-24,ricard,Circuit Paul Ricard,France,Le Castellet,43.2506,5.79167,kevin_magnussen,MAG,20,Kevin,Magnussen,1992-10-05,Danish,haas,Haas F1 Team,9,6,6,8.0,53,Finished,5490749.0,8.0,95.425,220.395
2018,8,French Grand Prix,2018-06-24,ricard,Circuit Paul Ricard,France,Le Castellet,43.2506,5.79167,bottas,BOT,77,Valtteri,Bottas,1989-08-28,Finnish,mercedes,Mercedes,2,7,7,6.0,53,Finished,5492017.0,1.0,94.225,223.201
2018,8,French Grand Prix,2018-06-24,ricard,Circuit Paul Ricard,France,Le Castellet,43.2506,5.79167,sainz,SAI,55,Carlos,Sainz,1994-09-01,Spanish,renault,Renault,7,8,8,4.0,53,Finished,5498569.0,9.0,95.638,219.904
2018,8,French Grand Prix,2018-06-24,ricard,Circuit Paul Ricard,France,Le Castellet,43.2506,5.79167,hulkenberg,HUL,27,Nico,Hülkenberg,1987-08-19,German,renault,Renault,12,9,9,2.0,53,Finished,5503374.0,11.0,95.87299999999999,219.365
2018,8,French Grand Prix,2018-06-24,ricard,Circuit Paul Ricard,France,Le Castellet,43.2506,5.79167,leclerc,LEC,16,Charles,Leclerc,1997-10-16,Monegasque,sauber,Sauber,8,10,10,1.0,53,Finished,5505258.0,12.0,95.977,219.127
2018,8,French Grand Prix,2018-06-24,ricard,Circuit Paul Ricard,France,Le Castellet,43.2506,5.79167,grosjean,GRO,8,Romain,Grosjean,1986-04-17,French,haas,Haas F1 Team,10,11,11,0.0,52,+1 Lap,,10.0,95.695,219.773
2018,8,French Grand Prix,2018-06-24,ricard,Circuit Paul Ricard,France,Le Castellet,43.2506,5.79167,vandoorne,VAN,2,Stoffel,Vandoorne,1992-03-26,Belgian,mclaren,McLaren,17,12,12,0.0,52,+1 Lap,,14.0,96.675,217.545
2018,8,French Grand Prix,2018-06-24,ricard,Circuit Paul Ricard,France,Le Castellet,43.2506,5.79167,ericsson,ERI,9,Marcus,Ericsson,1990-09-02,Swedish,sauber,Sauber,15,13,13,0.0,52,+1 Lap,,13.0,96.494,217.953
2018,8,French Grand Prix,2018-06-24,ricard,Circuit Paul Ricard,France,Le Castellet,43.2506,5.79167,brendon_hartley,HAR,28,Brendon,Hartley,1989-11-10,New Zealander,toro_rosso,Toro Rosso,20,14,14,0.0,52,+1 Lap,,15.0,96.839,217.176
2018,8,French Grand Prix,2018-06-24,ricard,Circuit Paul Ricard,France,Le Castellet,43.2506,5.79167,sirotkin,SIR,35,Sergey,Sirotkin,1995-08-27,Russian,williams,Williams,18,15,15,0.0,52,+1 Lap,,16.0,98.3,213.949
2018,8,French Grand Prix,2018-06-24,ricard,Circuit Paul Ricard,France,Le Castellet,43.2506,5.79167,alonso,ALO,14,Fernando,Alonso,1981-07-29,Spanish,mclaren,McLaren,16,16,16,0.0,50,Wheel,,6.0,95.13300000000001,221.071
2018,8,French Grand Prix,2018-06-24,ricard,Circuit Paul Ricard,France,Le Castellet,43.2506,5.79167,stroll,STR,18,Lance,Stroll,1998-10-29,Canadian,williams,Williams,19,17,17,0.0,48,Puncture,,18.0,98.319,213.907
2018,8,French Grand Prix,2018-06-24,ricard,Circuit Paul Ricard,France,Le Castellet,43.2506,5.79167,perez,PER,11,Sergio,Pérez,1990-01-26,Mexican,force_india,Force India,13,18,R,0.0,27,Engine,,17.0,98.319,213.907
2018,8,French Grand Prix,2018-06-24,ricard,Circuit Paul Ricard,France,Le Castellet,43.2506,5.79167,ocon,OCO,31,Esteban,Ocon,1996-09-17,French,force_india,Force India,11,19,R,0.0,0,Collision,,,,
2018,8,French Grand Prix,2018-06-24,ricard,Circuit Paul Ricard,France,Le Castellet,43.2506,5.79167,gasly,GAS,10,Pierre,Gasly,1996-02-07,French,toro_rosso,Toro Rosso,14,20,R,0.0,0,Collision,,,,
2018,9,Austrian Grand Prix,2018-07-01,red_bull_ring,Red Bull Ring,Austria,Spielberg,47.2197,14.7647,max_verstappen,VER,33,Max,Verstappen,1997-09-30,Dutch,red_bull,Red Bull,4,1,1,25.0,71,Finished,4916024.0,4.0,67.44200000000001,230.491
2018,9,Austrian Grand Prix,2018-07-01,red_bull_ring,Red Bull Ring,Austria,Spielberg,47.2197,14.7647,raikkonen,RAI,7,Kimi,Räikkönen,1979-10-17,Finnish,ferrari,Ferrari,3,2,2,18.0,71,Finished,4917528.0,1.0,66.957,232.16
2018,9,Austrian Grand Prix,2018-07-01,red_bull_ring,Red Bull Ring,Austria,Spielberg,47.2197,14.7647,vettel,VET,5,Sebastian,Vettel,1987-07-03,German,ferrari,Ferrari,6,3,3,15.0,71,Finished,4919205.0,2.0,67.082,231.728
2018,9,Austrian Grand Prix,2018-07-01,red_bull_ring,Red Bull Ring,Austria,Spielberg,47.2197,14.7647,grosjean,GRO,8,Romain,Grosjean,1986-04-17,French,haas,Haas F1 Team,5,4,4,12.0,70,+1 Lap,,16.0,69.071,225.055
2018,9,Austrian Grand Prix,2018-07-01,red_bull_ring,Red Bull Ring,Austria,Spielberg,47.2197,14.7647,kevin_magnussen,MAG,20,Kevin,Magnussen,1992-10-05,Danish,haas,Haas F1 Team,8,5,5,10.0,70,+1 Lap,,7.0,68.476,227.01
2018,9,Austrian Grand Prix,2018-07-01,red_bull_ring,Red Bull Ring,Austria,Spielberg,47.2197,14.7647,ocon,OCO,31,Esteban,Ocon,1996-09-17,French,force_india,Force India,11,6,6,8.0,70,+1 Lap,,11.0,68.85,225.777
2018,9,Austrian Grand Prix,2018-07-01,red_bull_ring,Red Bull Ring,Austria,Spielberg,47.2197,14.7647,perez,PER,11,Sergio,Pérez,1990-01-26,Mexican,force_india,Force India,16,7,7,6.0,70,+1 Lap,,8.0,68.504,226.918
2018,9,Austrian Grand Prix,2018-07-01,red_bull_ring,Red Bull Ring,Austria,Spielberg,47.2197,14.7647,alonso,ALO,14,Fernando,Alonso,1981-07-29,Spanish,mclaren,McLaren,13,8,8,4.0,70,+1 Lap,,9.0,68.661,226.399
2018,9,Austrian Grand Prix,2018-07-01,red_bull_ring,Red Bull Ring,Austria,Spielberg,47.2197,14.7647,leclerc,LEC,16,Charles,Leclerc,1997-10-16,Monegasque,sauber,Sauber,18,9,9,2.0,70,+1 Lap,,14.0,69.006,225.267
2018,9,Austrian Grand Prix,2018-07-01,red_bull_ring,Red Bull Ring,Austria,Spielberg,47.2197,14.7647,ericsson,ERI,9,Marcus,Ericsson,1990-09-02,Swedish,sauber,Sauber,20,10,10,1.0,70,+1 Lap,,6.0,68.216,227.876
2018,9,Austrian Grand Prix,2018-07-01,red_bull_ring,Red Bull Ring,Austria,Spielberg,47.2197,14.7647,gasly,GAS,10,Pierre,Gasly,1996-02-07,French,toro_rosso,Toro Rosso,12,11,11,0.0,70,+1 Lap,,19.0,69.295,224.327
2018,9,Austrian Grand Prix,2018-07-01,red_bull_ring,Red Bull Ring,Austria,Spielberg,47.2197,14.7647,sainz,SAI,55,Carlos,Sainz,1994-09-01,Spanish,renault,Renault,9,12,12,0.0,70,+1 Lap,,10.0,68.766,226.053
2018,9,Austrian Grand Prix,2018-07-01,red_bull_ring,Red Bull Ring,Austria,Spielberg,47.2197,14.7647,sirotkin,SIR,35,Sergey,Sirotkin,1995-08-27,Russian,williams,Williams,17,13,13,0.0,69,+2 Laps,,13.0,68.971,225.381
2018,9,Austrian Grand Prix,2018-07-01,red_bull_ring,Red Bull Ring,Austria,Spielberg,47.2197,14.7647,stroll,STR,18,Lance,Stroll,1998-10-29,Canadian,williams,Williams,14,14,14,0.0,69,+2 Laps,,18.0,69.203,224.626
2018,9,Austrian Grand Prix,2018-07-01,red_bull_ring,Red Bull Ring,Austria,Spielberg,47.2197,14.7647,vandoorne,VAN,2,Stoffel,Vandoorne,1992-03-26,Belgian,mclaren,McLaren,15,15,15,0.0,65,Collision damage,,12.0,68.894,225.633
2018,9,Austrian Grand Prix,2018-07-01,red_bull_ring,Red Bull Ring,Austria,Spielberg,47.2197,14.7647,hamilton,HAM,44,Lewis,Hamilton,1985-01-07,British,mercedes,Mercedes,2,16,R,0.0,62,Fuel pressure,,3.0,67.241,231.18
2018,9,Austrian Grand Prix,2018-07-01,red_bull_ring,Red Bull Ring,Austria,Spielberg,47.2197,14.7647,brendon_hartley,HAR,28,Brendon,Hartley,1989-11-10,New Zealander,toro_rosso,Toro Rosso,19,17,R,0.0,54,Hydraulics,,17.0,69.17099999999999,224.73
2018,9,Austrian Grand Prix,2018-07-01,red_bull_ring,Red Bull Ring,Austria,Spielberg,47.2197,14.7647,ricciardo,RIC,3,Daniel,Ricciardo,1989-07-01,Australian,red_bull,Red Bull,7,18,R,0.0,53,Exhaust,,5.0,67.591,229.983
2018,9,Austrian Grand Prix,2018-07-01,red_bull_ring,Red Bull Ring,Austria,Spielberg,47.2197,14.7647,bottas,BOT,77,Valtteri,Bottas,1989-08-28,Finnish,mercedes,Mercedes,1,19,R,0.0,13,Hydraulics,,15.0,69.044,225.143
2018,9,Austrian Grand Prix,2018-07-01,red_bull_ring,Red Bull Ring,Austria,Spielberg,47.2197,14.7647,hulkenberg,HUL,27,Nico,Hülkenberg,1987-08-19,German,renault,Renault,10,20,R,0.0,11,Engine,,20.0,70.38,220.869
2018,10,British Grand Prix,2018-07-08,silverstone,Silverstone Circuit,UK,Silverstone,52.0786,-1.01694,vettel,VET,5,Sebastian,Vettel,1987-07-03,German,ferrari,Ferrari,2,1,1,25.0,52,Finished,5249784.0,1.0,90.696,233.831
2018,10,British Grand Prix,2018-07-08,silverstone,Silverstone Circuit,UK,Silverstone,52.0786,-1.01694,hamilton,HAM,44,Lewis,Hamilton,1985-01-07,British,mercedes,Mercedes,1,2,2,18.0,52,Finished,5252048.0,3.0,91.245,232.424
2018,10,British Grand Prix,2018-07-08,silverstone,Silverstone Circuit,UK,Silverstone,52.0786,-1.01694,raikkonen,RAI,7,Kimi,Räikkönen,1979-10-17,Finnish,ferrari,Ferrari,3,3,3,15.0,52,Finished,5253436.0,2.0,90.795,233.576
2018,10,British Grand Prix,2018-07-08,silverstone,Silverstone Circuit,UK,Silverstone,52.0786,-1.01694,bottas,BOT,77,Valtteri,Bottas,1989-08-28,Finnish,mercedes,Mercedes,4,4,4,12.0,52,Finished,5258667.0,4.0,91.377,232.089
2018,10,British Grand Prix,2018-07-08,silverstone,Silverstone Circuit,UK,Silverstone,52.0786,-1.01694,ricciardo,RIC,3,Daniel,Ricciardo,1989-07-01,Australian,red_bull,Red Bull,6,5,5,10.0,52,Finished,5259284.0,5.0,91.589,231.551
2018,10,British Grand Prix,2018-07-08,silverstone,Silverstone Circuit,UK,Silverstone,52.0786,-1.01694,hulkenberg,HUL,27,Nico,Hülkenberg,1987-08-19,German,renault,Renault,11,6,6,8.0,52,Finished,5278004.0,7.0,93.405,227.049
2018,10,British Grand Prix,2018-07-08,silverstone,Silverstone Circuit,UK,Silverstone,52.0786,-1.01694,ocon,OCO,31,Esteban,Ocon,1996-09-17,French,force_india,Force India,10,7,7,6.0,52,Finished,5279714.0,13.0,93.606,226.562
2018,10,British Grand Prix,2018-07-08,silverstone,Silverstone Circuit,UK,Silverstone,52.0786,-1.01694,alonso,ALO,14,Fernando,Alonso,1981-07-29,Spanish,mclaren,McLaren,13,8,8,4.0,52,Finished,5280899.0,10.0,93.482,226.862
2018,10,British Grand Prix,2018-07-08,silverstone,Silverstone Circuit,UK,Silverstone,52.0786,-1.01694,kevin_magnussen,MAG,20,Kevin,Magnussen,1992-10-05,Danish,haas,Haas F1 Team,7,9,9,2.0,52,Finished,5282972.0,12.0,93.604,226.567
2018,10,British Grand Prix,2018-07-08,silverstone,Silverstone Circuit,UK,Silverstone,52.0786,-1.01694,perez,PER,11,Sergio,Pérez,1990-01-26,Mexican,force_india,Force India,12,10,10,1.0,52,Finished,5284492.0,9.0,93.47200000000001,226.887
2018,10,British Grand Prix,2018-07-08,silverstone,Silverstone Circuit,UK,Silverstone,52.0786,-1.01694,vandoorne,VAN,2,Stoffel,Vandoorne,1992-03-26,Belgian,mclaren,McLaren,17,11,11,0.0,52,Finished,5285558.0,11.0,93.551,226.695
2018,10,British Grand Prix,2018-07-08,silverstone,Silverstone Circuit,UK,Silverstone,52.0786,-1.01694,stroll,STR,18,Lance,Stroll,1998-10-29,Canadian,williams,Williams,19,12,12,0.0,52,Finished,5287890.0,15.0,93.869,225.927
2018,10,British Grand Prix,2018-07-08,silverstone,Silverstone Circuit,UK,Silverstone,52.0786,-1.01694,gasly,GAS,10,Pierre,Gasly,1996-02-07,French,toro_rosso,Toro Rosso,14,13,13,0.0,52,Finished,5288913.0,8.0,93.465,226.904
2018,10,British Grand Prix,2018-07-08,silverstone,Silverstone Circuit,UK,Silverstone,52.0786,-1.01694,sirotkin,SIR,35,Sergey,Sirotkin,1995-08-27,Russian,williams,Williams,18,14,14,0.0,52,Finished,5297897.0,18.0,94.62,224.134
2018,10,British Grand Prix,2018-07-08,silverstone,Silverstone Circuit,UK,Silverstone,52.0786,-1.01694,max_verstappen,VER,33,Max,Verstappen,1997-09-30,Dutch,red_bull,Red Bull,5,15,R,0.0,46,Brakes,,6.0,92.007,230.499
2018,10,British Grand Prix,2018-07-08,silverstone,Silverstone Circuit,UK,Silverstone,52.0786,-1.01694,grosjean,GRO,8,Romain,Grosjean,1986-04-17,French,haas,Haas F1 Team,8,16,R,0.0,37,Collision,,16.0,94.39099999999999,224.678
2018,10,British Grand Prix,2018-07-08,silverstone,Silverstone Circuit,UK,Silverstone,52.0786,-1.01694,sainz,SAI,55,Carlos,Sainz,1994-09-01,Spanish,renault,Renault,16,17,R,0.0,37,Collision,,17.0,94.602,224.177
2018,10,British Grand Prix,2018-07-08,silverstone,Silverstone Circuit,UK,Silverstone,52.0786,-1.01694,ericsson,ERI,9,Marcus,Ericsson,1990-09-02,Swedish,sauber,Sauber,15,18,R,0.0,31,Accident,,14.0,93.675,226.395
2018,10,British Grand Prix,2018-07-08,silverstone,Silverstone Circuit,UK,Silverstone,52.0786,-1.01694,leclerc,LEC,16,Charles,Leclerc,1997-10-16,Monegasque,sauber,Sauber,9,19,R,0.0,18,Tyre,,19.0,95.209,222.747
2018,10,British Grand Prix,2018-07-08,silverstone,Silverstone Circuit,UK,Silverstone,52.0786,-1.01694,brendon_hartley,HAR,28,Brendon,Hartley,1989-11-10,New Zealander,toro_rosso,Toro Rosso,0,20,R,0.0,1,Power Unit,,,,
2018,11,German Grand Prix,2018-07-22,hockenheimring,Hockenheimring,Germany,Hockenheim,49.3278,8.56583,hamilton,HAM,44,Lewis,Hamilton,1985-01-07,British,mercedes,Mercedes,14,1,1,25.0,67,Finished,5549845.0,1.0,75.545,217.968
2018,11,German Grand Prix,2018-07-22,hockenheimring,Hockenheimring,Germany,Hockenheim,49.3278,8.56583,bottas,BOT,77,Valtteri,Bottas,1989-08-28,Finnish,mercedes,Mercedes,2,2,2,18.0,67,Finished,5554380.0,2.0,75.721,217.461
2018,11,German Grand Prix,2018-07-22,hockenheimring,Hockenheimring,Germany,Hockenheim,49.3278,8.56583,raikkonen,RAI,7,Kimi,Räikkönen,1979-10-17,Finnish,ferrari,Ferrari,3,3,3,15.0,67,Finished,5556577.0,4.0,75.99,216.691
2018,11,German Grand Prix,2018-07-22,hockenheimring,Hockenheimring,Germany,Hockenheim,49.3278,8.56583,max_verstappen,VER,33,Max,Verstappen,1997-09-30,Dutch,red_bull,Red Bull,4,4,4,12.0,67,Finished,5557499.0,3.0,75.852,217.085
2018,11,German Grand Prix,2018-07-22,hockenheimring,Hockenheimring,Germany,Hockenheim,49.3278,8.56583,hulkenberg,HUL,27,Nico,Hülkenberg,1987-08-19,German,renault,Renault,7,5,5,10.0,67,Finished,5576454.0,16.0,77.91,211.351
2018,11,German Grand Prix,2018-07-22,hockenheimring,Hockenheimring,Germany,Hockenheim,49.3278,8.56583,grosjean,GRO,8,Romain,Grosjean,1986-04-17,French,haas,Haas F1 Team,6,6,6,8.0,67,Finished,5578716.0,5.0,76.71600000000001,214.641
2018,11,German Grand Prix,2018-07-22,hockenheimring,Hockenheimring,Germany,Hockenheim,49.3278,8.56583,perez,PER,11,Sergio,Pérez,1990-01-26,Mexican,force_india,Force India,10,7,7,6.0,67,Finished,5580401.0,15.0,77.867,211.468
2018,11,German Grand Prix,2018-07-22,hockenheimring,Hockenheimring,Germany,Hockenheim,49.3278,8.56583,ocon,OCO,31,Esteban,Ocon,1996-09-17,French,force_india,Force India,15,8,8,4.0,67,Finished,5581595.0,17.0,77.941,211.267
2018,11,German Grand Prix,2018-07-22,hockenheimring,Hockenheimring,Germany,Hockenheim,49.3278,8.56583,ericsson,ERI,9,Marcus,Ericsson,1990-09-02,Swedish,sauber,Sauber,13,9,9,2.0,67,Finished,5582207.0,12.0,77.745,211.8
2018,11,German Grand Prix,2018-07-22,hockenheimring,Hockenheimring,Germany,Hockenheim,49.3278,8.56583,brendon_hartley,HAR,28,Brendon,Hartley,1989-11-10,New Zealander,toro_rosso,Toro Rosso,17,10,10,1.0,67,Finished,5584042.0,9.0,77.681,211.974
2018,11,German Grand Prix,2018-07-22,hockenheimring,Hockenheimring,Germany,Hockenheim,49.3278,8.56583,kevin_magnussen,MAG,20,Kevin,Magnussen,1992-10-05,Danish,haas,Haas F1 Team,5,11,11,0.0,67,Finished,5584764.0,10.0,77.697,211.93
2018,11,German Grand Prix,2018-07-22,hockenheimring,Hockenheimring,Germany,Hockenheim,49.3278,8.56583,sainz,SAI,55,Carlos,Sainz,1994-09-01,Spanish,renault,Renault,8,12,12,0.0,67,Finished,5592914.0,7.0,77.43,212.661
2018,11,German Grand Prix,2018-07-22,hockenheimring,Hockenheimring,Germany,Hockenheim,49.3278,8.56583,vandoorne,VAN,2,Stoffel,Vandoorne,1992-03-26,Belgian,mclaren,McLaren,19,13,13,0.0,67,Finished,5596462.0,8.0,77.537,212.368
2018,11,German Grand Prix,2018-07-22,hockenheimring,Hockenheimring,Germany,Hockenheim,49.3278,8.56583,gasly,GAS,10,Pierre,Gasly,1996-02-07,French,toro_rosso,Toro Rosso,16,14,14,0.0,66,+1 Lap,,13.0,77.762,211.753
2018,11,German Grand Prix,2018-07-22,hockenheimring,Hockenheimring,Germany,Hockenheim,49.3278,8.56583,leclerc,LEC,16,Charles,Leclerc,1997-10-16,Monegasque,sauber,Sauber,9,15,15,0.0,66,+1 Lap,,14.0,77.852,211.509
2018,11,German Grand Prix,2018-07-22,hockenheimring,Hockenheimring,Germany,Hockenheim,49.3278,8.56583,alonso,ALO,14,Fernando,Alonso,1981-07-29,Spanish,mclaren,McLaren,11,16,16,0.0,65,Retired,,11.0,77.741,211.811
2018,11,German Grand Prix,2018-07-22,hockenheimring,Hockenheimring,Germany,Hockenheim,49.3278,8.56583,stroll,STR,18,Lance,Stroll,1998-10-29,Canadian,williams,Williams,18,17,R,0.0,53,Engine,,19.0,78.861,208.802
2018,11,German Grand Prix,2018-07-22,hockenheimring,Hockenheimring,Germany,Hockenheim,49.3278,8.56583,vettel,VET,5,Sebastian,Vettel,1987-07-03,German,ferrari,Ferrari,1,18,R,0.0,51,Accident,,6.0,77.28999999999999,213.046
2018,11,German Grand Prix,2018-07-22,hockenheimring,Hockenheimring,Germany,Hockenheim,49.3278,8.56583,sirotkin,SIR,35,Sergey,Sirotkin,1995-08-27,Russian,williams,Williams,12,19,R,0.0,51,Engine,,20.0,78.934,208.609
2018,11,German Grand Prix,2018-07-22,hockenheimring,Hockenheimring,Germany,Hockenheim,49.3278,8.56583,ricciardo,RIC,3,Daniel,Ricciardo,1989-07-01,Australian,red_bull,Red Bull,20,20,R,0.0,27,Engine,,18.0,78.262,210.4
2018,12,Hungarian Grand Prix,2018-07-29,hungaroring,Hungaroring,Hungary,Budapest,47.5789,19.2486,hamilton,HAM,44,Lewis,Hamilton,1985-01-07,British,mercedes,Mercedes,1,1,1,25.0,70,Finished,5836427.0,4.0,81.107,194.454
2018,12,Hungarian Grand Prix,2018-07-29,hungaroring,Hungaroring,Hungary,Budapest,47.5789,19.2486,vettel,VET,5,Sebastian,Vettel,1987-07-03,German,ferrari,Ferrari,4,2,2,18.0,70,Finished,5853550.0,2.0,80.056,197.007
2018,12,Hungarian Grand Prix,2018-07-29,hungaroring,Hungaroring,Hungary,Budapest,47.5789,19.2486,raikkonen,RAI,7,Kimi,Räikkönen,1979-10-17,Finnish,ferrari,Ferrari,3,3,3,15.0,70,Finished,5856528.0,3.0,80.292,196.428
2018,12,Hungarian Grand Prix,2018-07-29,hungaroring,Hungaroring,Hungary,Budapest,47.5789,19.2486,ricciardo,RIC,3,Daniel,Ricciardo,1989-07-01,Australian,red_bull,Red Bull,12,4,4,12.0,70,Finished,5882846.0,1.0,80.012,197.115
2018,12,Hungarian Grand Prix,2018-07-29,hungaroring,Hungaroring,Hungary,Budapest,47.5789,19.2486,bottas,BOT,77,Valtteri,Bottas,1989-08-28,Finnish,mercedes,Mercedes,2,5,5,10.0,70,Finished,5886427.0,8.0,81.736,192.957
2018,12,Hungarian Grand Prix,2018-07-29,hungaroring,Hungaroring,Hungary,Budapest,47.5789,19.2486,gasly,GAS,10,Pierre,Gasly,1996-02-07,French,toro_rosso,Toro Rosso,6,6,6,8.0,70,Finished,5909700.0,7.0,81.685,193.078
2018,12,Hungarian Grand Prix,2018-07-29,hungaroring,Hungaroring,Hungary,Budapest,47.5789,19.2486,kevin_magnussen,MAG,20,Kevin,Magnussen,1992-10-05,Danish,haas,Haas F1 Team,9,7,7,6.0,69,+1 Lap,,6.0,81.30199999999999,193.987
2018,12,Hungarian Grand Prix,2018-07-29,hungaroring,Hungaroring,Hungary,Budapest,47.5789,19.2486,alonso,ALO,14,Fernando,Alonso,1981-07-29,Spanish,mclaren,McLaren,11,8,8,4.0,69,+1 Lap,,9.0,82.09,192.125
2018,12,Hungarian Grand Prix,2018-07-29,hungaroring,Hungaroring,Hungary,Budapest,47.5789,19.2486,sainz,SAI,55,Carlos,Sainz,1994-09-01,Spanish,renault,Renault,5,9,9,2.0,69,+1 Lap,,13.0,82.774,190.538
2018,12,Hungarian Grand Prix,2018-07-29,hungaroring,Hungaroring,Hungary,Budapest,47.5789,19.2486,grosjean,GRO,8,Romain,Grosjean,1986-04-17,French,haas,Haas F1 Team,10,10,10,1.0,69,+1 Lap,,10.0,82.606,190.925
2018,12,Hungarian Grand Prix,2018-07-29,hungaroring,Hungaroring,Hungary,Budapest,47.5789,19.2486,brendon_hartley,HAR,28,Brendon,Hartley,1989-11-10,New Zealander,toro_rosso,Toro Rosso,8,11,11,0.0,69,+1 Lap,,11.0,82.612,190.911
2018,12,Hungarian Grand Prix,2018-07-29,hungaroring,Hungaroring,Hungary,Budapest,47.5789,19.2486,hulkenberg,HUL,27,Nico,Hülkenberg,1987-08-19,German,renault,Renault,13,12,12,0.0,69,+1 Lap,,5.0,81.261,194.085
2018,12,Hungarian Grand Prix,2018-07-29,hungaroring,Hungaroring,Hungary,Budapest,47.5789,19.2486,ocon,OCO,31,Esteban,Ocon,1996-09-17,French,force_india,Force India,18,13,13,0.0,69,+1 Lap,,14.0,82.876,190.303
2018,12,Hungarian Grand Prix,2018-07-29,hungaroring,Hungaroring,Hungary,Budapest,47.5789,19.2486,perez,PER,11,Sergio,Pérez,1990-01-26,Mexican,force_india,Force India,19,14,14,0.0,69,+1 Lap,,16.0,83.263,189.419
2018,12,Hungarian Grand Prix,2018-07-29,hungaroring,Hungaroring,Hungary,Budapest,47.5789,19.2486,ericsson,ERI,9,Marcus,Ericsson,1990-09-02,Swedish,sauber,Sauber,14,15,15,0.0,68,+2 Laps,,17.0,83.67099999999999,188.495
2018,12,Hungarian Grand Prix,2018-07-29,hungaroring,Hungaroring,Hungary,Budapest,47.5789,19.2486,sirotkin,SIR,35,Sergey,Sirotkin,1995-08-27,Russian,williams,Williams,20,16,16,0.0,68,+2 Laps,,18.0,83.708,188.412
2018,12,Hungarian Grand Prix,2018-07-29,hungaroring,Hungaroring,Hungary,Budapest,47.5789,19.2486,stroll,STR,18,Lance,Stroll,1998-10-29,Canadian,williams,Williams,15,17,17,0.0,68,+2 Laps,,12.0,82.66,190.8
2018,12,Hungarian Grand Prix,2018-07-29,hungaroring,Hungaroring,Hungary,Budapest,47.5789,19.2486,vandoorne,VAN,2,Stoffel,Vandoorne,1992-03-26,Belgian,mclaren,McLaren,16,18,R,0.0,49,Gearbox,,15.0,83.077,189.843
2018,12,Hungarian Grand Prix,2018-07-29,hungaroring,Hungaroring,Hungary,Budapest,47.5789,19.2486,max_verstappen,VER,33,Max,Verstappen,1997-09-30,Dutch,red_bull,Red Bull,7,19,R,0.0,5,Power loss,,19.0,83.985,187.79
2018,12,Hungarian Grand Prix,2018-07-29,hungaroring,Hungaroring,Hungary,Budapest,47.5789,19.2486,leclerc,LEC,16,Charles,Leclerc,1997-10-16,Monegasque,sauber,Sauber,17,20,R,0.0,0,Suspension,,,,
2018,13,Belgian Grand Prix,2018-08-26,spa,Circuit de Spa-Francorchamps,Belgium,Spa,50.4372,5.97139,vettel,VET,5,Sebastian,Vettel,1987-07-03,German,ferrari,Ferrari,2,1,1,25.0,44,Finished,5014476.0,2.0,106.644,236.435
2018,13,Belgian Grand Prix,2018-08-26,spa,Circuit de Spa-Francorchamps,Belgium,Spa,50.4372,5.97139,hamilton,HAM,44,Lewis,Hamilton,1985-01-07,British,mercedes,Mercedes,1,2,2,18.0,44,Finished,5025537.0,3.0,106.721,236.264
2018,13,Belgian Grand Prix,2018-08-26,spa,Circuit de Spa-Francorchamps,Belgium,Spa,50.4372,5.97139,max_verstappen,VER,33,Max,Verstappen,1997-09-30,Dutch,red_bull,Red Bull,7,3,3,15.0,44,Finished,5045848.0,4.0,106.946,235.767
2018,13,Belgian Grand Prix,2018-08-26,spa,Circuit de Spa-Francorchamps,Belgium,Spa,50.4372,5.97139,bottas,BOT,77,Valtteri,Bottas,1989-08-28,Finnish,mercedes,Mercedes,19,4,4,12.0,44,Finished,5078081.0,1.0,106.286,237.231
2018,13,Belgian Grand Prix,2018-08-26,spa,Circuit de Spa-Francorchamps,Belgium,Spa,50.4372,5.97139,perez,PER,11,Sergio,Pérez,1990-01-26,Mexican,force_india,Force India,4,5,5,10.0,44,Finished,5085499.0,7.0,108.08,233.293
2018,13,Belgian Grand Prix,2018-08-26,spa,Circuit de Spa-Francorchamps,Belgium,Spa,50.4372,5.97139,ocon,OCO,31,Esteban,Ocon,1996-09-17,French,force_india,Force India,3,6,6,8.0,44,Finished,5093996.0,6.0,108.078,233.298
2018,13,Belgian Grand Prix,2018-08-26,spa,Circuit de Spa-Francorchamps,Belgium,Spa,50.4372,5.97139,grosjean,GRO,8,Romain,Grosjean,1986-04-17,French,haas,Haas F1 Team,5,7,7,6.0,44,Finished,5100429.0,8.0,108.283,232.856
2018,13,Belgian Grand Prix,2018-08-26,spa,Circuit de Spa-Francorchamps,Belgium,Spa,50.4372,5.97139,kevin_magnussen,MAG,20,Kevin,Magnussen,1992-10-05,Danish,haas,Haas F1 Team,9,8,8,4.0,44,Finished,5102115.0,5.0,107.937,233.602
2018,13,Belgian Grand Prix,2018-08-26,spa,Circuit de Spa-Francorchamps,Belgium,Spa,50.4372,5.97139,gasly,GAS,10,Pierre,Gasly,1996-02-07,French,toro_rosso,Toro Rosso,10,9,9,2.0,44,Finished,5120368.0,9.0,108.588,232.202
2018,13,Belgian Grand Prix,2018-08-26,spa,Circuit de Spa-Francorchamps,Belgium,Spa,50.4372,5.97139,ericsson,ERI,9,Marcus,Ericsson,1990-09-02,Swedish,sauber,Sauber,13,10,10,1.0,43,+1 Lap,,11.0,108.694,231.976
2018,13,Belgian Grand Prix,2018-08-26,spa,Circuit de Spa-Francorchamps,Belgium,Spa,50.4372,5.97139,sainz,SAI,55,Carlos,Sainz,1994-09-01,Spanish,renault,Renault,14,11,11,0.0,43,+1 Lap,,10.0,108.67,232.027
2018,13,Belgian Grand Prix,2018-08-26,spa,Circuit de Spa-Francorchamps,Belgium,Spa,50.4372,5.97139,sirotkin,SIR,35,Sergey,Sirotkin,1995-08-27,Russian,williams,Williams,16,12,12,0.0,43,+1 Lap,,14.0,109.113,231.085
2018,13,Belgian Grand Prix,2018-08-26,spa,Circuit de Spa-Francorchamps,Belgium,Spa,50.4372,5.97139,stroll,STR,18,Lance,Stroll,1998-10-29,Canadian,williams,Williams,17,13,13,0.0,43,+1 Lap,,16.0,109.287,230.717
2018,13,Belgian Grand Prix,2018-08-26,spa,Circuit de Spa-Francorchamps,Belgium,Spa,50.4372,5.97139,brendon_hartley,HAR,28,Brendon,Hartley,1989-11-10,New Zealander,toro_rosso,Toro Rosso,11,14,14,0.0,43,+1 Lap,,12.0,108.756,231.843
2018,13,Belgian Grand Prix,2018-08-26,spa,Circuit de Spa-Francorchamps,Belgium,Spa,50.4372,5.97139,vandoorne,VAN,2,Stoffel,Vandoorne,1992-03-26,Belgian,mclaren,McLaren,18,15,15,0.0,43,+1 Lap,,13.0,108.956,231.418
2018,13,Belgian Grand Prix,2018-08-26,spa,Circuit de Spa-Francorchamps,Belgium,Spa,50.4372,5.97139,ricciardo,RIC,3,Daniel,Ricciardo,1989-07-01,Australian,red_bull,Red Bull,8,16,R,0.0,28,Retired,,15.0,109.24199999999999,230.812
2018,13,Belgian Grand Prix,2018-08-26,spa,Circuit de Spa-Francorchamps,Belgium,Spa,50.4372,5.97139,raikkonen,RAI,7,Kimi,Räikkönen,1979-10-17,Finnish,ferrari,Ferrari,6,17,R,0.0,8,Brakes,,17.0,114.32,220.559
2018,13,Belgian Grand Prix,2018-08-26,spa,Circuit de Spa-Francorchamps,Belgium,Spa,50.4372,5.97139,leclerc,LEC,16,Charles,Leclerc,1997-10-16,Monegasque,sauber,Sauber,12,18,R,0.0,0,Accident,,,,
2018,13,Belgian Grand Prix,2018-08-26,spa,Circuit de Spa-Francorchamps,Belgium,Spa,50.4372,5.97139,alonso,ALO,14,Fernando,Alonso,1981-07-29,Spanish,mclaren,McLaren,15,19,R,0.0,0,Accident,,,,
2018,13,Belgian Grand Prix,2018-08-26,spa,Circuit de Spa-Francorchamps,Belgium,Spa,50.4372,5.97139,hulkenberg,HUL,27,Nico,Hülkenberg,1987-08-19,German,renault,Renault,20,20,R,0.0,0,Accident,,,,
2018,14,Italian Grand Prix,2018-09-02,monza,Autodromo Nazionale di Monza,Italy,Monza,45.6156,9.28111,hamilton,HAM,44,Lewis,Hamilton,1985-01-07,British,mercedes,Mercedes,3,1,1,25.0,53,Finished,4614484.0,1.0,82.497,252.794
2018,14,Italian Grand Prix,2018-09-02,monza,Autodromo Nazionale di Monza,Italy,Monza,45.6156,9.28111,raikkonen,RAI,7,Kimi,Räikkönen,1979-10-17,Finnish,ferrari,Ferrari,1,2,2,18.0,53,Finished,4623189.0,4.0,83.515,249.713
2018,14,Italian Grand Prix,2018-09-02,monza,Autodromo Nazionale di Monza,Italy,Monza,45.6156,9.28111,bottas,BOT,77,Valtteri,Bottas,1989-08-28,Finnish,mercedes,Mercedes,4,3,3,15.0,53,Finished,4628550.0,3.0,82.907,251.544
2018,14,Italian Grand Prix,2018-09-02,monza,Autodromo Nazionale di Monza,Italy,Monza,45.6156,9.28111,vettel,VET,5,Sebastian,Vettel,1987-07-03,German,ferrari,Ferrari,2,4,4,12.0,53,Finished,4630635.0,2.0,82.505,252.77
2018,14,Italian Grand Prix,2018-09-02,monza,Autodromo Nazionale di Monza,Italy,Monza,45.6156,9.28111,max_verstappen,VER,33,Max,Verstappen,1997-09-30,Dutch,red_bull,Red Bull,5,5,5,10.0,53,Finished,4632692.0,6.0,83.60900000000001,249.432
2018,14,Italian Grand Prix,2018-09-02,monza,Autodromo Nazionale di Monza,Italy,Monza,45.6156,9.28111,ocon,OCO,31,Esteban,Ocon,1996-09-17,French,force_india,Force India,8,6,6,8.0,53,Finished,4672245.0,12.0,84.243,247.555
2018,14,Italian Grand Prix,2018-09-02,monza,Autodromo Nazionale di Monza,Italy,Monza,45.6156,9.28111,perez,PER,11,Sergio,Pérez,1990-01-26,Mexican,force_india,Force India,14,7,7,6.0,53,Finished,4673162.0,11.0,84.179,247.743
2018,14,Italian Grand Prix,2018-09-02,monza,Autodromo Nazionale di Monza,Italy,Monza,45.6156,9.28111,sainz,SAI,55,Carlos,Sainz,1994-09-01,Spanish,renault,Renault,7,8,8,4.0,53,Finished,4692624.0,5.0,83.529,249.671
2018,14,Italian Grand Prix,2018-09-02,monza,Autodromo Nazionale di Monza,Italy,Monza,45.6156,9.28111,stroll,STR,18,Lance,Stroll,1998-10-29,Canadian,williams,Williams,10,9,9,2.0,52,+1 Lap,,9.0,84.056,248.106
2018,14,Italian Grand Prix,2018-09-02,monza,Autodromo Nazionale di Monza,Italy,Monza,45.6156,9.28111,sirotkin,SIR,35,Sergey,Sirotkin,1995-08-27,Russian,williams,Williams,12,10,10,1.0,52,+1 Lap,,14.0,84.58,246.568
2018,14,Italian Grand Prix,2018-09-02,monza,Autodromo Nazionale di Monza,Italy,Monza,45.6156,9.28111,leclerc,LEC,16,Charles,Leclerc,1997-10-16,Monegasque,sauber,Sauber,15,11,11,0.0,52,+1 Lap,,8.0,83.768,248.959
2018,14,Italian Grand Prix,2018-09-02,monza,Autodromo Nazionale di Monza,Italy,Monza,45.6156,9.28111,vandoorne,VAN,2,Stoffel,Vandoorne,1992-03-26,Belgian,mclaren,McLaren,17,12,12,0.0,52,+1 Lap,,13.0,84.504,246.79
2018,14,Italian Grand Prix,2018-09-02,monza,Autodromo Nazionale di Monza,Italy,Monza,45.6156,9.28111,hulkenberg,HUL,27,Nico,Hülkenberg,1987-08-19,German,renault,Renault,20,13,13,0.0,52,+1 Lap,,16.0,84.77199999999999,246.01
2018,14,Italian Grand Prix,2018-09-02,monza,Autodromo Nazionale di Monza,Italy,Monza,45.6156,9.28111,gasly,GAS,10,Pierre,Gasly,1996-02-07,French,toro_rosso,Toro Rosso,9,14,14,0.0,52,+1 Lap,,10.0,84.059,248.097
2018,14,Italian Grand Prix,2018-09-02,monza,Autodromo Nazionale di Monza,Italy,Monza,45.6156,9.28111,ericsson,ERI,9,Marcus,Ericsson,1990-09-02,Swedish,sauber,Sauber,18,15,15,0.0,52,+1 Lap,,15.0,84.767,246.024
2018,14,Italian Grand Prix,2018-09-02,monza,Autodromo Nazionale di Monza,Italy,Monza,45.6156,9.28111,kevin_magnussen,MAG,20,Kevin,Magnussen,1992-10-05,Danish,haas,Haas F1 Team,11,16,16,0.0,52,+1 Lap,,7.0,83.768,248.959
2018,14,Italian Grand Prix,2018-09-02,monza,Autodromo Nazionale di Monza,Italy,Monza,45.6156,9.28111,ricciardo,RIC,3,Daniel,Ricciardo,1989-07-01,Australian,red_bull,Red Bull,19,17,R,0.0,23,Engine,,18.0,85.69200000000001,243.369
2018,14,Italian Grand Prix,2018-09-02,monza,Autodromo Nazionale di Monza,Italy,Monza,45.6156,9.28111,alonso,ALO,14,Fernando,Alonso,1981-07-29,Spanish,mclaren,McLaren,13,18,R,0.0,9,Engine,,17.0,85.229,244.691
2018,14,Italian Grand Prix,2018-09-02,monza,Autodromo Nazionale di Monza,Italy,Monza,45.6156,9.28111,brendon_hartley,HAR,28,Brendon,Hartley,1989-11-10,New Zealander,toro_rosso,Toro Rosso,16,19,R,0.0,0,Brakes,,19.0,87.009,239.685
2018,14,Italian Grand Prix,2018-09-02,monza,Autodromo Nazionale di Monza,Italy,Monza,45.6156,9.28111,grosjean,GRO,8,Romain,Grosjean,1986-04-17,French,haas,Haas F1 Team,6,20,D,0.0,53,Disqualified,,,,
2018,15,Singapore Grand Prix,2018-09-16,marina_bay,Marina Bay Street Circuit,Singapore,Marina Bay,1.2914,103.864,hamilton,HAM,44,Lewis,Hamilton,1985-01-07,British,mercedes,Mercedes,1,1,1,25.0,61,Finished,6671611.0,2.0,102.913,177.108
2018,15,Singapore Grand Prix,2018-09-16,marina_bay,Marina Bay Street Circuit,Singapore,Marina Bay,1.2914,103.864,max_verstappen,VER,33,Max,Verstappen,1997-09-30,Dutch,red_bull,Red Bull,2,2,2,18.0,61,Finished,6680572.0,5.0,103.345,176.368
2018,15,Singapore Grand Prix,2018-09-16,marina_bay,Marina Bay Street Circuit,Singapore,Marina Bay,1.2914,103.864,vettel,VET,5,Sebastian,Vettel,1987-07-03,German,ferrari,Ferrari,3,3,3,15.0,61,Finished,6711595.0,6.0,104.669,174.137
2018,15,Singapore Grand Prix,2018-09-16,marina_bay,Marina Bay Street Circuit,Singapore,Marina Bay,1.2914,103.864,bottas,BOT,77,Valtteri,Bottas,1989-08-28,Finnish,mercedes,Mercedes,4,4,4,12.0,61,Finished,6723541.0,8.0,104.72,174.052
2018,15,Singapore Grand Prix,2018-09-16,marina_bay,Marina Bay Street Circuit,Singapore,Marina Bay,1.2914,103.864,raikkonen,RAI,7,Kimi,Räikkönen,1979-10-17,Finnish,ferrari,Ferrari,5,5,5,10.0,61,Finished,6724612.0,7.0,104.715,174.061
2018,15,Singapore Grand Prix,2018-09-16,marina_bay,Marina Bay Street Circuit,Singapore,Marina Bay,1.2914,103.864,ricciardo,RIC,3,Daniel,Ricciardo,1989-07-01,Australian,red_bull,Red Bull,6,6,6,8.0,61,Finished,6725593.0,3.0,103.12,176.753
2018,15,Singapore Grand Prix,2018-09-16,marina_bay,Marina Bay Street Circuit,Singapore,Marina Bay,1.2914,103.864,alonso,ALO,14,Fernando,Alonso,1981-07-29,Spanish,mclaren,McLaren,11,7,7,6.0,61,Finished,6774612.0,4.0,103.164,176.677
2018,15,Singapore Grand Prix,2018-09-16,marina_bay,Marina Bay Street Circuit,Singapore,Marina Bay,1.2914,103.864,sainz,SAI,55,Carlos,Sainz,1994-09-01,Spanish,renault,Renault,12,8,8,4.0,60,+1 Lap,,12.0,105.211,173.24
2018,15,Singapore Grand Prix,2018-09-16,marina_bay,Marina Bay Street Circuit,Singapore,Marina Bay,1.2914,103.864,leclerc,LEC,16,Charles,Leclerc,1997-10-16,Monegasque,sauber,Sauber,13,9,9,2.0,60,+1 Lap,,11.0,105.203,173.253
2018,15,Singapore Grand Prix,2018-09-16,marina_bay,Marina Bay Street Circuit,Singapore,Marina Bay,1.2914,103.864,hulkenberg,HUL,27,Nico,Hülkenberg,1987-08-19,German,renault,Renault,10,10,10,1.0,60,+1 Lap,,19.0,106.093,171.8
2018,15,Singapore Grand Prix,2018-09-16,marina_bay,Marina Bay Street Circuit,Singapore,Marina Bay,1.2914,103.864,ericsson,ERI,9,Marcus,Ericsson,1990-09-02,Swedish,sauber,Sauber,14,11,11,0.0,60,+1 Lap,,10.0,105.169,173.309
2018,15,Singapore Grand Prix,2018-09-16,marina_bay,Marina Bay Street Circuit,Singapore,Marina Bay,1.2914,103.864,vandoorne,VAN,2,Stoffel,Vandoorne,1992-03-26,Belgian,mclaren,McLaren,18,12,12,0.0,60,+1 Lap,,14.0,105.555,172.675
2018,15,Singapore Grand Prix,2018-09-16,marina_bay,Marina Bay Street Circuit,Singapore,Marina Bay,1.2914,103.864,gasly,GAS,10,Pierre,Gasly,1996-02-07,French,toro_rosso,Toro Rosso,15,13,13,0.0,60,+1 Lap,,18.0,106.063,171.848
2018,15,Singapore Grand Prix,2018-09-16,marina_bay,Marina Bay Street Circuit,Singapore,Marina Bay,1.2914,103.864,stroll,STR,18,Lance,Stroll,1998-10-29,Canadian,williams,Williams,20,14,14,0.0,60,+1 Lap,,17.0,106.033,171.897
2018,15,Singapore Grand Prix,2018-09-16,marina_bay,Marina Bay Street Circuit,Singapore,Marina Bay,1.2914,103.864,grosjean,GRO,8,Romain,Grosjean,1986-04-17,French,haas,Haas F1 Team,8,15,15,0.0,60,+1 Lap,,16.0,105.904,172.106
2018,15,Singapore Grand Prix,2018-09-16,marina_bay,Marina Bay Street Circuit,Singapore,Marina Bay,1.2914,103.864,perez,PER,11,Sergio,Pérez,1990-01-26,Mexican,force_india,Force India,7,16,16,0.0,60,+1 Lap,,13.0,105.38900000000001,172.947
2018,15,Singapore Grand Prix,2018-09-16,marina_bay,Marina Bay Street Circuit,Singapore,Marina Bay,1.2914,103.864,brendon_hartley,HAR,28,Brendon,Hartley,1989-11-10,New Zealander,toro_rosso,Toro Rosso,17,17,17,0.0,60,+1 Lap,,9.0,104.88900000000001,173.772
2018,15,Singapore Grand Prix,2018-09-16,marina_bay,Marina Bay Street Circuit,Singapore,Marina Bay,1.2914,103.864,kevin_magnussen,MAG,20,Kevin,Magnussen,1992-10-05,Danish,haas,Haas F1 Team,16,18,18,0.0,59,+2 Laps,,1.0,101.905,178.86
2018,15,Singapore Grand Prix,2018-09-16,marina_bay,Marina Bay Street Circuit,Singapore,Marina Bay,1.2914,103.864,sirotkin,SIR,35,Sergey,Sirotkin,1995-08-27,Russian,williams,Williams,19,19,19,0.0,59,+2 Laps,,15.0,105.902,172.11
2018,15,Singapore Grand Prix,2018-09-16,marina_bay,Marina Bay Street Circuit,Singapore,Marina Bay,1.2914,103.864,ocon,OCO,31,Esteban,Ocon,1996-09-17,French,force_india,Force India,9,20,R,0.0,0,Collision,,,,
2018,16,Russian Grand Prix,2018-09-30,sochi,Sochi Autodrom,Russia,Sochi,43.4057,39.9578,hamilton,HAM,44,Lewis,Hamilton,1985-01-07,British,mercedes,Mercedes,2,1,1,25.0,53,Finished,5245181.0,2.0,95.916,219.492
2018,16,Russian Grand Prix,2018-09-30,sochi,Sochi Autodrom,Russia,Sochi,43.4057,39.9578,bottas,BOT,77,Valtteri,Bottas,1989-08-28,Finnish,mercedes,Mercedes,1,2,2,18.0,53,Finished,5247726.0,1.0,95.86099999999999,219.617
2018,16,Russian Grand Prix,2018-09-30,sochi,Sochi Autodrom,Russia,Sochi,43.4057,39.9578,vettel,VET,5,Sebastian,Vettel,1987-07-03,German,ferrari,Ferrari,3,3,3,15.0,53,Finished,5252668.0,3.0,95.99000000000001,219.322
2018,16,Russian Grand Prix,2018-09-30,sochi,Sochi Autodrom,Russia,Sochi,43.4057,39.9578,raikkonen,RAI,7,Kimi,Räikkönen,1979-10-17,Finnish,ferrari,Ferrari,4,4,4,12.0,53,Finished,5261724.0,6.0,96.61099999999999,217.913
2018,16,Russian Grand Prix,2018-09-30,sochi,Sochi Autodrom,Russia,Sochi,43.4057,39.9578,max_verstappen,VER,33,Max,Verstappen,1997-09-30,Dutch,red_bull,Red Bull,19,5,5,10.0,53,Finished,5276197.0,4.0,96.283,218.655
2018,16,Russian Grand Prix,2018-09-30,sochi,Sochi Autodrom,Russia,Sochi,43.4057,39.9578,ricciardo,RIC,3,Daniel,Ricciardo,1989-07-01,Australian,red_bull,Red Bull,18,6,6,8.0,53,Finished,5325632.0,5.0,96.345,218.514
2018,16,Russian Grand Prix,2018-09-30,sochi,Sochi Autodrom,Russia,Sochi,43.4057,39.9578,leclerc,LEC,16,Charles,Leclerc,1997-10-16,Monegasque,sauber,Sauber,7,7,7,6.0,53,Finished,5343571.0,9.0,98.107,214.59
2018,16,Russian Grand Prix,2018-09-30,sochi,Sochi Autodrom,Russia,Sochi,43.4057,39.9578,kevin_magnussen,MAG,20,Kevin,Magnussen,1992-10-05,Danish,haas,Haas F1 Team,5,8,8,4.0,52,+1 Lap,,8.0,98.015,214.791
2018,16,Russian Grand Prix,2018-09-30,sochi,Sochi Autodrom,Russia,Sochi,43.4057,39.9578,ocon,OCO,31,Esteban,Ocon,1996-09-17,French,force_india,Force India,6,9,9,2.0,52,+1 Lap,,12.0,98.366,214.025
2018,16,Russian Grand Prix,2018-09-30,sochi,Sochi Autodrom,Russia,Sochi,43.4057,39.9578,perez,PER,11,Sergio,Pérez,1990-01-26,Mexican,force_india,Force India,8,10,10,1.0,52,+1 Lap,,11.0,98.3,214.168
2018,16,Russian Grand Prix,2018-09-30,sochi,Sochi Autodrom,Russia,Sochi,43.4057,39.9578,grosjean,GRO,8,Romain,Grosjean,1986-04-17,French,haas,Haas F1 Team,9,11,11,0.0,52,+1 Lap,,10.0,98.244,214.29
2018,16,Russian Grand Prix,2018-09-30,sochi,Sochi Autodrom,Russia,Sochi,43.4057,39.9578,hulkenberg,HUL,27,Nico,Hülkenberg,1987-08-19,German,renault,Renault,12,12,12,0.0,52,+1 Lap,,13.0,99.108,212.422
2018,16,Russian Grand Prix,2018-09-30,sochi,Sochi Autodrom,Russia,Sochi,43.4057,39.9578,ericsson,ERI,9,Marcus,Ericsson,1990-09-02,Swedish,sauber,Sauber,10,13,13,0.0,52,+1 Lap,,7.0,97.931,214.975
2018,16,Russian Grand Prix,2018-09-30,sochi,Sochi Autodrom,Russia,Sochi,43.4057,39.9578,alonso,ALO,14,Fernando,Alonso,1981-07-29,Spanish,mclaren,McLaren,16,14,14,0.0,52,+1 Lap,,15.0,99.59,211.394
2018,16,Russian Grand Prix,2018-09-30,sochi,Sochi Autodrom,Russia,Sochi,43.4057,39.9578,stroll,STR,18,Lance,Stroll,1998-10-29,Canadian,williams,Williams,14,15,15,0.0,52,+1 Lap,,14.0,99.435,211.724
2018,16,Russian Grand Prix,2018-09-30,sochi,Sochi Autodrom,Russia,Sochi,43.4057,39.9578,vandoorne,VAN,2,Stoffel,Vandoorne,1992-03-26,Belgian,mclaren,McLaren,15,16,16,0.0,51,+2 Laps,,18.0,99.922,210.692
2018,16,Russian Grand Prix,2018-09-30,sochi,Sochi Autodrom,Russia,Sochi,43.4057,39.9578,sainz,SAI,55,Carlos,Sainz,1994-09-01,Spanish,renault,Renault,11,17,17,0.0,51,+2 Laps,,16.0,99.731,211.095
2018,16,Russian Grand Prix,2018-09-30,sochi,Sochi Autodrom,Russia,Sochi,43.4057,39.9578,sirotkin,SIR,35,Sergey,Sirotkin,1995-08-27,Russian,williams,Williams,13,18,18,0.0,51,+2 Laps,,17.0,99.838,210.869
2018,16,Russian Grand Prix,2018-09-30,sochi,Sochi Autodrom,Russia,Sochi,43.4057,39.9578,gasly,GAS,10,Pierre,Gasly,1996-02-07,French,toro_rosso,Toro Rosso,17,19,R,0.0,4,Brakes,,19.0,104.071,202.292
2018,16,Russian Grand Prix,2018-09-30,sochi,Sochi Autodrom,Russia,Sochi,43.4057,39.9578,brendon_hartley,HAR,28,Brendon,Hartley,1989-11-10,New Zealander,toro_rosso,Toro Rosso,20,20,R,0.0,4,Brakes,,20.0,105.852,198.889
2018,17,Japanese Grand Prix,2018-10-07,suzuka,Suzuka Circuit,Japan,Suzuka,34.8431,136.541,hamilton,HAM,44,Lewis,Hamilton,1985-01-07,British,mercedes,Mercedes,1,1,1,25.0,53,Finished,5237062.0,2.0,92.785,225.307
2018,17,Japanese Grand Prix,2018-10-07,suzuka,Suzuka Circuit,Japan,Suzuka,34.8431,136.541,bottas,BOT,77,Valtteri,Bottas,1989-08-28,Finnish,mercedes,Mercedes,2,2,2,18.0,53,Finished,5249981.0,3.0,93.11,224.521
2018,17,Japanese Grand Prix,2018-10-07,suzuka,Suzuka Circuit,Japan,Suzuka,34.8431,136.541,max_verstappen,VER,33,Max,Verstappen,1997-09-30,Dutch,red_bull,Red Bull,3,3,3,15.0,53,Finished,5251357.0,6.0,93.36699999999999,223.903
2018,17,Japanese Grand Prix,2018-10-07,suzuka,Suzuka Circuit,Japan,Suzuka,34.8431,136.541,ricciardo,RIC,3,Daniel,Ricciardo,1989-07-01,Australian,red_bull,Red Bull,15,4,4,12.0,53,Finished,5256557.0,4.0,93.187,224.336
2018,17,Japanese Grand Prix,2018-10-07,suzuka,Suzuka Circuit,Japan,Suzuka,34.8431,136.541,raikkonen,RAI,7,Kimi,Räikkönen,1979-10-17,Finnish,ferrari,Ferrari,4,5,5,10.0,53,Finished,5288060.0,12.0,94.223,221.869
2018,17,Japanese Grand Prix,2018-10-07,suzuka,Suzuka Circuit,Japan,Suzuka,34.8431,136.541,vettel,VET,5,Sebastian,Vettel,1987-07-03,German,ferrari,Ferrari,8,6,6,8.0,53,Finished,5306935.0,1.0,92.318,226.447
2018,17,Japanese Grand Prix,2018-10-07,suzuka,Suzuka Circuit,Japan,Suzuka,34.8431,136.541,perez,PER,11,Sergio,Pérez,1990-01-26,Mexican,force_india,Force India,9,7,7,6.0,53,Finished,5316441.0,9.0,94.07300000000001,222.223
2018,17,Japanese Grand Prix,2018-10-07,suzuka,Suzuka Circuit,Japan,Suzuka,34.8431,136.541,grosjean,GRO,8,Romain,Grosjean,1986-04-17,French,haas,Haas F1 Team,5,8,8,4.0,53,Finished,5324260.0,15.0,94.786,220.551
2018,17,Japanese Grand Prix,2018-10-07,suzuka,Suzuka Circuit,Japan,Suzuka,34.8431,136.541,ocon,OCO,31,Esteban,Ocon,1996-09-17,French,force_india,Force India,11,9,9,2.0,53,Finished,5325117.0,14.0,94.67,220.821
2018,17,Japanese Grand Prix,2018-10-07,suzuka,Suzuka Circuit,Japan,Suzuka,34.8431,136.541,sainz,SAI,55,Carlos,Sainz,1994-09-01,Spanish,renault,Renault,13,10,10,1.0,52,+1 Lap,,11.0,94.197,221.93
2018,17,Japanese Grand Prix,2018-10-07,suzuka,Suzuka Circuit,Japan,Suzuka,34.8431,136.541,gasly,GAS,10,Pierre,Gasly,1996-02-07,French,toro_rosso,Toro Rosso,7,11,11,0.0,52,+1 Lap,,10.0,94.13300000000001,222.081
2018,17,Japanese Grand Prix,2018-10-07,suzuka,Suzuka Circuit,Japan,Suzuka,34.8431,136.541,ericsson,ERI,9,Marcus,Ericsson,1990-09-02,Swedish,sauber,Sauber,20,12,12,0.0,52,+1 Lap,,19.0,96.294,217.097
2018,17,Japanese Grand Prix,2018-10-07,suzuka,Suzuka Circuit,Japan,Suzuka,34.8431,136.541,brendon_hartley,HAR,28,Brendon,Hartley,1989-11-10,New Zealander,toro_rosso,Toro Rosso,6,13,13,0.0,52,+1 Lap,,16.0,94.857,220.386
2018,17,Japanese Grand Prix,2018-10-07,suzuka,Suzuka Circuit,Japan,Suzuka,34.8431,136.541,alonso,ALO,14,Fernando,Alonso,1981-07-29,Spanish,mclaren,McLaren,18,14,14,0.0,52,+1 Lap,,7.0,93.943,222.53
2018,17,Japanese Grand Prix,2018-10-07,suzuka,Suzuka Circuit,Japan,Suzuka,34.8431,136.541,vandoorne,VAN,2,Stoffel,Vandoorne,1992-03-26,Belgian,mclaren,McLaren,19,15,15,0.0,52,+1 Lap,,18.0,95.023,220.001
2018,17,Japanese Grand Prix,2018-10-07,suzuka,Suzuka Circuit,Japan,Suzuka,34.8431,136.541,sirotkin,SIR,35,Sergey,Sirotkin,1995-08-27,Russian,williams,Williams,17,16,16,0.0,52,+1 Lap,,8.0,93.985,222.431
2018,17,Japanese Grand Prix,2018-10-07,suzuka,Suzuka Circuit,Japan,Suzuka,34.8431,136.541,stroll,STR,18,Lance,Stroll,1998-10-29,Canadian,williams,Williams,14,17,17,0.0,52,+1 Lap,,5.0,93.354,223.934
2018,17,Japanese Grand Prix,2018-10-07,suzuka,Suzuka Circuit,Japan,Suzuka,34.8431,136.541,leclerc,LEC,16,Charles,Leclerc,1997-10-16,Monegasque,sauber,Sauber,10,18,R,0.0,38,Mechanical,,13.0,94.515,221.183
2018,17,Japanese Grand Prix,2018-10-07,suzuka,Suzuka Circuit,Japan,Suzuka,34.8431,136.541,hulkenberg,HUL,27,Nico,Hülkenberg,1987-08-19,German,renault,Renault,16,19,R,0.0,37,Engine,,17.0,94.934,220.207
2018,17,Japanese Grand Prix,2018-10-07,suzuka,Suzuka Circuit,Japan,Suzuka,34.8431,136.541,kevin_magnussen,MAG,20,Kevin,Magnussen,1992-10-05,Danish,haas,Haas F1 Team,12,20,R,0.0,8,Collision damage,,20.0,99.908,209.244
2018,18,United States Grand Prix,2018-10-21,americas,Circuit of the Americas,USA,Austin,30.1328,-97.6411,raikkonen,RAI,7,Kimi,Räikkönen,1979-10-17,Finnish,ferrari,Ferrari,2,1,1,25.0,56,Finished,5658643.0,5.0,98.482,201.527
2018,18,United States Grand Prix,2018-10-21,americas,Circuit of the Americas,USA,Austin,30.1328,-97.6411,max_verstappen,VER,33,Max,Verstappen,1997-09-30,Dutch,red_bull,Red Bull,18,2,2,18.0,56,Finished,5659924.0,2.0,98.24600000000001,202.011
2018,18,United States Grand Prix,2018-10-21,americas,Circuit of the Americas,USA,Austin,30.1328,-97.6411,hamilton,HAM,44,Lewis,Hamilton,1985-01-07,British,mercedes,Mercedes,1,3,3,15.0,56,Finished,5660985.0,1.0,97.392,203.782
2018,18,United States Grand Prix,2018-10-21,americas,Circuit of the Americas,USA,Austin,30.1328,-97.6411,vettel,VET,5,Sebastian,Vettel,1987-07-03,German,ferrari,Ferrari,5,4,4,12.0,56,Finished,5676865.0,3.0,98.28,201.941
2018,18,United States Grand Prix,2018-10-21,americas,Circuit of the Americas,USA,Austin,30.1328,-97.6411,bottas,BOT,77,Valtteri,Bottas,1989-08-28,Finnish,mercedes,Mercedes,3,5,5,10.0,56,Finished,5683387.0,4.0,98.47,201.551
2018,18,United States Grand Prix,2018-10-21,americas,Circuit of the Americas,USA,Austin,30.1328,-97.6411,hulkenberg,HUL,27,Nico,Hülkenberg,1987-08-19,German,renault,Renault,7,6,6,8.0,56,Finished,5745853.0,8.0,99.548,199.369
2018,18,United States Grand Prix,2018-10-21,americas,Circuit of the Americas,USA,Austin,30.1328,-97.6411,sainz,SAI,55,Carlos,Sainz,1994-09-01,Spanish,renault,Renault,11,7,7,6.0,56,Finished,5753637.0,11.0,99.858,198.75
2018,18,United States Grand Prix,2018-10-21,americas,Circuit of the Americas,USA,Austin,30.1328,-97.6411,perez,PER,11,Sergio,Pérez,1990-01-26,Mexican,force_india,Force India,10,8,8,4.0,56,Finished,5759723.0,13.0,99.99199999999999,198.483
2018,18,United States Grand Prix,2018-10-21,americas,Circuit of the Americas,USA,Austin,30.1328,-97.6411,brendon_hartley,HAR,28,Brendon,Hartley,1989-11-10,New Zealander,toro_rosso,Toro Rosso,20,9,9,2.0,55,+1 Lap,,6.0,98.963,200.547
2018,18,United States Grand Prix,2018-10-21,americas,Circuit of the Americas,USA,Austin,30.1328,-97.6411,ericsson,ERI,9,Marcus,Ericsson,1990-09-02,Swedish,sauber,Sauber,16,10,10,1.0,55,+1 Lap,,9.0,99.569,199.327
2018,18,United States Grand Prix,2018-10-21,americas,Circuit of the Americas,USA,Austin,30.1328,-97.6411,vandoorne,VAN,2,Stoffel,Vandoorne,1992-03-26,Belgian,mclaren,McLaren,17,11,11,0.0,55,+1 Lap,,12.0,99.91499999999999,198.636
2018,18,United States Grand Prix,2018-10-21,americas,Circuit of the Americas,USA,Austin,30.1328,-97.6411,gasly,GAS,10,Pierre,Gasly,1996-02-07,French,toro_rosso,Toro Rosso,19,12,12,0.0,55,+1 Lap,,14.0,100.098,198.273
2018,18,United States Grand Prix,2018-10-21,americas,Circuit of the Americas,USA,Austin,30.1328,-97.6411,sirotkin,SIR,35,Sergey,Sirotkin,1995-08-27,Russian,williams,Williams,14,13,13,0.0,55,+1 Lap,,7.0,99.24000000000001,199.987
2018,18,United States Grand Prix,2018-10-21,americas,Circuit of the Americas,USA,Austin,30.1328,-97.6411,stroll,STR,18,Lance,Stroll,1998-10-29,Canadian,williams,Williams,15,14,14,0.0,54,+2 Laps,,10.0,99.646,199.173
2018,18,United States Grand Prix,2018-10-21,americas,Circuit of the Americas,USA,Austin,30.1328,-97.6411,leclerc,LEC,16,Charles,Leclerc,1997-10-16,Monegasque,sauber,Sauber,9,15,R,0.0,31,Collision damage,,16.0,100.52199999999999,197.437
2018,18,United States Grand Prix,2018-10-21,americas,Circuit of the Americas,USA,Austin,30.1328,-97.6411,ricciardo,RIC,3,Daniel,Ricciardo,1989-07-01,Australian,red_bull,Red Bull,4,16,R,0.0,8,Battery,,15.0,100.43299999999999,197.612
2018,18,United States Grand Prix,2018-10-21,americas,Circuit of the Americas,USA,Austin,30.1328,-97.6411,grosjean,GRO,8,Romain,Grosjean,1986-04-17,French,haas,Haas F1 Team,8,17,R,0.0,2,Collision damage,,18.0,101.982,194.61
2018,18,United States Grand Prix,2018-10-21,americas,Circuit of the Americas,USA,Austin,30.1328,-97.6411,alonso,ALO,14,Fernando,Alonso,1981-07-29,Spanish,mclaren,McLaren,13,18,R,0.0,1,Collision,,17.0,100.93299999999999,196.633
2018,18,United States Grand Prix,2018-10-21,americas,Circuit of the Americas,USA,Austin,30.1328,-97.6411,ocon,OCO,31,Esteban,Ocon,1996-09-17,French,force_india,Force India,6,19,D,0.0,56,Disqualified,,,,
2018,18,United States Grand Prix,2018-10-21,americas,Circuit of the Americas,USA,Austin,30.1328,-97.6411,kevin_magnussen,MAG,20,Kevin,Magnussen,1992-10-05,Danish,haas,Haas F1 Team,12,20,D,0.0,56,Disqualified,,,,
2018,19,Mexican Grand Prix,2018-10-28,rodriguez,Autódromo Hermanos Rodríguez,Mexico,Mexico City,19.4042,-99.0907,max_verstappen,VER,33,Max,Verstappen,1997-09-30,Dutch,red_bull,Red Bull,2,1,1,25.0,71,Finished,5908851.0,2.0,79.186,195.67
2018,19,Mexican Grand Prix,2018-10-28,rodriguez,Autódromo Hermanos Rodríguez,Mexico,Mexico City,19.4042,-99.0907,vettel,VET,5,Sebastian,Vettel,1987-07-03,German,ferrari,Ferrari,4,2,2,18.0,71,Finished,5926167.0,4.0,79.52199999999999,194.844
2018,19,Mexican Grand Prix,2018-10-28,rodriguez,Autódromo Hermanos Rodríguez,Mexico,Mexico City,19.4042,-99.0907,raikkonen,RAI,7,Kimi,Räikkönen,1979-10-17,Finnish,ferrari,Ferrari,6,3,3,15.0,71,Finished,5958765.0,5.0,80.334,192.874
2018,19,Mexican Grand Prix,2018-10-28,rodriguez,Autódromo Hermanos Rodríguez,Mexico,Mexico City,19.4042,-99.0907,hamilton,HAM,44,Lewis,Hamilton,1985-01-07,British,mercedes,Mercedes,3,4,4,12.0,71,Finished,5987589.0,8.0,80.72800000000001,191.933
2018,19,Mexican Grand Prix,2018-10-28,rodriguez,Autódromo Hermanos Rodríguez,Mexico,Mexico City,19.4042,-99.0907,bottas,BOT,77,Valtteri,Bottas,1989-08-28,Finnish,mercedes,Mercedes,5,5,5,10.0,70,+1 Lap,,1.0,78.741,196.776
2018,19,Mexican Grand Prix,2018-10-28,rodriguez,Autódromo Hermanos Rodríguez,Mexico,Mexico City,19.4042,-99.0907,hulkenberg,HUL,27,Nico,Hülkenberg,1987-08-19,German,renault,Renault,7,6,6,8.0,69,+2 Laps,,7.0,80.637,192.15
2018,19,Mexican Grand Prix,2018-10-28,rodriguez,Autódromo Hermanos Rodríguez,Mexico,Mexico City,19.4042,-99.0907,leclerc,LEC,16,Charles,Leclerc,1997-10-16,Monegasque,sauber,Sauber,9,7,7,6.0,69,+2 Laps,,6.0,80.537,192.388
2018,19,Mexican Grand Prix,2018-10-28,rodriguez,Autódromo Hermanos Rodríguez,Mexico,Mexico City,19.4042,-99.0907,vandoorne,VAN,2,Stoffel,Vandoorne,1992-03-26,Belgian,mclaren,McLaren,15,8,8,4.0,69,+2 Laps,,11.0,81.92099999999999,189.138
2018,19,Mexican Grand Prix,2018-10-28,rodriguez,Autódromo Hermanos Rodríguez,Mexico,Mexico City,19.4042,-99.0907,ericsson,ERI,9,Marcus,Ericsson,1990-09-02,Swedish,sauber,Sauber,10,9,9,2.0,69,+2 Laps,,14.0,82.44,187.947
2018,19,Mexican Grand Prix,2018-10-28,rodriguez,Autódromo Hermanos Rodríguez,Mexico,Mexico City,19.4042,-99.0907,gasly,GAS,10,Pierre,Gasly,1996-02-07,French,toro_rosso,Toro Rosso,20,10,10,1.0,69,+2 Laps,,17.0,82.755,187.232
2018,19,Mexican Grand Prix,2018-10-28,rodriguez,Autódromo Hermanos Rodríguez,Mexico,Mexico City,19.4042,-99.0907,ocon,OCO,31,Esteban,Ocon,1996-09-17,French,force_india,Force India,11,11,11,0.0,69,+2 Laps,,15.0,82.629,187.517
2018,19,Mexican Grand Prix,2018-10-28,rodriguez,Autódromo Hermanos Rodríguez,Mexico,Mexico City,19.4042,-99.0907,stroll,STR,18,Lance,Stroll,1998-10-29,Canadian,williams,Williams,17,12,12,0.0,69,+2 Laps,,18.0,82.983,186.717
2018,19,Mexican Grand Prix,2018-10-28,rodriguez,Autódromo Hermanos Rodríguez,Mexico,Mexico City,19.4042,-99.0907,sirotkin,SIR,35,Sergey,Sirotkin,1995-08-27,Russian,williams,Williams,19,13,13,0.0,69,+2 Laps,,16.0,82.64,187.492
2018,19,Mexican Grand Prix,2018-10-28,rodriguez,Autódromo Hermanos Rodríguez,Mexico,Mexico City,19.4042,-99.0907,brendon_hartley,HAR,28,Brendon,Hartley,1989-11-10,New Zealander,toro_rosso,Toro Rosso,14,14,14,0.0,69,+2 Laps,,13.0,82.438,187.952
2018,19,Mexican Grand Prix,2018-10-28,rodriguez,Autódromo Hermanos Rodríguez,Mexico,Mexico City,19.4042,-99.0907,kevin_magnussen,MAG,20,Kevin,Magnussen,1992-10-05,Danish,haas,Haas F1 Team,16,15,15,0.0,69,+2 Laps,,10.0,81.874,189.246
2018,19,Mexican Grand Prix,2018-10-28,rodriguez,Autódromo Hermanos Rodríguez,Mexico,Mexico City,19.4042,-99.0907,grosjean,GRO,8,Romain,Grosjean,1986-04-17,French,haas,Haas F1 Team,18,16,16,0.0,68,+3 Laps,,9.0,81.37,190.419
2018,19,Mexican Grand Prix,2018-10-28,rodriguez,Autódromo Hermanos Rodríguez,Mexico,Mexico City,19.4042,-99.0907,ricciardo,RIC,3,Daniel,Ricciardo,1989-07-01,Australian,red_bull,Red Bull,1,17,R,0.0,61,Engine,,3.0,79.462,194.991
2018,19,Mexican Grand Prix,2018-10-28,rodriguez,Autódromo Hermanos Rodríguez,Mexico,Mexico City,19.4042,-99.0907,perez,PER,11,Sergio,Pérez,1990-01-26,Mexican,force_india,Force India,13,18,R,0.0,38,Brakes,,19.0,83.545,185.461
2018,19,Mexican Grand Prix,2018-10-28,rodriguez,Autódromo Hermanos Rodríguez,Mexico,Mexico City,19.4042,-99.0907,sainz,SAI,55,Carlos,Sainz,1994-09-01,Spanish,renault,Renault,8,19,R,0.0,28,Suspension,,12.0,82.386,188.07
2018,19,Mexican Grand Prix,2018-10-28,rodriguez,Autódromo Hermanos Rodríguez,Mexico,Mexico City,19.4042,-99.0907,alonso,ALO,14,Fernando,Alonso,1981-07-29,Spanish,mclaren,McLaren,12,20,R,0.0,3,Engine,,20.0,84.197,184.025
2018,20,Brazilian Grand Prix,2018-11-11,interlagos,Autódromo José Carlos Pace,Brazil,São Paulo,-23.7036,-46.6997,hamilton,HAM,44,Lewis,Hamilton,1985-01-07,British,mercedes,Mercedes,1,1,1,25.0,71,Finished,5229066.0,7.0,71.795,216.065
2018,20,Brazilian Grand Prix,2018-11-11,interlagos,Autódromo José Carlos Pace,Brazil,São Paulo,-23.7036,-46.6997,max_verstappen,VER,33,Max,Verstappen,1997-09-30,Dutch,red_bull,Red Bull,5,2,2,18.0,71,Finished,5230535.0,4.0,71.578,216.72
2018,20,Brazilian Grand Prix,2018-11-11,interlagos,Autódromo José Carlos Pace,Brazil,São Paulo,-23.7036,-46.6997,raikkonen,RAI,7,Kimi,Räikkönen,1979-10-17,Finnish,ferrari,Ferrari,4,3,3,15.0,71,Finished,5233830.0,6.0,71.769,216.143
2018,20,Brazilian Grand Prix,2018-11-11,interlagos,Autódromo José Carlos Pace,Brazil,São Paulo,-23.7036,-46.6997,ricciardo,RIC,3,Daniel,Ricciardo,1989-07-01,Australian,red_bull,Red Bull,11,4,4,12.0,71,Finished,5234259.0,3.0,71.343,217.434
2018,20,Brazilian Grand Prix,2018-11-11,interlagos,Autódromo José Carlos Pace,Brazil,São Paulo,-23.7036,-46.6997,bottas,BOT,77,Valtteri,Bottas,1989-08-28,Finnish,mercedes,Mercedes,3,5,5,10.0,71,Finished,5252009.0,1.0,70.53999999999999,219.909
2018,20,Brazilian Grand Prix,2018-11-11,interlagos,Autódromo José Carlos Pace,Brazil,São Paulo,-23.7036,-46.6997,vettel,VET,5,Sebastian,Vettel,1987-07-03,German,ferrari,Ferrari,2,6,6,8.0,71,Finished,5256063.0,2.0,70.831,219.005
2018,20,Brazilian Grand Prix,2018-11-11,interlagos,Autódromo José Carlos Pace,Brazil,São Paulo,-23.7036,-46.6997,leclerc,LEC,16,Charles,Leclerc,1997-10-16,Monegasque,sauber,Sauber,7,7,7,6.0,71,Finished,5273265.0,8.0,72.082,215.204
2018,20,Brazilian Grand Prix,2018-11-11,interlagos,Autódromo José Carlos Pace,Brazil,São Paulo,-23.7036,-46.6997,grosjean,GRO,8,Romain,Grosjean,1986-04-17,French,haas,Haas F1 Team,8,8,8,4.0,71,Finished,5280296.0,12.0,72.362,214.372
2018,20,Brazilian Grand Prix,2018-11-11,interlagos,Autódromo José Carlos Pace,Brazil,São Paulo,-23.7036,-46.6997,kevin_magnussen,MAG,20,Kevin,Magnussen,1992-10-05,Danish,haas,Haas F1 Team,10,9,9,2.0,71,Finished,5281923.0,10.0,72.206,214.835
2018,20,Brazilian Grand Prix,2018-11-11,interlagos,Autódromo José Carlos Pace,Brazil,São Paulo,-23.7036,-46.6997,perez,PER,11,Sergio,Pérez,1990-01-26,Mexican,force_india,Force India,12,10,10,1.0,70,+1 Lap,,13.0,72.472,214.046
2018,20,Brazilian Grand Prix,2018-11-11,interlagos,Autódromo José Carlos Pace,Brazil,São Paulo,-23.7036,-46.6997,brendon_hartley,HAR,28,Brendon,Hartley,1989-11-10,New Zealander,toro_rosso,Toro Rosso,16,11,11,0.0,70,+1 Lap,,15.0,72.949,212.647
2018,20,Brazilian Grand Prix,2018-11-11,interlagos,Autódromo José Carlos Pace,Brazil,São Paulo,-23.7036,-46.6997,sainz,SAI,55,Carlos,Sainz,1994-09-01,Spanish,renault,Renault,15,12,12,0.0,70,+1 Lap,,9.0,72.169,214.945
2018,20,Brazilian Grand Prix,2018-11-11,interlagos,Autódromo José Carlos Pace,Brazil,São Paulo,-23.7036,-46.6997,gasly,GAS,10,Pierre,Gasly,1996-02-07,French,toro_rosso,Toro Rosso,9,13,13,0.0,70,+1 Lap,,17.0,73.822,210.132
2018,20,Brazilian Grand Prix,2018-11-11,interlagos,Autódromo José Carlos Pace,Brazil,São Paulo,-23.7036,-46.6997,vandoorne,VAN,2,Stoffel,Vandoorne,1992-03-26,Belgian,mclaren,McLaren,20,14,14,0.0,70,+1 Lap,,16.0,72.968,212.591
2018,20,Brazilian Grand Prix,2018-11-11,interlagos,Autódromo José Carlos Pace,Brazil,São Paulo,-23.7036,-46.6997,ocon,OCO,31,Esteban,Ocon,1996-09-17,French,force_india,Force India,18,15,15,0.0,70,+1 Lap,,11.0,72.352,214.401
2018,20,Brazilian Grand Prix,2018-11-11,interlagos,Autódromo José Carlos Pace,Brazil,São Paulo,-23.7036,-46.6997,sirotkin,SIR,35,Sergey,Sirotkin,1995-08-27,Russian,williams,Williams,14,16,16,0.0,69,+2 Laps,,19.0,74.262,208.887
2018,20,Brazilian Grand Prix,2018-11-11,interlagos,Autódromo José Carlos Pace,Brazil,São Paulo,-23.7036,-46.6997,alonso,ALO,14,Fernando,Alonso,1981-07-29,Spanish,mclaren,McLaren,17,17,17,0.0,69,+2 Laps,,14.0,72.643,213.542
2018,20,Brazilian Grand Prix,2018-11-11,interlagos,Autódromo José Carlos Pace,Brazil,São Paulo,-23.7036,-46.6997,stroll,STR,18,Lance,Stroll,1998-10-29,Canadian,williams,Williams,19,18,18,0.0,69,+2 Laps,,5.0,71.751,216.197
2018,20,Brazilian Grand Prix,2018-11-11,interlagos,Autódromo José Carlos Pace,Brazil,São Paulo,-23.7036,-46.6997,hulkenberg,HUL,27,Nico,Hülkenberg,1987-08-19,German,renault,Renault,13,19,R,0.0,32,Overheating,,18.0,74.029,209.544
2018,20,Brazilian Grand Prix,2018-11-11,interlagos,Autódromo José Carlos Pace,Brazil,São Paulo,-23.7036,-46.6997,ericsson,ERI,9,Marcus,Ericsson,1990-09-02,Swedish,sauber,Sauber,6,20,R,0.0,20,Collision,,20.0,75.281,206.059
2018,21,Abu Dhabi Grand Prix,2018-11-25,yas_marina,Yas Marina Circuit,UAE,Abu Dhabi,24.4672,54.6031,hamilton,HAM,44,Lewis,Hamilton,1985-01-07,British,mercedes,Mercedes,1,1,1,25.0,55,Finished,5980382.0,5.0,101.357,197.267
2018,21,Abu Dhabi Grand Prix,2018-11-25,yas_marina,Yas Marina Circuit,UAE,Abu Dhabi,24.4672,54.6031,vettel,VET,5,Sebastian,Vettel,1987-07-03,German,ferrari,Ferrari,3,2,2,18.0,55,Finished,5982963.0,1.0,100.86699999999999,198.225
2018,21,Abu Dhabi Grand Prix,2018-11-25,yas_marina,Yas Marina Circuit,UAE,Abu Dhabi,24.4672,54.6031,max_verstappen,VER,33,Max,Verstappen,1997-09-30,Dutch,red_bull,Red Bull,6,3,3,15.0,55,Finished,5993088.0,6.0,101.90899999999999,196.198
2018,21,Abu Dhabi Grand Prix,2018-11-25,yas_marina,Yas Marina Circuit,UAE,Abu Dhabi,24.4672,54.6031,ricciardo,RIC,3,Daniel,Ricciardo,1989-07-01,Australian,red_bull,Red Bull,5,4,4,12.0,55,Finished,5995761.0,3.0,101.249,197.477
2018,21,Abu Dhabi Grand Prix,2018-11-25,yas_marina,Yas Marina Circuit,UAE,Abu Dhabi,24.4672,54.6031,bottas,BOT,77,Valtteri,Bottas,1989-08-28,Finnish,mercedes,Mercedes,2,5,5,10.0,55,Finished,6028339.0,2.0,100.953,198.056
2018,21,Abu Dhabi Grand Prix,2018-11-25,yas_marina,Yas Marina Circuit,UAE,Abu Dhabi,24.4672,54.6031,sainz,SAI,55,Carlos,Sainz,1994-09-01,Spanish,renault,Renault,11,6,6,8.0,55,Finished,6052930.0,4.0,101.351,197.278
2018,21,Abu Dhabi Grand Prix,2018-11-25,yas_marina,Yas Marina Circuit,UAE,Abu Dhabi,24.4672,54.6031,leclerc,LEC,16,Charles,Leclerc,1997-10-16,Monegasque,sauber,Sauber,8,7,7,6.0,55,Finished,6071171.0,10.0,102.876,194.354
2018,21,Abu Dhabi Grand Prix,2018-11-25,yas_marina,Yas Marina Circuit,UAE,Abu Dhabi,24.4672,54.6031,perez,PER,11,Sergio,Pérez,1990-01-26,Mexican,force_india,Force India,14,8,8,4.0,55,Finished,6071657.0,8.0,102.816,194.467
2018,21,Abu Dhabi Grand Prix,2018-11-25,yas_marina,Yas Marina Circuit,UAE,Abu Dhabi,24.4672,54.6031,grosjean,GRO,8,Romain,Grosjean,1986-04-17,French,haas,Haas F1 Team,7,9,9,2.0,54,+1 Lap,,11.0,103.195,193.753
2018,21,Abu Dhabi Grand Prix,2018-11-25,yas_marina,Yas Marina Circuit,UAE,Abu Dhabi,24.4672,54.6031,kevin_magnussen,MAG,20,Kevin,Magnussen,1992-10-05,Danish,haas,Haas F1 Team,13,10,10,1.0,54,+1 Lap,,9.0,102.822,194.456
2018,21,Abu Dhabi Grand Prix,2018-11-25,yas_marina,Yas Marina Circuit,UAE,Abu Dhabi,24.4672,54.6031,alonso,ALO,14,Fernando,Alonso,1981-07-29,Spanish,mclaren,McLaren,15,11,11,0.0,54,+1 Lap,,7.0,102.393,195.271
2018,21,Abu Dhabi Grand Prix,2018-11-25,yas_marina,Yas Marina Circuit,UAE,Abu Dhabi,24.4672,54.6031,brendon_hartley,HAR,28,Brendon,Hartley,1989-11-10,New Zealander,toro_rosso,Toro Rosso,16,12,12,0.0,54,+1 Lap,,17.0,104.174,191.932
2018,21,Abu Dhabi Grand Prix,2018-11-25,yas_marina,Yas Marina Circuit,UAE,Abu Dhabi,24.4672,54.6031,stroll,STR,18,Lance,Stroll,1998-10-29,Canadian,williams,Williams,20,13,13,0.0,54,+1 Lap,,16.0,104.033,192.192
2018,21,Abu Dhabi Grand Prix,2018-11-25,yas_marina,Yas Marina Circuit,UAE,Abu Dhabi,24.4672,54.6031,vandoorne,VAN,2,Stoffel,Vandoorne,1992-03-26,Belgian,mclaren,McLaren,18,14,14,0.0,54,+1 Lap,,12.0,103.249,193.652
2018,21,Abu Dhabi Grand Prix,2018-11-25,yas_marina,Yas Marina Circuit,UAE,Abu Dhabi,24.4672,54.6031,sirotkin,SIR,35,Sergey,Sirotkin,1995-08-27,Russian,williams,Williams,19,15,15,0.0,54,+1 Lap,,14.0,103.831,192.566
2018,21,Abu Dhabi Grand Prix,2018-11-25,yas_marina,Yas Marina Circuit,UAE,Abu Dhabi,24.4672,54.6031,gasly,GAS,10,Pierre,Gasly,1996-02-07,French,toro_rosso,Toro Rosso,17,16,R,0.0,46,Engine,,15.0,103.988,192.276
2018,21,Abu Dhabi Grand Prix,2018-11-25,yas_marina,Yas Marina Circuit,UAE,Abu Dhabi,24.4672,54.6031,ocon,OCO,31,Esteban,Ocon,1996-09-17,French,force_india,Force India,9,17,R,0.0,44,Engine,,13.0,103.59100000000001,193.012
2018,21,Abu Dhabi Grand Prix,2018-11-25,yas_marina,Yas Marina Circuit,UAE,Abu Dhabi,24.4672,54.6031,ericsson,ERI,9,Marcus,Ericsson,1990-09-02,Swedish,sauber,Sauber,12,18,R,0.0,24,Power loss,,19.0,106.077,188.489
2018,21,Abu Dhabi Grand Prix,2018-11-25,yas_marina,Yas Marina Circuit,UAE,Abu Dhabi,24.4672,54.6031,raikkonen,RAI,7,Kimi,Räikkönen,1979-10-17,Finnish,ferrari,Ferrari,4,19,R,0.0,6,Power loss,,18.0,105.19800000000001,190.064
2018,21,Abu Dhabi Grand Prix,2018-11-25,yas_marina,Yas Marina Circuit,UAE,Abu Dhabi,24.4672,54.6031,hulkenberg,HUL,27,Nico,Hülkenberg,1987-08-19,German,renault,Renault,10,20,R,0.0,0,Collision,,,,
2019,1,Australian Grand Prix,2019-03-17,albert_park,Albert Park Grand Prix Circuit,Australia,Melbourne,-37.8497,144.968,bottas,BOT,77,Valtteri,Bottas,1989-08-28,Finnish,mercedes,Mercedes,2,1,1,26.0,58,Finished,5127325.0,1.0,85.58,223.075
2019,1,Australian Grand Prix,2019-03-17,albert_park,Albert Park Grand Prix Circuit,Australia,Melbourne,-37.8497,144.968,hamilton,HAM,44,Lewis,Hamilton,1985-01-07,British,mercedes,Mercedes,1,2,2,18.0,58,Finished,5148211.0,2.0,86.057,221.839
2019,1,Australian Grand Prix,2019-03-17,albert_park,Albert Park Grand Prix Circuit,Australia,Melbourne,-37.8497,144.968,max_verstappen,VER,33,Max,Verstappen,1997-09-30,Dutch,red_bull,Red Bull,4,3,3,15.0,58,Finished,5149845.0,3.0,86.256,221.327
2019,1,Australian Grand Prix,2019-03-17,albert_park,Albert Park Grand Prix Circuit,Australia,Melbourne,-37.8497,144.968,vettel,VET,5,Sebastian,Vettel,1987-07-03,German,ferrari,Ferrari,3,4,4,12.0,58,Finished,5184434.0,8.0,87.95400000000001,217.054
2019,1,Australian Grand Prix,2019-03-17,albert_park,Albert Park Grand Prix Circuit,Australia,Melbourne,-37.8497,144.968,leclerc,LEC,16,Charles,Leclerc,1997-10-16,Monegasque,ferrari,Ferrari,5,5,5,10.0,58,Finished,5185528.0,4.0,86.926,219.621
2019,1,Australian Grand Prix,2019-03-17,albert_park,Albert Park Grand Prix Circuit,Australia,Melbourne,-37.8497,144.968,kevin_magnussen,MAG,20,Kevin,Magnussen,1992-10-05,Danish,haas,Haas F1 Team,7,6,6,8.0,58,Finished,5214481.0,9.0,88.182,216.493
2019,1,Australian Grand Prix,2019-03-17,albert_park,Albert Park Grand Prix Circuit,Australia,Melbourne,-37.8497,144.968,hulkenberg,HUL,27,Nico,Hülkenberg,1987-08-19,German,renault,Renault,11,7,7,6.0,57,+1 Lap,,12.0,88.444,215.851
2019,1,Australian Grand Prix,2019-03-17,albert_park,Albert Park Grand Prix Circuit,Australia,Melbourne,-37.8497,144.968,raikkonen,RAI,7,Kimi,Räikkönen,1979-10-17,Finnish,alfa,Alfa Romeo,9,8,8,4.0,57,+1 Lap,,11.0,88.27,216.277
2019,1,Australian Grand Prix,2019-03-17,albert_park,Albert Park Grand Prix Circuit,Australia,Melbourne,-37.8497,144.968,stroll,STR,18,Lance,Stroll,1998-10-29,Canadian,racing_point,Racing Point,16,9,9,2.0,57,+1 Lap,,7.0,87.568,218.011
2019,1,Australian Grand Prix,2019-03-17,albert_park,Albert Park Grand Prix Circuit,Australia,Melbourne,-37.8497,144.968,kvyat,KVY,26,Daniil,Kvyat,1994-04-26,Russian,toro_rosso,Toro Rosso,15,10,10,1.0,57,+1 Lap,,6.0,87.44800000000001,218.31
2019,1,Australian Grand Prix,2019-03-17,albert_park,Albert Park Grand Prix Circuit,Australia,Melbourne,-37.8497,144.968,gasly,GAS,10,Pierre,Gasly,1996-02-07,French,red_bull,Red Bull,17,11,11,0.0,57,+1 Lap,,5.0,87.229,218.858
2019,1,Australian Grand Prix,2019-03-17,albert_park,Albert Park Grand Prix Circuit,Australia,Melbourne,-37.8497,144.968,norris,NOR,4,Lando,Norris,1999-11-13,British,mclaren,McLaren,8,12,12,0.0,57,+1 Lap,,16.0,88.555,215.581
2019,1,Australian Grand Prix,2019-03-17,albert_park,Albert Park Grand Prix Circuit,Australia,Melbourne,-37.8497,144.968,perez,PER,11,Sergio,Pérez,1990-01-26,Mexican,racing_point,Racing Point,10,13,13,0.0,57,+1 Lap,,15.0,88.485,215.751
2019,1,Australian Grand Prix,2019-03-17,albert_park,Albert Park Grand Prix Circuit,Australia,Melbourne,-37.8497,144.968,albon,ALB,23,Alexander,Albon,1996-03-23,Thai,toro_rosso,Toro Rosso,13,14,14,0.0,57,+1 Lap,,10.0,88.188,216.478
2019,1,Australian Grand Prix,2019-03-17,albert_park,Albert Park Grand Prix Circuit,Australia,Melbourne,-37.8497,144.968,giovinazzi,GIO,99,Antonio,Giovinazzi,1993-12-14,Italian,alfa,Alfa Romeo,14,15,15,0.0,57,+1 Lap,,14.0,88.479,215.766
2019,1,Australian Grand Prix,2019-03-17,albert_park,Albert Park Grand Prix Circuit,Australia,Melbourne,-37.8497,144.968,russell,RUS,63,George,Russell,1998-02-15,British,williams,Williams,19,16,16,0.0,56,+2 Laps,,17.0,88.713,215.197
2019,1,Australian Grand Prix,2019-03-17,albert_park,Albert Park Grand Prix Circuit,Australia,Melbourne,-37.8497,144.968,kubica,KUB,88,Robert,Kubica,1984-12-07,Polish,williams,Williams,20,17,17,0.0,55,+3 Laps,,18.0,89.28399999999999,213.821
2019,1,Australian Grand Prix,2019-03-17,albert_park,Albert Park Grand Prix Circuit,Australia,Melbourne,-37.8497,144.968,grosjean,GRO,8,Romain,Grosjean,1986-04-17,French,haas,Haas F1 Team,6,18,R,0.0,29,Wheel,,13.0,88.462,215.807
2019,1,Australian Grand Prix,2019-03-17,albert_park,Albert Park Grand Prix Circuit,Australia,Melbourne,-37.8497,144.968,ricciardo,RIC,3,Daniel,Ricciardo,1989-07-01,Australian,renault,Renault,12,19,R,0.0,28,Damage,,19.0,89.848,212.478
2019,1,Australian Grand Prix,2019-03-17,albert_park,Albert Park Grand Prix Circuit,Australia,Melbourne,-37.8497,144.968,sainz,SAI,55,Carlos,Sainz,1994-09-01,Spanish,mclaren,McLaren,18,20,R,0.0,9,Engine,,20.0,90.899,210.022
2019,2,Bahrain Grand Prix,2019-03-31,bahrain,Bahrain International Circuit,Bahrain,Sakhir,26.0325,50.5106,hamilton,HAM,44,Lewis,Hamilton,1985-01-07,British,mercedes,Mercedes,3,1,1,25.0,57,Finished,5661295.0,2.0,93.52799999999999,208.314
2019,2,Bahrain Grand Prix,2019-03-31,bahrain,Bahrain International Circuit,Bahrain,Sakhir,26.0325,50.5106,bottas,BOT,77,Valtteri,Bottas,1989-08-28,Finnish,mercedes,Mercedes,4,2,2,18.0,57,Finished,5664275.0,3.0,94.209,206.808
2019,2,Bahrain Grand Prix,2019-03-31,bahrain,Bahrain International Circuit,Bahrain,Sakhir,26.0325,50.5106,leclerc,LEC,16,Charles,Leclerc,1997-10-16,Monegasque,ferrari,Ferrari,1,3,3,16.0,57,Finished,5667426.0,1.0,93.411,208.575
2019,2,Bahrain Grand Prix,2019-03-31,bahrain,Bahrain International Circuit,Bahrain,Sakhir,26.0325,50.5106,max_verstappen,VER,33,Max,Verstappen,1997-09-30,Dutch,red_bull,Red Bull,5,4,4,12.0,57,Finished,5667703.0,9.0,95.311,204.417
2019,2,Bahrain Grand Prix,2019-03-31,bahrain,Bahrain International Circuit,Bahrain,Sakhir,26.0325,50.5106,vettel,VET,5,Sebastian,Vettel,1987-07-03,German,ferrari,Ferrari,2,5,5,10.0,57,Finished,5697363.0,4.0,94.89500000000001,205.313
2019,2,Bahrain Grand Prix,2019-03-31,bahrain,Bahrain International Circuit,Bahrain,Sakhir,26.0325,50.5106,norris,NOR,4,Lando,Norris,1999-11-13,British,mclaren,McLaren,9,6,6,8.0,57,Finished,5707049.0,12.0,95.777,203.422
2019,2,Bahrain Grand Prix,2019-03-31,bahrain,Bahrain International Circuit,Bahrain,Sakhir,26.0325,50.5106,raikkonen,RAI,7,Kimi,Räikkönen,1979-10-17,Finnish,alfa,Alfa Romeo,8,7,7,6.0,57,Finished,5708765.0,11.0,95.589,203.822
2019,2,Bahrain Grand Prix,2019-03-31,bahrain,Bahrain International Circuit,Bahrain,Sakhir,26.0325,50.5106,gasly,GAS,10,Pierre,Gasly,1996-02-07,French,red_bull,Red Bull,13,8,8,4.0,57,Finished,5719389.0,8.0,95.291,204.46
2019,2,Bahrain Grand Prix,2019-03-31,bahrain,Bahrain International Circuit,Bahrain,Sakhir,26.0325,50.5106,albon,ALB,23,Alexander,Albon,1996-03-23,Thai,toro_rosso,Toro Rosso,12,9,9,2.0,57,Finished,5723992.0,16.0,96.75200000000001,201.372
2019,2,Bahrain Grand Prix,2019-03-31,bahrain,Bahrain International Circuit,Bahrain,Sakhir,26.0325,50.5106,perez,PER,11,Sergio,Pérez,1990-01-26,Mexican,racing_point,Racing Point,14,10,10,1.0,57,Finished,5724991.0,14.0,96.33,202.254
2019,2,Bahrain Grand Prix,2019-03-31,bahrain,Bahrain International Circuit,Bahrain,Sakhir,26.0325,50.5106,giovinazzi,GIO,99,Antonio,Giovinazzi,1993-12-14,Italian,alfa,Alfa Romeo,16,11,11,0.0,57,Finished,5725894.0,7.0,95.237,204.575
2019,2,Bahrain Grand Prix,2019-03-31,bahrain,Bahrain International Circuit,Bahrain,Sakhir,26.0325,50.5106,kvyat,KVY,26,Daniil,Kvyat,1994-04-26,Russian,toro_rosso,Toro Rosso,15,12,12,0.0,56,+1 Lap,,5.0,94.934,205.228
2019,2,Bahrain Grand Prix,2019-03-31,bahrain,Bahrain International Circuit,Bahrain,Sakhir,26.0325,50.5106,kevin_magnussen,MAG,20,Kevin,Magnussen,1992-10-05,Danish,haas,Haas F1 Team,6,13,13,0.0,56,+1 Lap,,13.0,95.892,203.178
2019,2,Bahrain Grand Prix,2019-03-31,bahrain,Bahrain International Circuit,Bahrain,Sakhir,26.0325,50.5106,stroll,STR,18,Lance,Stroll,1998-10-29,Canadian,racing_point,Racing Point,18,14,14,0.0,56,+1 Lap,,17.0,97.037,200.781
2019,2,Bahrain Grand Prix,2019-03-31,bahrain,Bahrain International Circuit,Bahrain,Sakhir,26.0325,50.5106,russell,RUS,63,George,Russell,1998-02-15,British,williams,Williams,19,15,15,0.0,56,+1 Lap,,19.0,97.313,200.211
2019,2,Bahrain Grand Prix,2019-03-31,bahrain,Bahrain International Circuit,Bahrain,Sakhir,26.0325,50.5106,kubica,KUB,88,Robert,Kubica,1984-12-07,Polish,williams,Williams,20,16,16,0.0,55,+2 Laps,,20.0,97.90299999999999,199.005
2019,2,Bahrain Grand Prix,2019-03-31,bahrain,Bahrain International Circuit,Bahrain,Sakhir,26.0325,50.5106,hulkenberg,HUL,27,Nico,Hülkenberg,1987-08-19,German,renault,Renault,17,17,R,0.0,53,Engine,,6.0,95.215,204.623
2019,2,Bahrain Grand Prix,2019-03-31,bahrain,Bahrain International Circuit,Bahrain,Sakhir,26.0325,50.5106,ricciardo,RIC,3,Daniel,Ricciardo,1989-07-01,Australian,renault,Renault,10,18,R,0.0,53,Out of fuel,,15.0,96.697,201.487
2019,2,Bahrain Grand Prix,2019-03-31,bahrain,Bahrain International Circuit,Bahrain,Sakhir,26.0325,50.5106,sainz,SAI,55,Carlos,Sainz,1994-09-01,Spanish,mclaren,McLaren,7,19,R,0.0,53,Collision damage,,10.0,95.586,203.829
2019,2,Bahrain Grand Prix,2019-03-31,bahrain,Bahrain International Circuit,Bahrain,Sakhir,26.0325,50.5106,grosjean,GRO,8,Romain,Grosjean,1986-04-17,French,haas,Haas F1 Team,11,20,R,0.0,16,Retired,,18.0,97.262,200.316
2019,3,Chinese Grand Prix,2019-04-14,shanghai,Shanghai International Circuit,China,Shanghai,31.3389,121.22,hamilton,HAM,44,Lewis,Hamilton,1985-01-07,British,mercedes,Mercedes,2,1,1,25.0,56,Finished,5526350.0,5.0,95.892,204.642
2019,3,Chinese Grand Prix,2019-04-14,shanghai,Shanghai International Circuit,China,Shanghai,31.3389,121.22,bottas,BOT,77,Valtteri,Bottas,1989-08-28,Finnish,mercedes,Mercedes,1,2,2,18.0,56,Finished,5532902.0,4.0,94.872,206.842
2019,3,Chinese Grand Prix,2019-04-14,shanghai,Shanghai International Circuit,China,Shanghai,31.3389,121.22,vettel,VET,5,Sebastian,Vettel,1987-07-03,German,ferrari,Ferrari,3,3,3,15.0,56,Finished,5540124.0,2.0,94.836,206.921
2019,3,Chinese Grand Prix,2019-04-14,shanghai,Shanghai International Circuit,China,Shanghai,31.3389,121.22,max_verstappen,VER,33,Max,Verstappen,1997-09-30,Dutch,red_bull,Red Bull,5,4,4,12.0,56,Finished,5553977.0,6.0,96.143,204.108
2019,3,Chinese Grand Prix,2019-04-14,shanghai,Shanghai International Circuit,China,Shanghai,31.3389,121.22,leclerc,LEC,16,Charles,Leclerc,1997-10-16,Monegasque,ferrari,Ferrari,4,5,5,10.0,56,Finished,5557626.0,3.0,94.86,206.869
2019,3,Chinese Grand Prix,2019-04-14,shanghai,Shanghai International Circuit,China,Shanghai,31.3389,121.22,gasly,GAS,10,Pierre,Gasly,1996-02-07,French,red_bull,Red Bull,6,6,6,9.0,56,Finished,5615657.0,1.0,94.74199999999999,207.126
2019,3,Chinese Grand Prix,2019-04-14,shanghai,Shanghai International Circuit,China,Shanghai,31.3389,121.22,ricciardo,RIC,3,Daniel,Ricciardo,1989-07-01,Australian,renault,Renault,7,7,7,6.0,55,+1 Lap,,16.0,98.632,198.957
2019,3,Chinese Grand Prix,2019-04-14,shanghai,Shanghai International Circuit,China,Shanghai,31.3389,121.22,perez,PER,11,Sergio,Pérez,1990-01-26,Mexican,racing_point,Racing Point,12,8,8,4.0,55,+1 Lap,,17.0,98.702,198.816
2019,3,Chinese Grand Prix,2019-04-14,shanghai,Shanghai International Circuit,China,Shanghai,31.3389,121.22,raikkonen,RAI,7,Kimi,Räikkönen,1979-10-17,Finnish,alfa,Alfa Romeo,13,9,9,2.0,55,+1 Lap,,12.0,97.812,200.625
2019,3,Chinese Grand Prix,2019-04-14,shanghai,Shanghai International Circuit,China,Shanghai,31.3389,121.22,albon,ALB,23,Alexander,Albon,1996-03-23,Thai,toro_rosso,Toro Rosso,0,10,10,1.0,55,+1 Lap,,18.0,98.90100000000001,198.416
2019,3,Chinese Grand Prix,2019-04-14,shanghai,Shanghai International Circuit,China,Shanghai,31.3389,121.22,grosjean,GRO,8,Romain,Grosjean,1986-04-17,French,haas,Haas F1 Team,10,11,11,0.0,55,+1 Lap,,8.0,96.87299999999999,202.57
2019,3,Chinese Grand Prix,2019-04-14,shanghai,Shanghai International Circuit,China,Shanghai,31.3389,121.22,stroll,STR,18,Lance,Stroll,1998-10-29,Canadian,racing_point,Racing Point,16,12,12,0.0,55,+1 Lap,,7.0,96.678,202.978
2019,3,Chinese Grand Prix,2019-04-14,shanghai,Shanghai International Circuit,China,Shanghai,31.3389,121.22,kevin_magnussen,MAG,20,Kevin,Magnussen,1992-10-05,Danish,haas,Haas F1 Team,9,13,13,0.0,55,+1 Lap,,10.0,97.471,201.327
2019,3,Chinese Grand Prix,2019-04-14,shanghai,Shanghai International Circuit,China,Shanghai,31.3389,121.22,sainz,SAI,55,Carlos,Sainz,1994-09-01,Spanish,mclaren,McLaren,14,14,14,0.0,55,+1 Lap,,11.0,97.50200000000001,201.263
2019,3,Chinese Grand Prix,2019-04-14,shanghai,Shanghai International Circuit,China,Shanghai,31.3389,121.22,giovinazzi,GIO,99,Antonio,Giovinazzi,1993-12-14,Italian,alfa,Alfa Romeo,19,15,15,0.0,55,+1 Lap,,14.0,98.048,200.142
2019,3,Chinese Grand Prix,2019-04-14,shanghai,Shanghai International Circuit,China,Shanghai,31.3389,121.22,russell,RUS,63,George,Russell,1998-02-15,British,williams,Williams,17,16,16,0.0,54,+2 Laps,,9.0,97.283,201.716
2019,3,Chinese Grand Prix,2019-04-14,shanghai,Shanghai International Circuit,China,Shanghai,31.3389,121.22,kubica,KUB,88,Robert,Kubica,1984-12-07,Polish,williams,Williams,18,17,17,0.0,54,+2 Laps,,20.0,99.77199999999999,196.684
2019,3,Chinese Grand Prix,2019-04-14,shanghai,Shanghai International Circuit,China,Shanghai,31.3389,121.22,norris,NOR,4,Lando,Norris,1999-11-13,British,mclaren,McLaren,15,18,18,0.0,50,Collision,,15.0,98.346,199.536
2019,3,Chinese Grand Prix,2019-04-14,shanghai,Shanghai International Circuit,China,Shanghai,31.3389,121.22,kvyat,KVY,26,Daniil,Kvyat,1994-04-26,Russian,toro_rosso,Toro Rosso,11,19,R,0.0,41,Collision,,13.0,97.975,200.291
2019,3,Chinese Grand Prix,2019-04-14,shanghai,Shanghai International Circuit,China,Shanghai,31.3389,121.22,hulkenberg,HUL,27,Nico,Hülkenberg,1987-08-19,German,renault,Renault,8,20,R,0.0,16,Power Unit,,19.0,99.67699999999999,196.871
2019,4,Azerbaijan Grand Prix,2019-04-28,baku,Baku City Circuit,Azerbaijan,Baku,40.3725,49.8533,bottas,BOT,77,Valtteri,Bottas,1989-08-28,Finnish,mercedes,Mercedes,1,1,1,25.0,51,Finished,5512942.0,2.0,104.024,207.748
2019,4,Azerbaijan Grand Prix,2019-04-28,baku,Baku City Circuit,Azerbaijan,Baku,40.3725,49.8533,hamilton,HAM,44,Lewis,Hamilton,1985-01-07,British,mercedes,Mercedes,2,2,2,18.0,51,Finished,5514466.0,3.0,104.166,207.465
2019,4,Azerbaijan Grand Prix,2019-04-28,baku,Baku City Circuit,Azerbaijan,Baku,40.3725,49.8533,vettel,VET,5,Sebastian,Vettel,1987-07-03,German,ferrari,Ferrari,3,3,3,15.0,51,Finished,5524681.0,4.0,104.62899999999999,206.546
2019,4,Azerbaijan Grand Prix,2019-04-28,baku,Baku City Circuit,Azerbaijan,Baku,40.3725,49.8533,max_verstappen,VER,33,Max,Verstappen,1997-09-30,Dutch,red_bull,Red Bull,4,4,4,12.0,51,Finished,5530435.0,5.0,104.794,206.221
2019,4,Azerbaijan Grand Prix,2019-04-28,baku,Baku City Circuit,Azerbaijan,Baku,40.3725,49.8533,leclerc,LEC,16,Charles,Leclerc,1997-10-16,Monegasque,ferrari,Ferrari,8,5,5,11.0,51,Finished,5582049.0,1.0,103.009,209.795
2019,4,Azerbaijan Grand Prix,2019-04-28,baku,Baku City Circuit,Azerbaijan,Baku,40.3725,49.8533,perez,PER,11,Sergio,Pérez,1990-01-26,Mexican,racing_point,Racing Point,5,6,6,8.0,51,Finished,5589358.0,7.0,105.524,204.795
2019,4,Azerbaijan Grand Prix,2019-04-28,baku,Baku City Circuit,Azerbaijan,Baku,40.3725,49.8533,sainz,SAI,55,Carlos,Sainz,1994-09-01,Spanish,mclaren,McLaren,9,7,7,6.0,51,Finished,5596768.0,10.0,105.807,204.247
2019,4,Azerbaijan Grand Prix,2019-04-28,baku,Baku City Circuit,Azerbaijan,Baku,40.3725,49.8533,norris,NOR,4,Lando,Norris,1999-11-13,British,mclaren,McLaren,7,8,8,4.0,51,Finished,5613210.0,6.0,105.394,205.047
2019,4,Azerbaijan Grand Prix,2019-04-28,baku,Baku City Circuit,Azerbaijan,Baku,40.3725,49.8533,stroll,STR,18,Lance,Stroll,1998-10-29,Canadian,racing_point,Racing Point,13,9,9,2.0,51,Finished,5616758.0,12.0,106.009,203.858
2019,4,Azerbaijan Grand Prix,2019-04-28,baku,Baku City Circuit,Azerbaijan,Baku,40.3725,49.8533,raikkonen,RAI,7,Kimi,Räikkönen,1979-10-17,Finnish,alfa,Alfa Romeo,0,10,10,1.0,50,+1 Lap,,13.0,106.479,202.958
2019,4,Azerbaijan Grand Prix,2019-04-28,baku,Baku City Circuit,Azerbaijan,Baku,40.3725,49.8533,albon,ALB,23,Alexander,Albon,1996-03-23,Thai,toro_rosso,Toro Rosso,11,11,11,0.0,50,+1 Lap,,9.0,105.75399999999999,204.349
2019,4,Azerbaijan Grand Prix,2019-04-28,baku,Baku City Circuit,Azerbaijan,Baku,40.3725,49.8533,giovinazzi,GIO,99,Antonio,Giovinazzi,1993-12-14,Italian,alfa,Alfa Romeo,17,12,12,0.0,50,+1 Lap,,11.0,105.969,203.935
2019,4,Azerbaijan Grand Prix,2019-04-28,baku,Baku City Circuit,Azerbaijan,Baku,40.3725,49.8533,kevin_magnussen,MAG,20,Kevin,Magnussen,1992-10-05,Danish,haas,Haas F1 Team,12,13,13,0.0,50,+1 Lap,,14.0,106.682,202.572
2019,4,Azerbaijan Grand Prix,2019-04-28,baku,Baku City Circuit,Azerbaijan,Baku,40.3725,49.8533,hulkenberg,HUL,27,Nico,Hülkenberg,1987-08-19,German,renault,Renault,15,14,14,0.0,50,+1 Lap,,17.0,107.407,201.204
2019,4,Azerbaijan Grand Prix,2019-04-28,baku,Baku City Circuit,Azerbaijan,Baku,40.3725,49.8533,russell,RUS,63,George,Russell,1998-02-15,British,williams,Williams,16,15,15,0.0,49,+2 Laps,,16.0,107.251,201.497
2019,4,Azerbaijan Grand Prix,2019-04-28,baku,Baku City Circuit,Azerbaijan,Baku,40.3725,49.8533,kubica,KUB,88,Robert,Kubica,1984-12-07,Polish,williams,Williams,0,16,16,0.0,49,+2 Laps,,19.0,107.709,200.64
2019,4,Azerbaijan Grand Prix,2019-04-28,baku,Baku City Circuit,Azerbaijan,Baku,40.3725,49.8533,gasly,GAS,10,Pierre,Gasly,1996-02-07,French,red_bull,Red Bull,0,17,R,0.0,38,Transmission,,8.0,105.712,204.43
2019,4,Azerbaijan Grand Prix,2019-04-28,baku,Baku City Circuit,Azerbaijan,Baku,40.3725,49.8533,grosjean,GRO,8,Romain,Grosjean,1986-04-17,French,haas,Haas F1 Team,14,18,R,0.0,38,Brakes,,20.0,108.517,199.146
2019,4,Azerbaijan Grand Prix,2019-04-28,baku,Baku City Circuit,Azerbaijan,Baku,40.3725,49.8533,kvyat,KVY,26,Daniil,Kvyat,1994-04-26,Russian,toro_rosso,Toro Rosso,6,19,R,0.0,33,Collision,,18.0,107.681,200.692
2019,4,Azerbaijan Grand Prix,2019-04-28,baku,Baku City Circuit,Azerbaijan,Baku,40.3725,49.8533,ricciardo,RIC,3,Daniel,Ricciardo,1989-07-01,Australian,renault,Renault,10,20,R,0.0,31,Collision,,15.0,106.767,202.41
2019,5,Spanish Grand Prix,2019-05-12,catalunya,Circuit de Barcelona-Catalunya,Spain,Barcelona,41.57,2.26111,hamilton,HAM,44,Lewis,Hamilton,1985-01-07,British,mercedes,Mercedes,2,1,1,26.0,66,Finished,5750443.0,1.0,78.492,213.499
2019,5,Spanish Grand Prix,2019-05-12,catalunya,Circuit de Barcelona-Catalunya,Spain,Barcelona,41.57,2.26111,bottas,BOT,77,Valtteri,Bottas,1989-08-28,Finnish,mercedes,Mercedes,1,2,2,18.0,66,Finished,5754517.0,2.0,78.737,212.835
2019,5,Spanish Grand Prix,2019-05-12,catalunya,Circuit de Barcelona-Catalunya,Spain,Barcelona,41.57,2.26111,max_verstappen,VER,33,Max,Verstappen,1997-09-30,Dutch,red_bull,Red Bull,4,3,3,15.0,66,Finished,5758122.0,3.0,79.769,210.081
2019,5,Spanish Grand Prix,2019-05-12,catalunya,Circuit de Barcelona-Catalunya,Spain,Barcelona,41.57,2.26111,vettel,VET,5,Sebastian,Vettel,1987-07-03,German,ferrari,Ferrari,3,4,4,12.0,66,Finished,5759610.0,4.0,79.82,209.947
2019,5,Spanish Grand Prix,2019-05-12,catalunya,Circuit de Barcelona-Catalunya,Spain,Barcelona,41.57,2.26111,leclerc,LEC,16,Charles,Leclerc,1997-10-16,Monegasque,ferrari,Ferrari,5,5,5,10.0,66,Finished,5763804.0,5.0,80.002,209.469
2019,5,Spanish Grand Prix,2019-05-12,catalunya,Circuit de Barcelona-Catalunya,Spain,Barcelona,41.57,2.26111,gasly,GAS,10,Pierre,Gasly,1996-02-07,French,red_bull,Red Bull,6,6,6,8.0,66,Finished,5770019.0,6.0,80.536,208.08
2019,5,Spanish Grand Prix,2019-05-12,catalunya,Circuit de Barcelona-Catalunya,Spain,Barcelona,41.57,2.26111,kevin_magnussen,MAG,20,Kevin,Magnussen,1992-10-05,Danish,haas,Haas F1 Team,8,7,7,6.0,66,Finished,5778602.0,9.0,80.77,207.478
2019,5,Spanish Grand Prix,2019-05-12,catalunya,Circuit de Barcelona-Catalunya,Spain,Barcelona,41.57,2.26111,sainz,SAI,55,Carlos,Sainz,1994-09-01,Spanish,mclaren,McLaren,12,8,8,4.0,66,Finished,5782785.0,10.0,80.85900000000001,207.249
2019,5,Spanish Grand Prix,2019-05-12,catalunya,Circuit de Barcelona-Catalunya,Spain,Barcelona,41.57,2.26111,kvyat,KVY,26,Daniil,Kvyat,1994-04-26,Russian,toro_rosso,Toro Rosso,9,9,9,2.0,66,Finished,5783499.0,8.0,80.726,207.591
2019,5,Spanish Grand Prix,2019-05-12,catalunya,Circuit de Barcelona-Catalunya,Spain,Barcelona,41.57,2.26111,grosjean,GRO,8,Romain,Grosjean,1986-04-17,French,haas,Haas F1 Team,7,10,10,1.0,66,Finished,5785084.0,12.0,81.057,206.743
2019,5,Spanish Grand Prix,2019-05-12,catalunya,Circuit de Barcelona-Catalunya,Spain,Barcelona,41.57,2.26111,albon,ALB,23,Alexander,Albon,1996-03-23,Thai,toro_rosso,Toro Rosso,11,11,11,0.0,66,Finished,5785888.0,11.0,81.02799999999999,206.817
2019,5,Spanish Grand Prix,2019-05-12,catalunya,Circuit de Barcelona-Catalunya,Spain,Barcelona,41.57,2.26111,ricciardo,RIC,3,Daniel,Ricciardo,1989-07-01,Australian,renault,Renault,13,12,12,0.0,66,Finished,5787201.0,7.0,80.615,207.876
2019,5,Spanish Grand Prix,2019-05-12,catalunya,Circuit de Barcelona-Catalunya,Spain,Barcelona,41.57,2.26111,hulkenberg,HUL,27,Nico,Hülkenberg,1987-08-19,German,renault,Renault,0,13,13,0.0,66,Finished,5789684.0,13.0,81.282,206.171
2019,5,Spanish Grand Prix,2019-05-12,catalunya,Circuit de Barcelona-Catalunya,Spain,Barcelona,41.57,2.26111,raikkonen,RAI,7,Kimi,Räikkönen,1979-10-17,Finnish,alfa,Alfa Romeo,14,14,14,0.0,66,Finished,5792246.0,14.0,81.382,205.917
2019,5,Spanish Grand Prix,2019-05-12,catalunya,Circuit de Barcelona-Catalunya,Spain,Barcelona,41.57,2.26111,perez,PER,11,Sergio,Pérez,1990-01-26,Mexican,racing_point,Racing Point,15,15,15,0.0,66,Finished,5797320.0,16.0,81.85900000000001,204.717
2019,5,Spanish Grand Prix,2019-05-12,catalunya,Circuit de Barcelona-Catalunya,Spain,Barcelona,41.57,2.26111,giovinazzi,GIO,99,Antonio,Giovinazzi,1993-12-14,Italian,alfa,Alfa Romeo,18,16,16,0.0,66,Finished,5798134.0,15.0,81.833,204.782
2019,5,Spanish Grand Prix,2019-05-12,catalunya,Circuit de Barcelona-Catalunya,Spain,Barcelona,41.57,2.26111,russell,RUS,63,George,Russell,1998-02-15,British,williams,Williams,19,17,17,0.0,65,+1 Lap,,17.0,82.382,203.418
2019,5,Spanish Grand Prix,2019-05-12,catalunya,Circuit de Barcelona-Catalunya,Spain,Barcelona,41.57,2.26111,kubica,KUB,88,Robert,Kubica,1984-12-07,Polish,williams,Williams,17,18,18,0.0,65,+1 Lap,,19.0,83.202,201.413
2019,5,Spanish Grand Prix,2019-05-12,catalunya,Circuit de Barcelona-Catalunya,Spain,Barcelona,41.57,2.26111,stroll,STR,18,Lance,Stroll,1998-10-29,Canadian,racing_point,Racing Point,16,19,R,0.0,44,Collision,,20.0,83.226,201.355
2019,5,Spanish Grand Prix,2019-05-12,catalunya,Circuit de Barcelona-Catalunya,Spain,Barcelona,41.57,2.26111,norris,NOR,4,Lando,Norris,1999-11-13,British,mclaren,McLaren,10,20,R,0.0,44,Collision,,18.0,82.561,202.977
2019,6,Monaco Grand Prix,2019-05-26,monaco,Circuit de Monaco,Monaco,Monte Carlo,43.7347,7.42056,hamilton,HAM,44,Lewis,Hamilton,1985-01-07,British,mercedes,Mercedes,1,1,1,25.0,78,Finished,6208437.0,6.0,76.167,157.721
2019,6,Monaco Grand Prix,2019-05-26,monaco,Circuit de Monaco,Monaco,Monte Carlo,43.7347,7.42056,vettel,VET,5,Sebastian,Vettel,1987-07-03,German,ferrari,Ferrari,4,2,2,18.0,78,Finished,6211039.0,9.0,76.277,157.494
2019,6,Monaco Grand Prix,2019-05-26,monaco,Circuit de Monaco,Monaco,Monte Carlo,43.7347,7.42056,bottas,BOT,77,Valtteri,Bottas,1989-08-28,Finnish,mercedes,Mercedes,2,3,3,15.0,78,Finished,6211599.0,2.0,75.163,159.828
2019,6,Monaco Grand Prix,2019-05-26,monaco,Circuit de Monaco,Monaco,Monte Carlo,43.7347,7.42056,max_verstappen,VER,33,Max,Verstappen,1997-09-30,Dutch,red_bull,Red Bull,3,4,4,12.0,78,Finished,6213974.0,7.0,76.229,157.593
2019,6,Monaco Grand Prix,2019-05-26,monaco,Circuit de Monaco,Monaco,Monte Carlo,43.7347,7.42056,gasly,GAS,10,Pierre,Gasly,1996-02-07,French,red_bull,Red Bull,8,5,5,11.0,78,Finished,6218383.0,1.0,74.279,161.73
2019,6,Monaco Grand Prix,2019-05-26,monaco,Circuit de Monaco,Monaco,Monte Carlo,43.7347,7.42056,sainz,SAI,55,Carlos,Sainz,1994-09-01,Spanish,mclaren,McLaren,9,6,6,8.0,78,Finished,6261891.0,5.0,75.891,158.295
2019,6,Monaco Grand Prix,2019-05-26,monaco,Circuit de Monaco,Monaco,Monte Carlo,43.7347,7.42056,kvyat,KVY,26,Daniil,Kvyat,1994-04-26,Russian,toro_rosso,Toro Rosso,7,7,7,6.0,78,Finished,6263011.0,10.0,76.288,157.471
2019,6,Monaco Grand Prix,2019-05-26,monaco,Circuit de Monaco,Monaco,Monte Carlo,43.7347,7.42056,albon,ALB,23,Alexander,Albon,1996-03-23,Thai,toro_rosso,Toro Rosso,10,8,8,4.0,78,Finished,6263637.0,3.0,75.607,158.89
2019,6,Monaco Grand Prix,2019-05-26,monaco,Circuit de Monaco,Monaco,Monte Carlo,43.7347,7.42056,ricciardo,RIC,3,Daniel,Ricciardo,1989-07-01,Australian,renault,Renault,6,9,9,2.0,78,Finished,6269331.0,4.0,75.697,158.701
2019,6,Monaco Grand Prix,2019-05-26,monaco,Circuit de Monaco,Monaco,Monte Carlo,43.7347,7.42056,grosjean,GRO,8,Romain,Grosjean,1986-04-17,French,haas,Haas F1 Team,13,10,10,1.0,78,Finished,6269471.0,16.0,76.746,156.531
2019,6,Monaco Grand Prix,2019-05-26,monaco,Circuit de Monaco,Monaco,Monte Carlo,43.7347,7.42056,norris,NOR,4,Lando,Norris,1999-11-13,British,mclaren,McLaren,12,11,11,0.0,78,Finished,6275238.0,13.0,76.413,157.214
2019,6,Monaco Grand Prix,2019-05-26,monaco,Circuit de Monaco,Monaco,Monte Carlo,43.7347,7.42056,perez,PER,11,Sergio,Pérez,1990-01-26,Mexican,racing_point,Racing Point,16,12,12,0.0,77,+1 Lap,,15.0,76.613,156.803
2019,6,Monaco Grand Prix,2019-05-26,monaco,Circuit de Monaco,Monaco,Monte Carlo,43.7347,7.42056,hulkenberg,HUL,27,Nico,Hülkenberg,1987-08-19,German,renault,Renault,11,13,13,0.0,77,+1 Lap,,8.0,76.276,157.496
2019,6,Monaco Grand Prix,2019-05-26,monaco,Circuit de Monaco,Monaco,Monte Carlo,43.7347,7.42056,kevin_magnussen,MAG,20,Kevin,Magnussen,1992-10-05,Danish,haas,Haas F1 Team,5,14,14,0.0,77,+1 Lap,,17.0,76.992,156.031
2019,6,Monaco Grand Prix,2019-05-26,monaco,Circuit de Monaco,Monaco,Monte Carlo,43.7347,7.42056,russell,RUS,63,George,Russell,1998-02-15,British,williams,Williams,19,15,15,0.0,77,+1 Lap,,18.0,77.038,155.938
2019,6,Monaco Grand Prix,2019-05-26,monaco,Circuit de Monaco,Monaco,Monte Carlo,43.7347,7.42056,stroll,STR,18,Lance,Stroll,1998-10-29,Canadian,racing_point,Racing Point,17,16,16,0.0,77,+1 Lap,,12.0,76.379,157.284
2019,6,Monaco Grand Prix,2019-05-26,monaco,Circuit de Monaco,Monaco,Monte Carlo,43.7347,7.42056,raikkonen,RAI,7,Kimi,Räikkönen,1979-10-17,Finnish,alfa,Alfa Romeo,14,17,17,0.0,77,+1 Lap,,14.0,76.436,157.166
2019,6,Monaco Grand Prix,2019-05-26,monaco,Circuit de Monaco,Monaco,Monte Carlo,43.7347,7.42056,kubica,KUB,88,Robert,Kubica,1984-12-07,Polish,williams,Williams,20,18,18,0.0,77,+1 Lap,,19.0,77.388,155.233
2019,6,Monaco Grand Prix,2019-05-26,monaco,Circuit de Monaco,Monaco,Monte Carlo,43.7347,7.42056,giovinazzi,GIO,99,Antonio,Giovinazzi,1993-12-14,Italian,alfa,Alfa Romeo,18,19,19,0.0,76,+2 Laps,,11.0,76.299,157.448
2019,6,Monaco Grand Prix,2019-05-26,monaco,Circuit de Monaco,Monaco,Monte Carlo,43.7347,7.42056,leclerc,LEC,16,Charles,Leclerc,1997-10-16,Monegasque,ferrari,Ferrari,15,20,R,0.0,16,Collision,,20.0,79.151,151.775
2019,7,Canadian Grand Prix,2019-06-09,villeneuve,Circuit Gilles Villeneuve,Canada,Montreal,45.5,-73.5228,hamilton,HAM,44,Lewis,Hamilton,1985-01-07,British,mercedes,Mercedes,2,1,1,25.0,70,Finished,5347084.0,4.0,74.813,209.851
2019,7,Canadian Grand Prix,2019-06-09,villeneuve,Circuit Gilles Villeneuve,Canada,Montreal,45.5,-73.5228,vettel,VET,5,Sebastian,Vettel,1987-07-03,German,ferrari,Ferrari,1,2,2,18.0,70,Finished,5350742.0,5.0,74.875,209.677
2019,7,Canadian Grand Prix,2019-06-09,villeneuve,Circuit Gilles Villeneuve,Canada,Montreal,45.5,-73.5228,leclerc,LEC,16,Charles,Leclerc,1997-10-16,Monegasque,ferrari,Ferrari,3,3,3,15.0,70,Finished,5351780.0,2.0,74.356,211.14
2019,7,Canadian Grand Prix,2019-06-09,villeneuve,Circuit Gilles Villeneuve,Canada,Montreal,45.5,-73.5228,bottas,BOT,77,Valtteri,Bottas,1989-08-28,Finnish,mercedes,Mercedes,6,4,4,13.0,70,Finished,5398127.0,1.0,73.078,214.833
2019,7,Canadian Grand Prix,2019-06-09,villeneuve,Circuit Gilles Villeneuve,Canada,Montreal,45.5,-73.5228,max_verstappen,VER,33,Max,Verstappen,1997-09-30,Dutch,red_bull,Red Bull,9,5,5,10.0,70,Finished,5404739.0,3.0,74.767,209.98
2019,7,Canadian Grand Prix,2019-06-09,villeneuve,Circuit Gilles Villeneuve,Canada,Montreal,45.5,-73.5228,ricciardo,RIC,3,Daniel,Ricciardo,1989-07-01,Australian,renault,Renault,4,6,6,8.0,69,+1 Lap,,9.0,76.075,206.37
2019,7,Canadian Grand Prix,2019-06-09,villeneuve,Circuit Gilles Villeneuve,Canada,Montreal,45.5,-73.5228,hulkenberg,HUL,27,Nico,Hülkenberg,1987-08-19,German,renault,Renault,7,7,7,6.0,69,+1 Lap,,7.0,75.995,206.587
2019,7,Canadian Grand Prix,2019-06-09,villeneuve,Circuit Gilles Villeneuve,Canada,Montreal,45.5,-73.5228,gasly,GAS,10,Pierre,Gasly,1996-02-07,French,red_bull,Red Bull,5,8,8,4.0,69,+1 Lap,,10.0,76.157,206.147
2019,7,Canadian Grand Prix,2019-06-09,villeneuve,Circuit Gilles Villeneuve,Canada,Montreal,45.5,-73.5228,stroll,STR,18,Lance,Stroll,1998-10-29,Canadian,racing_point,Racing Point,17,9,9,2.0,69,+1 Lap,,8.0,76.043,206.456
2019,7,Canadian Grand Prix,2019-06-09,villeneuve,Circuit Gilles Villeneuve,Canada,Montreal,45.5,-73.5228,kvyat,KVY,26,Daniil,Kvyat,1994-04-26,Russian,toro_rosso,Toro Rosso,10,10,10,1.0,69,+1 Lap,,11.0,76.19800000000001,206.036
2019,7,Canadian Grand Prix,2019-06-09,villeneuve,Circuit Gilles Villeneuve,Canada,Montreal,45.5,-73.5228,sainz,SAI,55,Carlos,Sainz,1994-09-01,Spanish,mclaren,McLaren,11,11,11,0.0,69,+1 Lap,,15.0,76.471,205.301
2019,7,Canadian Grand Prix,2019-06-09,villeneuve,Circuit Gilles Villeneuve,Canada,Montreal,45.5,-73.5228,perez,PER,11,Sergio,Pérez,1990-01-26,Mexican,racing_point,Racing Point,15,12,12,0.0,69,+1 Lap,,13.0,76.314,205.723
2019,7,Canadian Grand Prix,2019-06-09,villeneuve,Circuit Gilles Villeneuve,Canada,Montreal,45.5,-73.5228,giovinazzi,GIO,99,Antonio,Giovinazzi,1993-12-14,Italian,alfa,Alfa Romeo,12,13,13,0.0,69,+1 Lap,,14.0,76.365,205.586
2019,7,Canadian Grand Prix,2019-06-09,villeneuve,Circuit Gilles Villeneuve,Canada,Montreal,45.5,-73.5228,grosjean,GRO,8,Romain,Grosjean,1986-04-17,French,haas,Haas F1 Team,14,14,14,0.0,69,+1 Lap,,12.0,76.245,205.909
2019,7,Canadian Grand Prix,2019-06-09,villeneuve,Circuit Gilles Villeneuve,Canada,Montreal,45.5,-73.5228,raikkonen,RAI,7,Kimi,Räikkönen,1979-10-17,Finnish,alfa,Alfa Romeo,16,15,15,0.0,69,+1 Lap,,6.0,75.44200000000001,208.101
2019,7,Canadian Grand Prix,2019-06-09,villeneuve,Circuit Gilles Villeneuve,Canada,Montreal,45.5,-73.5228,russell,RUS,63,George,Russell,1998-02-15,British,williams,Williams,18,16,16,0.0,68,+2 Laps,,17.0,77.241,203.254
2019,7,Canadian Grand Prix,2019-06-09,villeneuve,Circuit Gilles Villeneuve,Canada,Montreal,45.5,-73.5228,kevin_magnussen,MAG,20,Kevin,Magnussen,1992-10-05,Danish,haas,Haas F1 Team,0,17,17,0.0,68,+2 Laps,,19.0,77.309,203.075
2019,7,Canadian Grand Prix,2019-06-09,villeneuve,Circuit Gilles Villeneuve,Canada,Montreal,45.5,-73.5228,kubica,KUB,88,Robert,Kubica,1984-12-07,Polish,williams,Williams,19,18,18,0.0,67,+3 Laps,,18.0,77.285,203.139
2019,7,Canadian Grand Prix,2019-06-09,villeneuve,Circuit Gilles Villeneuve,Canada,Montreal,45.5,-73.5228,albon,ALB,23,Alexander,Albon,1996-03-23,Thai,toro_rosso,Toro Rosso,13,19,R,0.0,59,Collision damage,,16.0,77.151,203.491
2019,7,Canadian Grand Prix,2019-06-09,villeneuve,Circuit Gilles Villeneuve,Canada,Montreal,45.5,-73.5228,norris,NOR,4,Lando,Norris,1999-11-13,British,mclaren,McLaren,8,20,R,0.0,8,Suspension,,20.0,78.023,201.217
2019,8,French Grand Prix,2019-06-23,ricard,Circuit Paul Ricard,France,Le Castellet,43.2506,5.79167,hamilton,HAM,44,Lewis,Hamilton,1985-01-07,British,mercedes,Mercedes,1,1,1,25.0,53,Finished,5071198.0,2.0,92.76400000000001,226.717
2019,8,French Grand Prix,2019-06-23,ricard,Circuit Paul Ricard,France,Le Castellet,43.2506,5.79167,bottas,BOT,77,Valtteri,Bottas,1989-08-28,Finnish,mercedes,Mercedes,2,2,2,18.0,53,Finished,5089254.0,3.0,93.586,224.725
2019,8,French Grand Prix,2019-06-23,ricard,Circuit Paul Ricard,France,Le Castellet,43.2506,5.79167,leclerc,LEC,16,Charles,Leclerc,1997-10-16,Monegasque,ferrari,Ferrari,3,3,3,15.0,53,Finished,5090183.0,4.0,93.828,224.146
2019,8,French Grand Prix,2019-06-23,ricard,Circuit Paul Ricard,France,Le Castellet,43.2506,5.79167,max_verstappen,VER,33,Max,Verstappen,1997-09-30,Dutch,red_bull,Red Bull,4,4,4,12.0,53,Finished,5106103.0,5.0,94.162,223.351
2019,8,French Grand Prix,2019-06-23,ricard,Circuit Paul Ricard,France,Le Castellet,43.2506,5.79167,vettel,VET,5,Sebastian,Vettel,1987-07-03,German,ferrari,Ferrari,7,5,5,11.0,53,Finished,5133994.0,1.0,92.74000000000001,226.775
2019,8,French Grand Prix,2019-06-23,ricard,Circuit Paul Ricard,France,Le Castellet,43.2506,5.79167,sainz,SAI,55,Carlos,Sainz,1994-09-01,Spanish,mclaren,McLaren,6,6,6,8.0,53,Finished,5166660.0,6.0,94.561,222.408
2019,8,French Grand Prix,2019-06-23,ricard,Circuit Paul Ricard,France,Le Castellet,43.2506,5.79167,raikkonen,RAI,7,Kimi,Räikkönen,1979-10-17,Finnish,alfa,Alfa Romeo,12,7,7,6.0,52,+1 Lap,,8.0,94.87299999999999,221.677
2019,8,French Grand Prix,2019-06-23,ricard,Circuit Paul Ricard,France,Le Castellet,43.2506,5.79167,hulkenberg,HUL,27,Nico,Hülkenberg,1987-08-19,German,renault,Renault,13,8,8,4.0,52,+1 Lap,,10.0,94.95,221.497
2019,8,French Grand Prix,2019-06-23,ricard,Circuit Paul Ricard,France,Le Castellet,43.2506,5.79167,norris,NOR,4,Lando,Norris,1999-11-13,British,mclaren,McLaren,5,9,9,2.0,52,+1 Lap,,7.0,94.75399999999999,221.955
2019,8,French Grand Prix,2019-06-23,ricard,Circuit Paul Ricard,France,Le Castellet,43.2506,5.79167,gasly,GAS,10,Pierre,Gasly,1996-02-07,French,red_bull,Red Bull,9,10,10,1.0,52,+1 Lap,,15.0,95.197,220.922
2019,8,French Grand Prix,2019-06-23,ricard,Circuit Paul Ricard,France,Le Castellet,43.2506,5.79167,ricciardo,RIC,3,Daniel,Ricciardo,1989-07-01,Australian,renault,Renault,8,11,11,0.0,52,+1 Lap,,14.0,95.15,221.032
2019,8,French Grand Prix,2019-06-23,ricard,Circuit Paul Ricard,France,Le Castellet,43.2506,5.79167,perez,PER,11,Sergio,Pérez,1990-01-26,Mexican,racing_point,Racing Point,14,12,12,0.0,52,+1 Lap,,11.0,95.01400000000001,221.348
2019,8,French Grand Prix,2019-06-23,ricard,Circuit Paul Ricard,France,Le Castellet,43.2506,5.79167,stroll,STR,18,Lance,Stroll,1998-10-29,Canadian,racing_point,Racing Point,17,13,13,0.0,52,+1 Lap,,9.0,94.924,221.558
2019,8,French Grand Prix,2019-06-23,ricard,Circuit Paul Ricard,France,Le Castellet,43.2506,5.79167,kvyat,KVY,26,Daniil,Kvyat,1994-04-26,Russian,toro_rosso,Toro Rosso,19,14,14,0.0,52,+1 Lap,,16.0,95.225,220.857
2019,8,French Grand Prix,2019-06-23,ricard,Circuit Paul Ricard,France,Le Castellet,43.2506,5.79167,albon,ALB,23,Alexander,Albon,1996-03-23,Thai,toro_rosso,Toro Rosso,11,15,15,0.0,52,+1 Lap,,12.0,95.029,221.313
2019,8,French Grand Prix,2019-06-23,ricard,Circuit Paul Ricard,France,Le Castellet,43.2506,5.79167,giovinazzi,GIO,99,Antonio,Giovinazzi,1993-12-14,Italian,alfa,Alfa Romeo,10,16,16,0.0,52,+1 Lap,,13.0,95.11500000000001,221.113
2019,8,French Grand Prix,2019-06-23,ricard,Circuit Paul Ricard,France,Le Castellet,43.2506,5.79167,kevin_magnussen,MAG,20,Kevin,Magnussen,1992-10-05,Danish,haas,Haas F1 Team,15,17,17,0.0,52,+1 Lap,,18.0,95.69200000000001,219.78
2019,8,French Grand Prix,2019-06-23,ricard,Circuit Paul Ricard,France,Le Castellet,43.2506,5.79167,kubica,KUB,88,Robert,Kubica,1984-12-07,Polish,williams,Williams,18,18,18,0.0,51,+2 Laps,,20.0,96.608,217.696
2019,8,French Grand Prix,2019-06-23,ricard,Circuit Paul Ricard,France,Le Castellet,43.2506,5.79167,russell,RUS,63,George,Russell,1998-02-15,British,williams,Williams,20,19,19,0.0,51,+2 Laps,,19.0,95.83,219.463
2019,8,French Grand Prix,2019-06-23,ricard,Circuit Paul Ricard,France,Le Castellet,43.2506,5.79167,grosjean,GRO,8,Romain,Grosjean,1986-04-17,French,haas,Haas F1 Team,16,20,20,0.0,44,Retired,,17.0,95.691,219.782
2019,9,Austrian Grand Prix,2019-06-30,red_bull_ring,Red Bull Ring,Austria,Spielberg,47.2197,14.7647,max_verstappen,VER,33,Max,Verstappen,1997-09-30,Dutch,red_bull,Red Bull,2,1,1,26.0,71,Finished,4921822.0,1.0,67.475,230.378
2019,9,Austrian Grand Prix,2019-06-30,red_bull_ring,Red Bull Ring,Austria,Spielberg,47.2197,14.7647,leclerc,LEC,16,Charles,Leclerc,1997-10-16,Monegasque,ferrari,Ferrari,1,2,2,18.0,71,Finished,4924546.0,3.0,67.994,228.62
2019,9,Austrian Grand Prix,2019-06-30,red_bull_ring,Red Bull Ring,Austria,Spielberg,47.2197,14.7647,bottas,BOT,77,Valtteri,Bottas,1989-08-28,Finnish,mercedes,Mercedes,3,3,3,15.0,71,Finished,4940782.0,7.0,68.565,226.716
2019,9,Austrian Grand Prix,2019-06-30,red_bull_ring,Red Bull Ring,Austria,Spielberg,47.2197,14.7647,vettel,VET,5,Sebastian,Vettel,1987-07-03,German,ferrari,Ferrari,9,4,4,12.0,71,Finished,4941432.0,2.0,67.676,229.694
2019,9,Austrian Grand Prix,2019-06-30,red_bull_ring,Red Bull Ring,Austria,Spielberg,47.2197,14.7647,hamilton,HAM,44,Lewis,Hamilton,1985-01-07,British,mercedes,Mercedes,4,5,5,10.0,71,Finished,4944627.0,5.0,68.05,228.432
2019,9,Austrian Grand Prix,2019-06-30,red_bull_ring,Red Bull Ring,Austria,Spielberg,47.2197,14.7647,norris,NOR,4,Lando,Norris,1999-11-13,British,mclaren,McLaren,5,6,6,8.0,70,+1 Lap,,8.0,68.699,226.274
2019,9,Austrian Grand Prix,2019-06-30,red_bull_ring,Red Bull Ring,Austria,Spielberg,47.2197,14.7647,gasly,GAS,10,Pierre,Gasly,1996-02-07,French,red_bull,Red Bull,8,7,7,6.0,70,+1 Lap,,9.0,68.78999999999999,225.974
2019,9,Austrian Grand Prix,2019-06-30,red_bull_ring,Red Bull Ring,Austria,Spielberg,47.2197,14.7647,sainz,SAI,55,Carlos,Sainz,1994-09-01,Spanish,mclaren,McLaren,19,8,8,4.0,70,+1 Lap,,6.0,68.117,228.207
2019,9,Austrian Grand Prix,2019-06-30,red_bull_ring,Red Bull Ring,Austria,Spielberg,47.2197,14.7647,raikkonen,RAI,7,Kimi,Räikkönen,1979-10-17,Finnish,alfa,Alfa Romeo,6,9,9,2.0,70,+1 Lap,,15.0,69.126,224.876
2019,9,Austrian Grand Prix,2019-06-30,red_bull_ring,Red Bull Ring,Austria,Spielberg,47.2197,14.7647,giovinazzi,GIO,99,Antonio,Giovinazzi,1993-12-14,Italian,alfa,Alfa Romeo,7,10,10,1.0,70,+1 Lap,,13.0,69.051,225.12
2019,9,Austrian Grand Prix,2019-06-30,red_bull_ring,Red Bull Ring,Austria,Spielberg,47.2197,14.7647,perez,PER,11,Sergio,Pérez,1990-01-26,Mexican,racing_point,Racing Point,13,11,11,0.0,70,+1 Lap,,14.0,69.061,225.087
2019,9,Austrian Grand Prix,2019-06-30,red_bull_ring,Red Bull Ring,Austria,Spielberg,47.2197,14.7647,ricciardo,RIC,3,Daniel,Ricciardo,1989-07-01,Australian,renault,Renault,12,12,12,0.0,70,+1 Lap,,4.0,68.019,228.536
2019,9,Austrian Grand Prix,2019-06-30,red_bull_ring,Red Bull Ring,Austria,Spielberg,47.2197,14.7647,hulkenberg,HUL,27,Nico,Hülkenberg,1987-08-19,German,renault,Renault,15,13,13,0.0,70,+1 Lap,,16.0,69.248,224.48
2019,9,Austrian Grand Prix,2019-06-30,red_bull_ring,Red Bull Ring,Austria,Spielberg,47.2197,14.7647,stroll,STR,18,Lance,Stroll,1998-10-29,Canadian,racing_point,Racing Point,14,14,14,0.0,70,+1 Lap,,17.0,69.288,224.35
2019,9,Austrian Grand Prix,2019-06-30,red_bull_ring,Red Bull Ring,Austria,Spielberg,47.2197,14.7647,albon,ALB,23,Alexander,Albon,1996-03-23,Thai,toro_rosso,Toro Rosso,18,15,15,0.0,70,+1 Lap,,11.0,68.946,225.463
2019,9,Austrian Grand Prix,2019-06-30,red_bull_ring,Red Bull Ring,Austria,Spielberg,47.2197,14.7647,grosjean,GRO,8,Romain,Grosjean,1986-04-17,French,haas,Haas F1 Team,11,16,16,0.0,70,+1 Lap,,12.0,68.987,225.329
2019,9,Austrian Grand Prix,2019-06-30,red_bull_ring,Red Bull Ring,Austria,Spielberg,47.2197,14.7647,kvyat,KVY,26,Daniil,Kvyat,1994-04-26,Russian,toro_rosso,Toro Rosso,16,17,17,0.0,70,+1 Lap,,18.0,69.498,223.672
2019,9,Austrian Grand Prix,2019-06-30,red_bull_ring,Red Bull Ring,Austria,Spielberg,47.2197,14.7647,russell,RUS,63,George,Russell,1998-02-15,British,williams,Williams,0,18,18,0.0,69,+2 Laps,,19.0,69.926,222.303
2019,9,Austrian Grand Prix,2019-06-30,red_bull_ring,Red Bull Ring,Austria,Spielberg,47.2197,14.7647,kevin_magnussen,MAG,20,Kevin,Magnussen,1992-10-05,Danish,haas,Haas F1 Team,10,19,19,0.0,69,+2 Laps,,10.0,68.903,225.604
2019,9,Austrian Grand Prix,2019-06-30,red_bull_ring,Red Bull Ring,Austria,Spielberg,47.2197,14.7647,kubica,KUB,88,Robert,Kubica,1984-12-07,Polish,williams,Williams,17,20,20,0.0,68,+3 Laps,,20.0,70.964,219.051
2019,10,British Grand Prix,2019-07-14,silverstone,Silverstone Circuit,UK,Silverstone,52.0786,-1.01694,hamilton,HAM,44,Lewis,Hamilton,1985-01-07,British,mercedes,Mercedes,2,1,1,26.0,52,Finished,4868452.0,1.0,87.369,242.735
2019,10,British Grand Prix,2019-07-14,silverstone,Silverstone Circuit,UK,Silverstone,52.0786,-1.01694,bottas,BOT,77,Valtteri,Bottas,1989-08-28,Finnish,mercedes,Mercedes,1,2,2,18.0,52,Finished,4893380.0,2.0,87.406,242.633
2019,10,British Grand Prix,2019-07-14,silverstone,Silverstone Circuit,UK,Silverstone,52.0786,-1.01694,leclerc,LEC,16,Charles,Leclerc,1997-10-16,Monegasque,ferrari,Ferrari,3,3,3,15.0,52,Finished,4898569.0,5.0,89.313,237.452
2019,10,British Grand Prix,2019-07-14,silverstone,Silverstone Circuit,UK,Silverstone,52.0786,-1.01694,gasly,GAS,10,Pierre,Gasly,1996-02-07,French,red_bull,Red Bull,5,4,4,12.0,52,Finished,4903144.0,8.0,89.544,236.839
2019,10,British Grand Prix,2019-07-14,silverstone,Silverstone Circuit,UK,Silverstone,52.0786,-1.01694,max_verstappen,VER,33,Max,Verstappen,1997-09-30,Dutch,red_bull,Red Bull,4,5,5,10.0,52,Finished,4907910.0,4.0,89.27199999999999,237.561
2019,10,British Grand Prix,2019-07-14,silverstone,Silverstone Circuit,UK,Silverstone,52.0786,-1.01694,sainz,SAI,55,Carlos,Sainz,1994-09-01,Spanish,mclaren,McLaren,13,6,6,8.0,52,Finished,4922091.0,11.0,89.757,236.277
2019,10,British Grand Prix,2019-07-14,silverstone,Silverstone Circuit,UK,Silverstone,52.0786,-1.01694,ricciardo,RIC,3,Daniel,Ricciardo,1989-07-01,Australian,renault,Renault,7,7,7,6.0,52,Finished,4922853.0,9.0,89.624,236.628
2019,10,British Grand Prix,2019-07-14,silverstone,Silverstone Circuit,UK,Silverstone,52.0786,-1.01694,raikkonen,RAI,7,Kimi,Räikkönen,1979-10-17,Finnish,alfa,Alfa Romeo,12,8,8,4.0,52,Finished,4933992.0,14.0,90.03399999999999,235.551
2019,10,British Grand Prix,2019-07-14,silverstone,Silverstone Circuit,UK,Silverstone,52.0786,-1.01694,kvyat,KVY,26,Daniil,Kvyat,1994-04-26,Russian,toro_rosso,Toro Rosso,17,9,9,2.0,52,Finished,4935172.0,12.0,89.91,235.875
2019,10,British Grand Prix,2019-07-14,silverstone,Silverstone Circuit,UK,Silverstone,52.0786,-1.01694,hulkenberg,HUL,27,Nico,Hülkenberg,1987-08-19,German,renault,Renault,10,10,10,1.0,52,Finished,4941185.0,13.0,89.949,235.773
2019,10,British Grand Prix,2019-07-14,silverstone,Silverstone Circuit,UK,Silverstone,52.0786,-1.01694,norris,NOR,4,Lando,Norris,1999-11-13,British,mclaren,McLaren,8,11,11,0.0,52,Finished,4942733.0,10.0,89.636,236.596
2019,10,British Grand Prix,2019-07-14,silverstone,Silverstone Circuit,UK,Silverstone,52.0786,-1.01694,albon,ALB,23,Alexander,Albon,1996-03-23,Thai,toro_rosso,Toro Rosso,9,12,12,0.0,52,Finished,4944069.0,15.0,90.872,233.378
2019,10,British Grand Prix,2019-07-14,silverstone,Silverstone Circuit,UK,Silverstone,52.0786,-1.01694,stroll,STR,18,Lance,Stroll,1998-10-29,Canadian,racing_point,Racing Point,18,13,13,0.0,52,Finished,4949538.0,6.0,89.39,237.248
2019,10,British Grand Prix,2019-07-14,silverstone,Silverstone Circuit,UK,Silverstone,52.0786,-1.01694,russell,RUS,63,George,Russell,1998-02-15,British,williams,Williams,19,14,14,0.0,51,+1 Lap,,16.0,91.013,233.017
2019,10,British Grand Prix,2019-07-14,silverstone,Silverstone Circuit,UK,Silverstone,52.0786,-1.01694,kubica,KUB,88,Robert,Kubica,1984-12-07,Polish,williams,Williams,20,15,15,0.0,51,+1 Lap,,17.0,91.509,231.754
2019,10,British Grand Prix,2019-07-14,silverstone,Silverstone Circuit,UK,Silverstone,52.0786,-1.01694,vettel,VET,5,Sebastian,Vettel,1987-07-03,German,ferrari,Ferrari,6,16,16,0.0,51,+1 Lap,,3.0,88.733,239.004
2019,10,British Grand Prix,2019-07-14,silverstone,Silverstone Circuit,UK,Silverstone,52.0786,-1.01694,perez,PER,11,Sergio,Pérez,1990-01-26,Mexican,racing_point,Racing Point,15,17,17,0.0,51,+1 Lap,,7.0,89.456,237.072
2019,10,British Grand Prix,2019-07-14,silverstone,Silverstone Circuit,UK,Silverstone,52.0786,-1.01694,giovinazzi,GIO,99,Antonio,Giovinazzi,1993-12-14,Italian,alfa,Alfa Romeo,11,18,R,0.0,18,Spun off,,18.0,92.464,229.36
2019,10,British Grand Prix,2019-07-14,silverstone,Silverstone Circuit,UK,Silverstone,52.0786,-1.01694,grosjean,GRO,8,Romain,Grosjean,1986-04-17,French,haas,Haas F1 Team,14,19,R,0.0,9,Collision,,20.0,94.35,224.775
2019,10,British Grand Prix,2019-07-14,silverstone,Silverstone Circuit,UK,Silverstone,52.0786,-1.01694,kevin_magnussen,MAG,20,Kevin,Magnussen,1992-10-05,Danish,haas,Haas F1 Team,16,20,R,0.0,6,Collision,,19.0,93.425,227.001
2019,11,German Grand Prix,2019-07-28,hockenheimring,Hockenheimring,Germany,Hockenheim,49.3278,8.56583,max_verstappen,VER,33,Max,Verstappen,1997-09-30,Dutch,red_bull,Red Bull,2,1,1,26.0,64,Finished,6271275.0,1.0,76.645,214.839
2019,11,German Grand Prix,2019-07-28,hockenheimring,Hockenheimring,Germany,Hockenheim,49.3278,8.56583,vettel,VET,5,Sebastian,Vettel,1987-07-03,German,ferrari,Ferrari,20,2,2,18.0,64,Finished,6278608.0,2.0,76.794,214.423
2019,11,German Grand Prix,2019-07-28,hockenheimring,Hockenheimring,Germany,Hockenheim,49.3278,8.56583,kvyat,KVY,26,Daniil,Kvyat,1994-04-26,Russian,toro_rosso,Toro Rosso,14,3,3,15.0,64,Finished,6279580.0,6.0,77.708,211.9
2019,11,German Grand Prix,2019-07-28,hockenheimring,Hockenheimring,Germany,Hockenheim,49.3278,8.56583,stroll,STR,18,Lance,Stroll,1998-10-29,Canadian,racing_point,Racing Point,15,4,4,12.0,64,Finished,6280241.0,8.0,77.831,211.566
2019,11,German Grand Prix,2019-07-28,hockenheimring,Hockenheimring,Germany,Hockenheim,49.3278,8.56583,sainz,SAI,55,Carlos,Sainz,1994-09-01,Spanish,mclaren,McLaren,7,5,5,10.0,64,Finished,6280858.0,9.0,77.84100000000001,211.538
2019,11,German Grand Prix,2019-07-28,hockenheimring,Hockenheimring,Germany,Hockenheim,49.3278,8.56583,albon,ALB,23,Alexander,Albon,1996-03-23,Thai,toro_rosso,Toro Rosso,16,6,6,8.0,64,Finished,6281327.0,10.0,77.85,211.514
2019,11,German Grand Prix,2019-07-28,hockenheimring,Hockenheimring,Germany,Hockenheim,49.3278,8.56583,grosjean,GRO,8,Romain,Grosjean,1986-04-17,French,haas,Haas F1 Team,6,7,7,6.0,64,Finished,6288113.0,7.0,77.746,211.797
2019,11,German Grand Prix,2019-07-28,hockenheimring,Hockenheimring,Germany,Hockenheim,49.3278,8.56583,kevin_magnussen,MAG,20,Kevin,Magnussen,1992-10-05,Danish,haas,Haas F1 Team,12,8,8,4.0,64,Finished,6290040.0,5.0,77.507,212.45
2019,11,German Grand Prix,2019-07-28,hockenheimring,Hockenheimring,Germany,Hockenheim,49.3278,8.56583,hamilton,HAM,44,Lewis,Hamilton,1985-01-07,British,mercedes,Mercedes,1,9,9,2.0,64,Finished,6290942.0,12.0,78.811,208.935
2019,11,German Grand Prix,2019-07-28,hockenheimring,Hockenheimring,Germany,Hockenheim,49.3278,8.56583,kubica,KUB,88,Robert,Kubica,1984-12-07,Polish,williams,Williams,18,10,10,1.0,64,Finished,6296262.0,13.0,79.062,208.271
2019,11,German Grand Prix,2019-07-28,hockenheimring,Hockenheimring,Germany,Hockenheim,49.3278,8.56583,russell,RUS,63,George,Russell,1998-02-15,British,williams,Williams,17,11,11,0.0,64,Finished,6297679.0,3.0,77.485,212.51
2019,11,German Grand Prix,2019-07-28,hockenheimring,Hockenheimring,Germany,Hockenheim,49.3278,8.56583,raikkonen,RAI,7,Kimi,Räikkönen,1979-10-17,Finnish,alfa,Alfa Romeo,5,12,12,0.0,64,Finished,6313489.0,15.0,79.563,206.96
2019,11,German Grand Prix,2019-07-28,hockenheimring,Hockenheimring,Germany,Hockenheim,49.3278,8.56583,giovinazzi,GIO,99,Antonio,Giovinazzi,1993-12-14,Italian,alfa,Alfa Romeo,11,13,13,0.0,64,Finished,6315124.0,14.0,79.3,207.646
2019,11,German Grand Prix,2019-07-28,hockenheimring,Hockenheimring,Germany,Hockenheim,49.3278,8.56583,gasly,GAS,10,Pierre,Gasly,1996-02-07,French,red_bull,Red Bull,4,14,14,0.0,61,Collision,,4.0,77.495,212.483
2019,11,German Grand Prix,2019-07-28,hockenheimring,Hockenheimring,Germany,Hockenheim,49.3278,8.56583,bottas,BOT,77,Valtteri,Bottas,1989-08-28,Finnish,mercedes,Mercedes,3,15,R,0.0,56,Accident,,11.0,78.27199999999999,210.374
2019,11,German Grand Prix,2019-07-28,hockenheimring,Hockenheimring,Germany,Hockenheim,49.3278,8.56583,hulkenberg,HUL,27,Nico,Hülkenberg,1987-08-19,German,renault,Renault,9,16,R,0.0,39,Accident,,17.0,89.576,183.826
2019,11,German Grand Prix,2019-07-28,hockenheimring,Hockenheimring,Germany,Hockenheim,49.3278,8.56583,leclerc,LEC,16,Charles,Leclerc,1997-10-16,Monegasque,ferrari,Ferrari,10,17,R,0.0,27,Accident,,16.0,87.697,187.764
2019,11,German Grand Prix,2019-07-28,hockenheimring,Hockenheimring,Germany,Hockenheim,49.3278,8.56583,norris,NOR,4,Lando,Norris,1999-11-13,British,mclaren,McLaren,19,18,R,0.0,25,Power loss,,18.0,91.081,180.788
2019,11,German Grand Prix,2019-07-28,hockenheimring,Hockenheimring,Germany,Hockenheim,49.3278,8.56583,ricciardo,RIC,3,Daniel,Ricciardo,1989-07-01,Australian,renault,Renault,13,19,R,0.0,13,Exhaust,,19.0,92.654,177.719
2019,11,German Grand Prix,2019-07-28,hockenheimring,Hockenheimring,Germany,Hockenheim,49.3278,8.56583,perez,PER,11,Sergio,Pérez,1990-01-26,Mexican,racing_point,Racing Point,8,20,R,0.0,1,Spun off,,,,
2019,12,Hungarian Grand Prix,2019-08-04,hungaroring,Hungaroring,Hungary,Budapest,47.5789,19.2486,hamilton,HAM,44,Lewis,Hamilton,1985-01-07,British,mercedes,Mercedes,3,1,1,25.0,70,Finished,5703796.0,2.0,78.52799999999999,200.84
2019,12,Hungarian Grand Prix,2019-08-04,hungaroring,Hungaroring,Hungary,Budapest,47.5789,19.2486,max_verstappen,VER,33,Max,Verstappen,1997-09-30,Dutch,red_bull,Red Bull,1,2,2,19.0,70,Finished,5721592.0,1.0,77.10300000000001,204.552
2019,12,Hungarian Grand Prix,2019-08-04,hungaroring,Hungaroring,Hungary,Budapest,47.5789,19.2486,vettel,VET,5,Sebastian,Vettel,1987-07-03,German,ferrari,Ferrari,5,3,3,15.0,70,Finished,5765229.0,4.0,79.786,197.673
2019,12,Hungarian Grand Prix,2019-08-04,hungaroring,Hungaroring,Hungary,Budapest,47.5789,19.2486,leclerc,LEC,16,Charles,Leclerc,1997-10-16,Monegasque,ferrari,Ferrari,4,4,4,12.0,70,Finished,5769046.0,5.0,80.493,195.937
2019,12,Hungarian Grand Prix,2019-08-04,hungaroring,Hungaroring,Hungary,Budapest,47.5789,19.2486,sainz,SAI,55,Carlos,Sainz,1994-09-01,Spanish,mclaren,McLaren,8,5,5,10.0,69,+1 Lap,,10.0,81.002,194.706
2019,12,Hungarian Grand Prix,2019-08-04,hungaroring,Hungaroring,Hungary,Budapest,47.5789,19.2486,gasly,GAS,10,Pierre,Gasly,1996-02-07,French,red_bull,Red Bull,6,6,6,8.0,69,+1 Lap,,12.0,81.045,194.602
2019,12,Hungarian Grand Prix,2019-08-04,hungaroring,Hungaroring,Hungary,Budapest,47.5789,19.2486,raikkonen,RAI,7,Kimi,Räikkönen,1979-10-17,Finnish,alfa,Alfa Romeo,10,7,7,6.0,69,+1 Lap,,9.0,80.88,195.0
2019,12,Hungarian Grand Prix,2019-08-04,hungaroring,Hungaroring,Hungary,Budapest,47.5789,19.2486,bottas,BOT,77,Valtteri,Bottas,1989-08-28,Finnish,mercedes,Mercedes,2,8,8,4.0,69,+1 Lap,,3.0,79.331,198.807
2019,12,Hungarian Grand Prix,2019-08-04,hungaroring,Hungaroring,Hungary,Budapest,47.5789,19.2486,norris,NOR,4,Lando,Norris,1999-11-13,British,mclaren,McLaren,7,9,9,2.0,69,+1 Lap,,13.0,81.188,194.26
2019,12,Hungarian Grand Prix,2019-08-04,hungaroring,Hungaroring,Hungary,Budapest,47.5789,19.2486,albon,ALB,23,Alexander,Albon,1996-03-23,Thai,toro_rosso,Toro Rosso,12,10,10,1.0,69,+1 Lap,,7.0,80.621,195.626
2019,12,Hungarian Grand Prix,2019-08-04,hungaroring,Hungaroring,Hungary,Budapest,47.5789,19.2486,perez,PER,11,Sergio,Pérez,1990-01-26,Mexican,racing_point,Racing Point,16,11,11,0.0,69,+1 Lap,,15.0,81.73400000000001,192.962
2019,12,Hungarian Grand Prix,2019-08-04,hungaroring,Hungaroring,Hungary,Budapest,47.5789,19.2486,hulkenberg,HUL,27,Nico,Hülkenberg,1987-08-19,German,renault,Renault,11,12,12,0.0,69,+1 Lap,,14.0,81.65,193.161
2019,12,Hungarian Grand Prix,2019-08-04,hungaroring,Hungaroring,Hungary,Budapest,47.5789,19.2486,kevin_magnussen,MAG,20,Kevin,Magnussen,1992-10-05,Danish,haas,Haas F1 Team,14,13,13,0.0,69,+1 Lap,,11.0,81.008,194.691
2019,12,Hungarian Grand Prix,2019-08-04,hungaroring,Hungaroring,Hungary,Budapest,47.5789,19.2486,ricciardo,RIC,3,Daniel,Ricciardo,1989-07-01,Australian,renault,Renault,20,14,14,0.0,69,+1 Lap,,8.0,80.839,195.098
2019,12,Hungarian Grand Prix,2019-08-04,hungaroring,Hungaroring,Hungary,Budapest,47.5789,19.2486,kvyat,KVY,26,Daniil,Kvyat,1994-04-26,Russian,toro_rosso,Toro Rosso,13,15,15,0.0,68,+2 Laps,,16.0,81.932,192.496
2019,12,Hungarian Grand Prix,2019-08-04,hungaroring,Hungaroring,Hungary,Budapest,47.5789,19.2486,russell,RUS,63,George,Russell,1998-02-15,British,williams,Williams,15,16,16,0.0,68,+2 Laps,,17.0,82.386,191.435
2019,12,Hungarian Grand Prix,2019-08-04,hungaroring,Hungaroring,Hungary,Budapest,47.5789,19.2486,stroll,STR,18,Lance,Stroll,1998-10-29,Canadian,racing_point,Racing Point,18,17,17,0.0,68,+2 Laps,,6.0,80.60300000000001,195.67
2019,12,Hungarian Grand Prix,2019-08-04,hungaroring,Hungaroring,Hungary,Budapest,47.5789,19.2486,giovinazzi,GIO,99,Antonio,Giovinazzi,1993-12-14,Italian,alfa,Alfa Romeo,17,18,18,0.0,68,+2 Laps,,19.0,83.134,189.712
2019,12,Hungarian Grand Prix,2019-08-04,hungaroring,Hungaroring,Hungary,Budapest,47.5789,19.2486,kubica,KUB,88,Robert,Kubica,1984-12-07,Polish,williams,Williams,19,19,19,0.0,67,+3 Laps,,20.0,83.436,189.026
2019,12,Hungarian Grand Prix,2019-08-04,hungaroring,Hungaroring,Hungary,Budapest,47.5789,19.2486,grosjean,GRO,8,Romain,Grosjean,1986-04-17,French,haas,Haas F1 Team,9,20,R,0.0,49,Water pressure,,18.0,82.809,190.457
2019,13,Belgian Grand Prix,2019-09-01,spa,Circuit de Spa-Francorchamps,Belgium,Spa,50.4372,5.97139,leclerc,LEC,16,Charles,Leclerc,1997-10-16,Monegasque,ferrari,Ferrari,1,1,1,25.0,44,Finished,5025710.0,4.0,106.664,236.39
2019,13,Belgian Grand Prix,2019-09-01,spa,Circuit de Spa-Francorchamps,Belgium,Spa,50.4372,5.97139,hamilton,HAM,44,Lewis,Hamilton,1985-01-07,British,mercedes,Mercedes,3,2,2,18.0,44,Finished,5026691.0,3.0,106.58,236.577
2019,13,Belgian Grand Prix,2019-09-01,spa,Circuit de Spa-Francorchamps,Belgium,Spa,50.4372,5.97139,bottas,BOT,77,Valtteri,Bottas,1989-08-28,Finnish,mercedes,Mercedes,4,3,3,15.0,44,Finished,5038295.0,2.0,106.465,236.832
2019,13,Belgian Grand Prix,2019-09-01,spa,Circuit de Spa-Francorchamps,Belgium,Spa,50.4372,5.97139,vettel,VET,5,Sebastian,Vettel,1987-07-03,German,ferrari,Ferrari,2,4,4,13.0,44,Finished,5052132.0,1.0,106.40899999999999,236.957
2019,13,Belgian Grand Prix,2019-09-01,spa,Circuit de Spa-Francorchamps,Belgium,Spa,50.4372,5.97139,albon,ALB,23,Alexander,Albon,1996-03-23,Thai,red_bull,Red Bull,17,5,5,10.0,44,Finished,5107035.0,5.0,107.507,234.537
2019,13,Belgian Grand Prix,2019-09-01,spa,Circuit de Spa-Francorchamps,Belgium,Spa,50.4372,5.97139,perez,PER,11,Sergio,Pérez,1990-01-26,Mexican,racing_point,Racing Point,7,6,6,8.0,44,Finished,5110158.0,13.0,108.781,231.79
2019,13,Belgian Grand Prix,2019-09-01,spa,Circuit de Spa-Francorchamps,Belgium,Spa,50.4372,5.97139,kvyat,KVY,26,Daniil,Kvyat,1994-04-26,Russian,toro_rosso,Toro Rosso,19,7,7,6.0,44,Finished,5115367.0,7.0,108.143,233.157
2019,13,Belgian Grand Prix,2019-09-01,spa,Circuit de Spa-Francorchamps,Belgium,Spa,50.4372,5.97139,hulkenberg,HUL,27,Nico,Hülkenberg,1987-08-19,German,renault,Renault,12,8,8,4.0,44,Finished,5132349.0,9.0,108.34899999999999,232.714
2019,13,Belgian Grand Prix,2019-09-01,spa,Circuit de Spa-Francorchamps,Belgium,Spa,50.4372,5.97139,gasly,GAS,10,Pierre,Gasly,1996-02-07,French,toro_rosso,Toro Rosso,13,9,9,2.0,44,Finished,5134878.0,17.0,109.7,229.848
2019,13,Belgian Grand Prix,2019-09-01,spa,Circuit de Spa-Francorchamps,Belgium,Spa,50.4372,5.97139,stroll,STR,18,Lance,Stroll,1998-10-29,Canadian,racing_point,Racing Point,16,10,10,1.0,44,Finished,5135548.0,10.0,108.357,232.697
2019,13,Belgian Grand Prix,2019-09-01,spa,Circuit de Spa-Francorchamps,Belgium,Spa,50.4372,5.97139,norris,NOR,4,Lando,Norris,1999-11-13,British,mclaren,McLaren,11,11,11,0.0,43,Engine,,8.0,108.321,232.774
2019,13,Belgian Grand Prix,2019-09-01,spa,Circuit de Spa-Francorchamps,Belgium,Spa,50.4372,5.97139,kevin_magnussen,MAG,20,Kevin,Magnussen,1992-10-05,Danish,haas,Haas F1 Team,8,12,12,0.0,43,+1 Lap,,11.0,108.67699999999999,232.012
2019,13,Belgian Grand Prix,2019-09-01,spa,Circuit de Spa-Francorchamps,Belgium,Spa,50.4372,5.97139,grosjean,GRO,8,Romain,Grosjean,1986-04-17,French,haas,Haas F1 Team,9,13,13,0.0,43,+1 Lap,,16.0,109.274,230.744
2019,13,Belgian Grand Prix,2019-09-01,spa,Circuit de Spa-Francorchamps,Belgium,Spa,50.4372,5.97139,ricciardo,RIC,3,Daniel,Ricciardo,1989-07-01,Australian,renault,Renault,10,14,14,0.0,43,+1 Lap,,18.0,110.451,228.285
2019,13,Belgian Grand Prix,2019-09-01,spa,Circuit de Spa-Francorchamps,Belgium,Spa,50.4372,5.97139,russell,RUS,63,George,Russell,1998-02-15,British,williams,Williams,14,15,15,0.0,43,+1 Lap,,14.0,108.86,231.622
2019,13,Belgian Grand Prix,2019-09-01,spa,Circuit de Spa-Francorchamps,Belgium,Spa,50.4372,5.97139,raikkonen,RAI,7,Kimi,Räikkönen,1979-10-17,Finnish,alfa,Alfa Romeo,6,16,16,0.0,43,+1 Lap,,12.0,108.753,231.85
2019,13,Belgian Grand Prix,2019-09-01,spa,Circuit de Spa-Francorchamps,Belgium,Spa,50.4372,5.97139,kubica,KUB,88,Robert,Kubica,1984-12-07,Polish,williams,Williams,0,17,17,0.0,43,+1 Lap,,15.0,109.22,230.858
2019,13,Belgian Grand Prix,2019-09-01,spa,Circuit de Spa-Francorchamps,Belgium,Spa,50.4372,5.97139,giovinazzi,GIO,99,Antonio,Giovinazzi,1993-12-14,Italian,alfa,Alfa Romeo,18,18,18,0.0,42,Accident,,6.0,107.56,234.421
2019,13,Belgian Grand Prix,2019-09-01,spa,Circuit de Spa-Francorchamps,Belgium,Spa,50.4372,5.97139,sainz,SAI,55,Carlos,Sainz,1994-09-01,Spanish,mclaren,McLaren,15,19,R,0.0,1,Power loss,,,,
2019,13,Belgian Grand Prix,2019-09-01,spa,Circuit de Spa-Francorchamps,Belgium,Spa,50.4372,5.97139,max_verstappen,VER,33,Max,Verstappen,1997-09-30,Dutch,red_bull,Red Bull,5,20,R,0.0,0,Accident,,,,
2019,14,Italian Grand Prix,2019-09-08,monza,Autodromo Nazionale di Monza,Italy,Monza,45.6156,9.28111,leclerc,LEC,16,Charles,Leclerc,1997-10-16,Monegasque,ferrari,Ferrari,1,1,1,25.0,53,Finished,4526665.0,4.0,83.009,251.235
2019,14,Italian Grand Prix,2019-09-08,monza,Autodromo Nazionale di Monza,Italy,Monza,45.6156,9.28111,bottas,BOT,77,Valtteri,Bottas,1989-08-28,Finnish,mercedes,Mercedes,3,2,2,18.0,53,Finished,4527500.0,3.0,82.85900000000001,251.69
2019,14,Italian Grand Prix,2019-09-08,monza,Autodromo Nazionale di Monza,Italy,Monza,45.6156,9.28111,hamilton,HAM,44,Lewis,Hamilton,1985-01-07,British,mercedes,Mercedes,2,3,3,16.0,53,Finished,4561864.0,1.0,81.779,255.014
2019,14,Italian Grand Prix,2019-09-08,monza,Autodromo Nazionale di Monza,Italy,Monza,45.6156,9.28111,ricciardo,RIC,3,Daniel,Ricciardo,1989-07-01,Australian,renault,Renault,5,4,4,12.0,53,Finished,4572180.0,7.0,83.46600000000001,249.859
2019,14,Italian Grand Prix,2019-09-08,monza,Autodromo Nazionale di Monza,Italy,Monza,45.6156,9.28111,hulkenberg,HUL,27,Nico,Hülkenberg,1987-08-19,German,renault,Renault,6,5,5,10.0,53,Finished,4584830.0,8.0,83.64099999999999,249.337
2019,14,Italian Grand Prix,2019-09-08,monza,Autodromo Nazionale di Monza,Italy,Monza,45.6156,9.28111,albon,ALB,23,Alexander,Albon,1996-03-23,Thai,red_bull,Red Bull,8,6,6,8.0,53,Finished,4585980.0,6.0,83.364,250.165
2019,14,Italian Grand Prix,2019-09-08,monza,Autodromo Nazionale di Monza,Italy,Monza,45.6156,9.28111,perez,PER,11,Sergio,Pérez,1990-01-26,Mexican,racing_point,Racing Point,18,7,7,6.0,53,Finished,4600467.0,9.0,83.77,248.953
2019,14,Italian Grand Prix,2019-09-08,monza,Autodromo Nazionale di Monza,Italy,Monza,45.6156,9.28111,max_verstappen,VER,33,Max,Verstappen,1997-09-30,Dutch,red_bull,Red Bull,19,8,8,4.0,53,Finished,4601157.0,5.0,83.143,250.83
2019,14,Italian Grand Prix,2019-09-08,monza,Autodromo Nazionale di Monza,Italy,Monza,45.6156,9.28111,giovinazzi,GIO,99,Antonio,Giovinazzi,1993-12-14,Italian,alfa,Alfa Romeo,10,9,9,2.0,52,+1 Lap,,15.0,84.503,246.793
2019,14,Italian Grand Prix,2019-09-08,monza,Autodromo Nazionale di Monza,Italy,Monza,45.6156,9.28111,norris,NOR,4,Lando,Norris,1999-11-13,British,mclaren,McLaren,16,10,10,1.0,52,+1 Lap,,11.0,84.044,248.141
2019,14,Italian Grand Prix,2019-09-08,monza,Autodromo Nazionale di Monza,Italy,Monza,45.6156,9.28111,gasly,GAS,10,Pierre,Gasly,1996-02-07,French,toro_rosso,Toro Rosso,17,11,11,0.0,52,+1 Lap,,10.0,83.885,248.611
2019,14,Italian Grand Prix,2019-09-08,monza,Autodromo Nazionale di Monza,Italy,Monza,45.6156,9.28111,stroll,STR,18,Lance,Stroll,1998-10-29,Canadian,racing_point,Racing Point,9,12,12,0.0,52,+1 Lap,,12.0,84.16499999999999,247.784
2019,14,Italian Grand Prix,2019-09-08,monza,Autodromo Nazionale di Monza,Italy,Monza,45.6156,9.28111,vettel,VET,5,Sebastian,Vettel,1987-07-03,German,ferrari,Ferrari,4,13,13,0.0,52,+1 Lap,,2.0,82.799,251.872
2019,14,Italian Grand Prix,2019-09-08,monza,Autodromo Nazionale di Monza,Italy,Monza,45.6156,9.28111,russell,RUS,63,George,Russell,1998-02-15,British,williams,Williams,14,14,14,0.0,52,+1 Lap,,16.0,84.842,245.807
2019,14,Italian Grand Prix,2019-09-08,monza,Autodromo Nazionale di Monza,Italy,Monza,45.6156,9.28111,raikkonen,RAI,7,Kimi,Räikkönen,1979-10-17,Finnish,alfa,Alfa Romeo,0,15,15,0.0,52,+1 Lap,,13.0,84.419,247.039
2019,14,Italian Grand Prix,2019-09-08,monza,Autodromo Nazionale di Monza,Italy,Monza,45.6156,9.28111,grosjean,GRO,8,Romain,Grosjean,1986-04-17,French,haas,Haas F1 Team,13,16,16,0.0,52,+1 Lap,,17.0,84.985,245.393
2019,14,Italian Grand Prix,2019-09-08,monza,Autodromo Nazionale di Monza,Italy,Monza,45.6156,9.28111,kubica,KUB,88,Robert,Kubica,1984-12-07,Polish,williams,Williams,15,17,17,0.0,51,+2 Laps,,18.0,84.989,245.382
2019,14,Italian Grand Prix,2019-09-08,monza,Autodromo Nazionale di Monza,Italy,Monza,45.6156,9.28111,kevin_magnussen,MAG,20,Kevin,Magnussen,1992-10-05,Danish,haas,Haas F1 Team,11,18,R,0.0,43,Hydraulics,,14.0,84.443,246.968
2019,14,Italian Grand Prix,2019-09-08,monza,Autodromo Nazionale di Monza,Italy,Monza,45.6156,9.28111,kvyat,KVY,26,Daniil,Kvyat,1994-04-26,Russian,toro_rosso,Toro Rosso,12,19,R,0.0,29,Engine,,20.0,85.77199999999999,243.142
2019,14,Italian Grand Prix,2019-09-08,monza,Autodromo Nazionale di Monza,Italy,Monza,45.6156,9.28111,sainz,SAI,55,Carlos,Sainz,1994-09-01,Spanish,mclaren,McLaren,7,20,R,0.0,27,Wheel,,19.0,85.637,243.525
2019,15,Singapore Grand Prix,2019-09-22,marina_bay,Marina Bay Street Circuit,Singapore,Marina Bay,1.2914,103.864,vettel,VET,5,Sebastian,Vettel,1987-07-03,German,ferrari,Ferrari,3,1,1,25.0,61,Finished,7113667.0,5.0,104.80199999999999,173.916
2019,15,Singapore Grand Prix,2019-09-22,marina_bay,Marina Bay Street Circuit,Singapore,Marina Bay,1.2914,103.864,leclerc,LEC,16,Charles,Leclerc,1997-10-16,Monegasque,ferrari,Ferrari,1,2,2,18.0,61,Finished,7116308.0,4.0,104.723,174.047
2019,15,Singapore Grand Prix,2019-09-22,marina_bay,Marina Bay Street Circuit,Singapore,Marina Bay,1.2914,103.864,max_verstappen,VER,33,Max,Verstappen,1997-09-30,Dutch,red_bull,Red Bull,4,3,3,15.0,61,Finished,7117488.0,8.0,105.176,173.298
2019,15,Singapore Grand Prix,2019-09-22,marina_bay,Marina Bay Street Circuit,Singapore,Marina Bay,1.2914,103.864,hamilton,HAM,44,Lewis,Hamilton,1985-01-07,British,mercedes,Mercedes,2,4,4,12.0,61,Finished,7118275.0,7.0,104.914,173.73
2019,15,Singapore Grand Prix,2019-09-22,marina_bay,Marina Bay Street Circuit,Singapore,Marina Bay,1.2914,103.864,bottas,BOT,77,Valtteri,Bottas,1989-08-28,Finnish,mercedes,Mercedes,5,5,5,10.0,61,Finished,7119786.0,2.0,103.53399999999999,176.046
2019,15,Singapore Grand Prix,2019-09-22,marina_bay,Marina Bay Street Circuit,Singapore,Marina Bay,1.2914,103.864,albon,ALB,23,Alexander,Albon,1996-03-23,Thai,red_bull,Red Bull,6,6,6,8.0,61,Finished,7125330.0,9.0,105.25999999999999,173.159
2019,15,Singapore Grand Prix,2019-09-22,marina_bay,Marina Bay Street Circuit,Singapore,Marina Bay,1.2914,103.864,norris,NOR,4,Lando,Norris,1999-11-13,British,mclaren,McLaren,9,7,7,6.0,61,Finished,7128436.0,11.0,105.71600000000001,172.412
2019,15,Singapore Grand Prix,2019-09-22,marina_bay,Marina Bay Street Circuit,Singapore,Marina Bay,1.2914,103.864,gasly,GAS,10,Pierre,Gasly,1996-02-07,French,toro_rosso,Toro Rosso,11,8,8,4.0,61,Finished,7129214.0,13.0,105.769,172.326
2019,15,Singapore Grand Prix,2019-09-22,marina_bay,Marina Bay Street Circuit,Singapore,Marina Bay,1.2914,103.864,hulkenberg,HUL,27,Nico,Hülkenberg,1987-08-19,German,renault,Renault,8,9,9,2.0,61,Finished,7130385.0,12.0,105.765,172.333
2019,15,Singapore Grand Prix,2019-09-22,marina_bay,Marina Bay Street Circuit,Singapore,Marina Bay,1.2914,103.864,giovinazzi,GIO,99,Antonio,Giovinazzi,1993-12-14,Italian,alfa,Alfa Romeo,10,10,10,1.0,61,Finished,7141522.0,10.0,105.63,172.553
2019,15,Singapore Grand Prix,2019-09-22,marina_bay,Marina Bay Street Circuit,Singapore,Marina Bay,1.2914,103.864,grosjean,GRO,8,Romain,Grosjean,1986-04-17,French,haas,Haas F1 Team,17,11,11,0.0,61,Finished,7149103.0,16.0,106.274,171.507
2019,15,Singapore Grand Prix,2019-09-22,marina_bay,Marina Bay Street Circuit,Singapore,Marina Bay,1.2914,103.864,sainz,SAI,55,Carlos,Sainz,1994-09-01,Spanish,mclaren,McLaren,7,12,12,0.0,61,Finished,7149641.0,15.0,105.969,172.001
2019,15,Singapore Grand Prix,2019-09-22,marina_bay,Marina Bay Street Circuit,Singapore,Marina Bay,1.2914,103.864,stroll,STR,18,Lance,Stroll,1998-10-29,Canadian,racing_point,Racing Point,16,13,13,0.0,61,Finished,7150086.0,6.0,104.896,173.76
2019,15,Singapore Grand Prix,2019-09-22,marina_bay,Marina Bay Street Circuit,Singapore,Marina Bay,1.2914,103.864,ricciardo,RIC,3,Daniel,Ricciardo,1989-07-01,Australian,renault,Renault,20,14,14,0.0,61,Finished,7151327.0,14.0,105.91499999999999,172.088
2019,15,Singapore Grand Prix,2019-09-22,marina_bay,Marina Bay Street Circuit,Singapore,Marina Bay,1.2914,103.864,kvyat,KVY,26,Daniil,Kvyat,1994-04-26,Russian,toro_rosso,Toro Rosso,14,15,15,0.0,61,Finished,7151845.0,3.0,104.37100000000001,174.634
2019,15,Singapore Grand Prix,2019-09-22,marina_bay,Marina Bay Street Circuit,Singapore,Marina Bay,1.2914,103.864,kubica,KUB,88,Robert,Kubica,1984-12-07,Polish,williams,Williams,19,16,16,0.0,61,Finished,7160691.0,18.0,106.793,170.674
2019,15,Singapore Grand Prix,2019-09-22,marina_bay,Marina Bay Street Circuit,Singapore,Marina Bay,1.2914,103.864,kevin_magnussen,MAG,20,Kevin,Magnussen,1992-10-05,Danish,haas,Haas F1 Team,13,17,17,0.0,61,Finished,7200189.0,1.0,102.301,178.168
2019,15,Singapore Grand Prix,2019-09-22,marina_bay,Marina Bay Street Circuit,Singapore,Marina Bay,1.2914,103.864,raikkonen,RAI,7,Kimi,Räikkönen,1979-10-17,Finnish,alfa,Alfa Romeo,12,18,R,0.0,49,Collision,,19.0,107.062,170.245
2019,15,Singapore Grand Prix,2019-09-22,marina_bay,Marina Bay Street Circuit,Singapore,Marina Bay,1.2914,103.864,perez,PER,11,Sergio,Pérez,1990-01-26,Mexican,racing_point,Racing Point,15,19,R,0.0,42,Engine,,17.0,106.68299999999999,170.85
2019,15,Singapore Grand Prix,2019-09-22,marina_bay,Marina Bay Street Circuit,Singapore,Marina Bay,1.2914,103.864,russell,RUS,63,George,Russell,1998-02-15,British,williams,Williams,18,20,R,0.0,34,Collision,,20.0,108.285,168.322
2019,16,Russian Grand Prix,2019-09-29,sochi,Sochi Autodrom,Russia,Sochi,43.4057,39.9578,hamilton,HAM,44,Lewis,Hamilton,1985-01-07,British,mercedes,Mercedes,2,1,1,26.0,53,Finished,5618992.0,1.0,95.761,219.847
2019,16,Russian Grand Prix,2019-09-29,sochi,Sochi Autodrom,Russia,Sochi,43.4057,39.9578,bottas,BOT,77,Valtteri,Bottas,1989-08-28,Finnish,mercedes,Mercedes,4,2,2,18.0,53,Finished,5622821.0,3.0,96.316,218.58
2019,16,Russian Grand Prix,2019-09-29,sochi,Sochi Autodrom,Russia,Sochi,43.4057,39.9578,leclerc,LEC,16,Charles,Leclerc,1997-10-16,Monegasque,ferrari,Ferrari,1,3,3,15.0,53,Finished,5624204.0,2.0,96.193,218.86
2019,16,Russian Grand Prix,2019-09-29,sochi,Sochi Autodrom,Russia,Sochi,43.4057,39.9578,max_verstappen,VER,33,Max,Verstappen,1997-09-30,Dutch,red_bull,Red Bull,9,4,4,12.0,53,Finished,5633202.0,5.0,96.937,217.18
2019,16,Russian Grand Prix,2019-09-29,sochi,Sochi Autodrom,Russia,Sochi,43.4057,39.9578,albon,ALB,23,Alexander,Albon,1996-03-23,Thai,red_bull,Red Bull,0,5,5,10.0,53,Finished,5657340.0,4.0,96.762,217.573
2019,16,Russian Grand Prix,2019-09-29,sochi,Sochi Autodrom,Russia,Sochi,43.4057,39.9578,sainz,SAI,55,Carlos,Sainz,1994-09-01,Spanish,mclaren,McLaren,5,6,6,8.0,53,Finished,5664881.0,6.0,98.02000000000001,214.78
2019,16,Russian Grand Prix,2019-09-29,sochi,Sochi Autodrom,Russia,Sochi,43.4057,39.9578,perez,PER,11,Sergio,Pérez,1990-01-26,Mexican,racing_point,Racing Point,11,7,7,6.0,53,Finished,5667720.0,7.0,98.043,214.73
2019,16,Russian Grand Prix,2019-09-29,sochi,Sochi Autodrom,Russia,Sochi,43.4057,39.9578,norris,NOR,4,Lando,Norris,1999-11-13,British,mclaren,McLaren,7,8,8,4.0,53,Finished,5676741.0,11.0,98.301,214.166
2019,16,Russian Grand Prix,2019-09-29,sochi,Sochi Autodrom,Russia,Sochi,43.4057,39.9578,kevin_magnussen,MAG,20,Kevin,Magnussen,1992-10-05,Danish,haas,Haas F1 Team,13,9,9,2.0,53,Finished,5677771.0,8.0,98.13,214.539
2019,16,Russian Grand Prix,2019-09-29,sochi,Sochi Autodrom,Russia,Sochi,43.4057,39.9578,hulkenberg,HUL,27,Nico,Hülkenberg,1987-08-19,German,renault,Renault,6,10,10,1.0,53,Finished,5678833.0,12.0,98.519,213.692
2019,16,Russian Grand Prix,2019-09-29,sochi,Sochi Autodrom,Russia,Sochi,43.4057,39.9578,stroll,STR,18,Lance,Stroll,1998-10-29,Canadian,racing_point,Racing Point,14,11,11,0.0,53,Finished,5679813.0,15.0,98.61099999999999,213.493
2019,16,Russian Grand Prix,2019-09-29,sochi,Sochi Autodrom,Russia,Sochi,43.4057,39.9578,kvyat,KVY,26,Daniil,Kvyat,1994-04-26,Russian,toro_rosso,Toro Rosso,19,12,12,0.0,53,Finished,5681488.0,9.0,98.22800000000001,214.325
2019,16,Russian Grand Prix,2019-09-29,sochi,Sochi Autodrom,Russia,Sochi,43.4057,39.9578,raikkonen,RAI,7,Kimi,Räikkönen,1979-10-17,Finnish,alfa,Alfa Romeo,15,13,13,0.0,53,Finished,5687902.0,13.0,98.589,213.541
2019,16,Russian Grand Prix,2019-09-29,sochi,Sochi Autodrom,Russia,Sochi,43.4057,39.9578,gasly,GAS,10,Pierre,Gasly,1996-02-07,French,toro_rosso,Toro Rosso,16,14,14,0.0,53,Finished,5689068.0,14.0,98.606,213.504
2019,16,Russian Grand Prix,2019-09-29,sochi,Sochi Autodrom,Russia,Sochi,43.4057,39.9578,giovinazzi,GIO,99,Antonio,Giovinazzi,1993-12-14,Italian,alfa,Alfa Romeo,12,15,15,0.0,53,Finished,5692338.0,16.0,98.696,213.309
2019,16,Russian Grand Prix,2019-09-29,sochi,Sochi Autodrom,Russia,Sochi,43.4057,39.9578,kubica,KUB,88,Robert,Kubica,1984-12-07,Polish,williams,Williams,18,16,R,0.0,28,Brakes,,19.0,102.327,205.74
2019,16,Russian Grand Prix,2019-09-29,sochi,Sochi Autodrom,Russia,Sochi,43.4057,39.9578,russell,RUS,63,George,Russell,1998-02-15,British,williams,Williams,17,17,R,0.0,27,Brakes,,18.0,101.705,206.998
2019,16,Russian Grand Prix,2019-09-29,sochi,Sochi Autodrom,Russia,Sochi,43.4057,39.9578,vettel,VET,5,Sebastian,Vettel,1987-07-03,German,ferrari,Ferrari,3,18,R,0.0,26,Power loss,,10.0,98.245,214.288
2019,16,Russian Grand Prix,2019-09-29,sochi,Sochi Autodrom,Russia,Sochi,43.4057,39.9578,ricciardo,RIC,3,Daniel,Ricciardo,1989-07-01,Australian,renault,Renault,10,19,R,0.0,24,Collision,,17.0,101.28399999999999,207.859
2019,16,Russian Grand Prix,2019-09-29,sochi,Sochi Autodrom,Russia,Sochi,43.4057,39.9578,grosjean,GRO,8,Romain,Grosjean,1986-04-17,French,haas,Haas F1 Team,8,20,R,0.0,0,Collision,,,,
2019,17,Japanese Grand Prix,2019-10-13,suzuka,Suzuka Circuit,Japan,Suzuka,34.8431,136.541,bottas,BOT,77,Valtteri,Bottas,1989-08-28,Finnish,mercedes,Mercedes,3,1,1,25.0,52,Finished,4906755.0,4.0,91.862,227.571
2019,17,Japanese Grand Prix,2019-10-13,suzuka,Suzuka Circuit,Japan,Suzuka,34.8431,136.541,vettel,VET,5,Sebastian,Vettel,1987-07-03,German,ferrari,Ferrari,1,2,2,18.0,52,Finished,4920098.0,5.0,92.122,226.929
2019,17,Japanese Grand Prix,2019-10-13,suzuka,Suzuka Circuit,Japan,Suzuka,34.8431,136.541,hamilton,HAM,44,Lewis,Hamilton,1985-01-07,British,mercedes,Mercedes,4,3,3,16.0,52,Finished,4920613.0,1.0,90.983,229.77
2019,17,Japanese Grand Prix,2019-10-13,suzuka,Suzuka Circuit,Japan,Suzuka,34.8431,136.541,albon,ALB,23,Alexander,Albon,1996-03-23,Thai,red_bull,Red Bull,6,4,4,12.0,52,Finished,4966292.0,8.0,92.775,225.332
2019,17,Japanese Grand Prix,2019-10-13,suzuka,Suzuka Circuit,Japan,Suzuka,34.8431,136.541,sainz,SAI,55,Carlos,Sainz,1994-09-01,Spanish,mclaren,McLaren,7,5,5,10.0,52,Finished,4975856.0,12.0,93.563,223.434
2019,17,Japanese Grand Prix,2019-10-13,suzuka,Suzuka Circuit,Japan,Suzuka,34.8431,136.541,leclerc,LEC,16,Charles,Leclerc,1997-10-16,Monegasque,ferrari,Ferrari,2,6,6,8.0,51,+1 Lap,,2.0,91.611,228.195
2019,17,Japanese Grand Prix,2019-10-13,suzuka,Suzuka Circuit,Japan,Suzuka,34.8431,136.541,gasly,GAS,10,Pierre,Gasly,1996-02-07,French,toro_rosso,Toro Rosso,9,7,7,6.0,51,+1 Lap,,17.0,95.321,219.313
2019,17,Japanese Grand Prix,2019-10-13,suzuka,Suzuka Circuit,Japan,Suzuka,34.8431,136.541,perez,PER,11,Sergio,Pérez,1990-01-26,Mexican,racing_point,Racing Point,17,8,8,4.0,51,+1 Lap,,7.0,92.62100000000001,225.706
2019,17,Japanese Grand Prix,2019-10-13,suzuka,Suzuka Circuit,Japan,Suzuka,34.8431,136.541,stroll,STR,18,Lance,Stroll,1998-10-29,Canadian,racing_point,Racing Point,12,9,9,2.0,51,+1 Lap,,14.0,94.713,220.721
2019,17,Japanese Grand Prix,2019-10-13,suzuka,Suzuka Circuit,Japan,Suzuka,34.8431,136.541,kvyat,KVY,26,Daniil,Kvyat,1994-04-26,Russian,toro_rosso,Toro Rosso,14,10,10,1.0,51,+1 Lap,,10.0,93.239,224.21
2019,17,Japanese Grand Prix,2019-10-13,suzuka,Suzuka Circuit,Japan,Suzuka,34.8431,136.541,norris,NOR,4,Lando,Norris,1999-11-13,British,mclaren,McLaren,8,11,11,0.0,51,+1 Lap,,13.0,94.116,222.121
2019,17,Japanese Grand Prix,2019-10-13,suzuka,Suzuka Circuit,Japan,Suzuka,34.8431,136.541,raikkonen,RAI,7,Kimi,Räikkönen,1979-10-17,Finnish,alfa,Alfa Romeo,13,12,12,0.0,51,+1 Lap,,9.0,93.19,224.328
2019,17,Japanese Grand Prix,2019-10-13,suzuka,Suzuka Circuit,Japan,Suzuka,34.8431,136.541,grosjean,GRO,8,Romain,Grosjean,1986-04-17,French,haas,Haas F1 Team,10,13,13,0.0,51,+1 Lap,,16.0,94.988,220.082
2019,17,Japanese Grand Prix,2019-10-13,suzuka,Suzuka Circuit,Japan,Suzuka,34.8431,136.541,giovinazzi,GIO,99,Antonio,Giovinazzi,1993-12-14,Italian,alfa,Alfa Romeo,11,14,14,0.0,51,+1 Lap,,6.0,92.369,226.322
2019,17,Japanese Grand Prix,2019-10-13,suzuka,Suzuka Circuit,Japan,Suzuka,34.8431,136.541,kevin_magnussen,MAG,20,Kevin,Magnussen,1992-10-05,Danish,haas,Haas F1 Team,19,15,15,0.0,51,+1 Lap,,3.0,91.732,227.894
2019,17,Japanese Grand Prix,2019-10-13,suzuka,Suzuka Circuit,Japan,Suzuka,34.8431,136.541,russell,RUS,63,George,Russell,1998-02-15,British,williams,Williams,18,16,16,0.0,50,+2 Laps,,18.0,95.458,218.998
2019,17,Japanese Grand Prix,2019-10-13,suzuka,Suzuka Circuit,Japan,Suzuka,34.8431,136.541,kubica,KUB,88,Robert,Kubica,1984-12-07,Polish,williams,Williams,0,17,17,0.0,50,+2 Laps,,19.0,96.332,217.012
2019,17,Japanese Grand Prix,2019-10-13,suzuka,Suzuka Circuit,Japan,Suzuka,34.8431,136.541,max_verstappen,VER,33,Max,Verstappen,1997-09-30,Dutch,red_bull,Red Bull,5,18,R,0.0,14,Brakes,,20.0,97.249,214.965
2019,17,Japanese Grand Prix,2019-10-13,suzuka,Suzuka Circuit,Japan,Suzuka,34.8431,136.541,ricciardo,RIC,3,Daniel,Ricciardo,1989-07-01,Australian,renault,Renault,16,19,D,0.0,51,Disqualified,,11.0,93.481,223.63
2019,17,Japanese Grand Prix,2019-10-13,suzuka,Suzuka Circuit,Japan,Suzuka,34.8431,136.541,hulkenberg,HUL,27,Nico,Hülkenberg,1987-08-19,German,renault,Renault,15,20,D,0.0,51,Disqualified,,15.0,94.92099999999999,220.237
2019,18,Mexican Grand Prix,2019-10-27,rodriguez,Autódromo Hermanos Rodríguez,Mexico,Mexico City,19.4042,-99.0907,hamilton,HAM,44,Lewis,Hamilton,1985-01-07,British,mercedes,Mercedes,3,1,1,25.0,71,Finished,5808904.0,4.0,79.461,194.993
2019,18,Mexican Grand Prix,2019-10-27,rodriguez,Autódromo Hermanos Rodríguez,Mexico,Mexico City,19.4042,-99.0907,vettel,VET,5,Sebastian,Vettel,1987-07-03,German,ferrari,Ferrari,2,2,2,18.0,71,Finished,5810670.0,3.0,79.381,195.19
2019,18,Mexican Grand Prix,2019-10-27,rodriguez,Autódromo Hermanos Rodríguez,Mexico,Mexico City,19.4042,-99.0907,bottas,BOT,77,Valtteri,Bottas,1989-08-28,Finnish,mercedes,Mercedes,6,3,3,15.0,71,Finished,5812457.0,5.0,79.494,194.912
2019,18,Mexican Grand Prix,2019-10-27,rodriguez,Autódromo Hermanos Rodríguez,Mexico,Mexico City,19.4042,-99.0907,leclerc,LEC,16,Charles,Leclerc,1997-10-16,Monegasque,ferrari,Ferrari,1,4,4,13.0,71,Finished,5815272.0,1.0,79.232,195.557
2019,18,Mexican Grand Prix,2019-10-27,rodriguez,Autódromo Hermanos Rodríguez,Mexico,Mexico City,19.4042,-99.0907,albon,ALB,23,Alexander,Albon,1996-03-23,Thai,red_bull,Red Bull,5,5,5,10.0,71,Finished,5830303.0,2.0,79.325,195.328
2019,18,Mexican Grand Prix,2019-10-27,rodriguez,Autódromo Hermanos Rodríguez,Mexico,Mexico City,19.4042,-99.0907,max_verstappen,VER,33,Max,Verstappen,1997-09-30,Dutch,red_bull,Red Bull,4,6,6,8.0,71,Finished,5877711.0,11.0,80.406,192.702
2019,18,Mexican Grand Prix,2019-10-27,rodriguez,Autódromo Hermanos Rodríguez,Mexico,Mexico City,19.4042,-99.0907,perez,PER,11,Sergio,Pérez,1990-01-26,Mexican,racing_point,Racing Point,11,7,7,6.0,71,Finished,5882723.0,12.0,80.485,192.512
2019,18,Mexican Grand Prix,2019-10-27,rodriguez,Autódromo Hermanos Rodríguez,Mexico,Mexico City,19.4042,-99.0907,ricciardo,RIC,3,Daniel,Ricciardo,1989-07-01,Australian,renault,Renault,13,8,8,4.0,71,Finished,5883828.0,9.0,80.146,193.327
2019,18,Mexican Grand Prix,2019-10-27,rodriguez,Autódromo Hermanos Rodríguez,Mexico,Mexico City,19.4042,-99.0907,gasly,GAS,10,Pierre,Gasly,1996-02-07,French,toro_rosso,Toro Rosso,10,9,9,2.0,70,+1 Lap,,6.0,79.53,194.824
2019,18,Mexican Grand Prix,2019-10-27,rodriguez,Autódromo Hermanos Rodríguez,Mexico,Mexico City,19.4042,-99.0907,hulkenberg,HUL,27,Nico,Hülkenberg,1987-08-19,German,renault,Renault,12,10,10,1.0,70,+1 Lap,,14.0,80.791,191.783
2019,18,Mexican Grand Prix,2019-10-27,rodriguez,Autódromo Hermanos Rodríguez,Mexico,Mexico City,19.4042,-99.0907,kvyat,KVY,26,Daniil,Kvyat,1994-04-26,Russian,toro_rosso,Toro Rosso,9,11,11,0.0,70,+1 Lap,,7.0,79.905,193.91
2019,18,Mexican Grand Prix,2019-10-27,rodriguez,Autódromo Hermanos Rodríguez,Mexico,Mexico City,19.4042,-99.0907,stroll,STR,18,Lance,Stroll,1998-10-29,Canadian,racing_point,Racing Point,16,12,12,0.0,70,+1 Lap,,15.0,80.922,191.473
2019,18,Mexican Grand Prix,2019-10-27,rodriguez,Autódromo Hermanos Rodríguez,Mexico,Mexico City,19.4042,-99.0907,sainz,SAI,55,Carlos,Sainz,1994-09-01,Spanish,mclaren,McLaren,7,13,13,0.0,70,+1 Lap,,10.0,80.311,192.929
2019,18,Mexican Grand Prix,2019-10-27,rodriguez,Autódromo Hermanos Rodríguez,Mexico,Mexico City,19.4042,-99.0907,giovinazzi,GIO,99,Antonio,Giovinazzi,1993-12-14,Italian,alfa,Alfa Romeo,15,14,14,0.0,70,+1 Lap,,16.0,81.014,191.255
2019,18,Mexican Grand Prix,2019-10-27,rodriguez,Autódromo Hermanos Rodríguez,Mexico,Mexico City,19.4042,-99.0907,kevin_magnussen,MAG,20,Kevin,Magnussen,1992-10-05,Danish,haas,Haas F1 Team,17,15,15,0.0,69,+2 Laps,,20.0,81.682,189.691
2019,18,Mexican Grand Prix,2019-10-27,rodriguez,Autódromo Hermanos Rodríguez,Mexico,Mexico City,19.4042,-99.0907,russell,RUS,63,George,Russell,1998-02-15,British,williams,Williams,19,16,16,0.0,69,+2 Laps,,17.0,81.286,190.615
2019,18,Mexican Grand Prix,2019-10-27,rodriguez,Autódromo Hermanos Rodríguez,Mexico,Mexico City,19.4042,-99.0907,grosjean,GRO,8,Romain,Grosjean,1986-04-17,French,haas,Haas F1 Team,18,17,17,0.0,69,+2 Laps,,18.0,81.581,189.926
2019,18,Mexican Grand Prix,2019-10-27,rodriguez,Autódromo Hermanos Rodríguez,Mexico,Mexico City,19.4042,-99.0907,kubica,KUB,88,Robert,Kubica,1984-12-07,Polish,williams,Williams,20,18,18,0.0,69,+2 Laps,,13.0,80.696,192.009
2019,18,Mexican Grand Prix,2019-10-27,rodriguez,Autódromo Hermanos Rodríguez,Mexico,Mexico City,19.4042,-99.0907,raikkonen,RAI,7,Kimi,Räikkönen,1979-10-17,Finnish,alfa,Alfa Romeo,14,19,R,0.0,58,Overheating,,8.0,80.082,193.481
2019,18,Mexican Grand Prix,2019-10-27,rodriguez,Autódromo Hermanos Rodríguez,Mexico,Mexico City,19.4042,-99.0907,norris,NOR,4,Lando,Norris,1999-11-13,British,mclaren,McLaren,8,20,W,0.0,48,Withdrew,,19.0,81.643,189.782
2019,19,United States Grand Prix,2019-11-03,americas,Circuit of the Americas,USA,Austin,30.1328,-97.6411,bottas,BOT,77,Valtteri,Bottas,1989-08-28,Finnish,mercedes,Mercedes,1,1,1,25.0,56,Finished,5635653.0,2.0,96.957,204.696
2019,19,United States Grand Prix,2019-11-03,americas,Circuit of the Americas,USA,Austin,30.1328,-97.6411,hamilton,HAM,44,Lewis,Hamilton,1985-01-07,British,mercedes,Mercedes,5,2,2,18.0,56,Finished,5639801.0,7.0,98.446,201.6
2019,19,United States Grand Prix,2019-11-03,americas,Circuit of the Americas,USA,Austin,30.1328,-97.6411,max_verstappen,VER,33,Max,Verstappen,1997-09-30,Dutch,red_bull,Red Bull,3,3,3,15.0,56,Finished,5640655.0,5.0,98.214,202.077
2019,19,United States Grand Prix,2019-11-03,americas,Circuit of the Americas,USA,Austin,30.1328,-97.6411,leclerc,LEC,16,Charles,Leclerc,1997-10-16,Monegasque,ferrari,Ferrari,4,4,4,13.0,56,Finished,5687892.0,1.0,96.169,206.374
2019,19,United States Grand Prix,2019-11-03,americas,Circuit of the Americas,USA,Austin,30.1328,-97.6411,albon,ALB,23,Alexander,Albon,1996-03-23,Thai,red_bull,Red Bull,6,5,5,10.0,56,Finished,5713691.0,3.0,98.029,202.458
2019,19,United States Grand Prix,2019-11-03,americas,Circuit of the Americas,USA,Austin,30.1328,-97.6411,ricciardo,RIC,3,Daniel,Ricciardo,1989-07-01,Australian,renault,Renault,9,6,6,8.0,56,Finished,5726019.0,14.0,100.564,197.354
2019,19,United States Grand Prix,2019-11-03,americas,Circuit of the Americas,USA,Austin,30.1328,-97.6411,norris,NOR,4,Lando,Norris,1999-11-13,British,mclaren,McLaren,8,7,7,6.0,56,Finished,5726417.0,4.0,98.074,202.365
2019,19,United States Grand Prix,2019-11-03,americas,Circuit of the Americas,USA,Austin,30.1328,-97.6411,sainz,SAI,55,Carlos,Sainz,1994-09-01,Spanish,mclaren,McLaren,7,8,8,4.0,55,+1 Lap,,15.0,100.844,196.806
2019,19,United States Grand Prix,2019-11-03,americas,Circuit of the Americas,USA,Austin,30.1328,-97.6411,hulkenberg,HUL,27,Nico,Hülkenberg,1987-08-19,German,renault,Renault,11,9,9,2.0,55,+1 Lap,,6.0,98.437,201.619
2019,19,United States Grand Prix,2019-11-03,americas,Circuit of the Americas,USA,Austin,30.1328,-97.6411,perez,PER,11,Sergio,Pérez,1990-01-26,Mexican,racing_point,Racing Point,0,10,10,1.0,55,+1 Lap,,11.0,100.16499999999999,198.141
2019,19,United States Grand Prix,2019-11-03,americas,Circuit of the Americas,USA,Austin,30.1328,-97.6411,raikkonen,RAI,7,Kimi,Räikkönen,1979-10-17,Finnish,alfa,Alfa Romeo,17,11,11,0.0,55,+1 Lap,,9.0,99.608,199.249
2019,19,United States Grand Prix,2019-11-03,americas,Circuit of the Americas,USA,Austin,30.1328,-97.6411,kvyat,KVY,26,Daniil,Kvyat,1994-04-26,Russian,toro_rosso,Toro Rosso,13,12,12,0.0,55,+1 Lap,,8.0,98.969,200.535
2019,19,United States Grand Prix,2019-11-03,americas,Circuit of the Americas,USA,Austin,30.1328,-97.6411,stroll,STR,18,Lance,Stroll,1998-10-29,Canadian,racing_point,Racing Point,14,13,13,0.0,55,+1 Lap,,13.0,100.38,197.716
2019,19,United States Grand Prix,2019-11-03,americas,Circuit of the Americas,USA,Austin,30.1328,-97.6411,giovinazzi,GIO,99,Antonio,Giovinazzi,1993-12-14,Italian,alfa,Alfa Romeo,16,14,14,0.0,55,+1 Lap,,10.0,99.964,198.539
2019,19,United States Grand Prix,2019-11-03,americas,Circuit of the Americas,USA,Austin,30.1328,-97.6411,grosjean,GRO,8,Romain,Grosjean,1986-04-17,French,haas,Haas F1 Team,15,15,15,0.0,55,+1 Lap,,18.0,101.27000000000001,195.979
2019,19,United States Grand Prix,2019-11-03,americas,Circuit of the Americas,USA,Austin,30.1328,-97.6411,gasly,GAS,10,Pierre,Gasly,1996-02-07,French,toro_rosso,Toro Rosso,10,16,16,0.0,54,Suspension,,16.0,100.85,196.795
2019,19,United States Grand Prix,2019-11-03,americas,Circuit of the Americas,USA,Austin,30.1328,-97.6411,russell,RUS,63,George,Russell,1998-02-15,British,williams,Williams,18,17,17,0.0,54,+2 Laps,,17.0,101.239,196.039
2019,19,United States Grand Prix,2019-11-03,americas,Circuit of the Americas,USA,Austin,30.1328,-97.6411,kevin_magnussen,MAG,20,Kevin,Magnussen,1992-10-05,Danish,haas,Haas F1 Team,12,18,18,0.0,52,Brakes,,12.0,100.34700000000001,197.781
2019,19,United States Grand Prix,2019-11-03,americas,Circuit of the Americas,USA,Austin,30.1328,-97.6411,kubica,KUB,88,Robert,Kubica,1984-12-07,Polish,williams,Williams,19,19,R,0.0,31,Oil leak,,20.0,103.83,191.147
2019,19,United States Grand Prix,2019-11-03,americas,Circuit of the Americas,USA,Austin,30.1328,-97.6411,vettel,VET,5,Sebastian,Vettel,1987-07-03,German,ferrari,Ferrari,2,20,R,0.0,7,Suspension,,19.0,102.16499999999999,194.262
2019,20,Brazilian Grand Prix,2019-11-17,interlagos,Autódromo José Carlos Pace,Brazil,São Paulo,-23.7036,-46.6997,max_verstappen,VER,33,Max,Verstappen,1997-09-30,Dutch,red_bull,Red Bull,1,1,1,25.0,71,Finished,5594678.0,2.0,70.862,218.909
2019,20,Brazilian Grand Prix,2019-11-17,interlagos,Autódromo José Carlos Pace,Brazil,São Paulo,-23.7036,-46.6997,gasly,GAS,10,Pierre,Gasly,1996-02-07,French,toro_rosso,Toro Rosso,6,2,2,18.0,71,Finished,5600755.0,9.0,72.425,214.185
2019,20,Brazilian Grand Prix,2019-11-17,interlagos,Autódromo José Carlos Pace,Brazil,São Paulo,-23.7036,-46.6997,sainz,SAI,55,Carlos,Sainz,1994-09-01,Spanish,mclaren,McLaren,20,3,3,15.0,71,Finished,5603574.0,16.0,73.158,212.039
2019,20,Brazilian Grand Prix,2019-11-17,interlagos,Autódromo José Carlos Pace,Brazil,São Paulo,-23.7036,-46.6997,raikkonen,RAI,7,Kimi,Räikkönen,1979-10-17,Finnish,alfa,Alfa Romeo,8,4,4,12.0,71,Finished,5604130.0,15.0,73.135,212.106
2019,20,Brazilian Grand Prix,2019-11-17,interlagos,Autódromo José Carlos Pace,Brazil,São Paulo,-23.7036,-46.6997,giovinazzi,GIO,99,Antonio,Giovinazzi,1993-12-14,Italian,alfa,Alfa Romeo,12,5,5,10.0,71,Finished,5604879.0,14.0,73.02,212.44
2019,20,Brazilian Grand Prix,2019-11-17,interlagos,Autódromo José Carlos Pace,Brazil,São Paulo,-23.7036,-46.6997,ricciardo,RIC,3,Daniel,Ricciardo,1989-07-01,Australian,renault,Renault,11,6,6,8.0,71,Finished,5605219.0,11.0,72.733,213.278
2019,20,Brazilian Grand Prix,2019-11-17,interlagos,Autódromo José Carlos Pace,Brazil,São Paulo,-23.7036,-46.6997,hamilton,HAM,44,Lewis,Hamilton,1985-01-07,British,mercedes,Mercedes,3,7,7,6.0,71,Finished,5605817.0,3.0,71.082,218.232
2019,20,Brazilian Grand Prix,2019-11-17,interlagos,Autódromo José Carlos Pace,Brazil,São Paulo,-23.7036,-46.6997,norris,NOR,4,Lando,Norris,1999-11-13,British,mclaren,McLaren,10,8,8,4.0,71,Finished,5605882.0,7.0,72.328,214.472
2019,20,Brazilian Grand Prix,2019-11-17,interlagos,Autódromo José Carlos Pace,Brazil,São Paulo,-23.7036,-46.6997,perez,PER,11,Sergio,Pérez,1990-01-26,Mexican,racing_point,Racing Point,15,9,9,2.0,71,Finished,5606207.0,12.0,72.84,212.965
2019,20,Brazilian Grand Prix,2019-11-17,interlagos,Autódromo José Carlos Pace,Brazil,São Paulo,-23.7036,-46.6997,kvyat,KVY,26,Daniil,Kvyat,1994-04-26,Russian,toro_rosso,Toro Rosso,16,10,10,1.0,71,Finished,5606609.0,8.0,72.385,214.304
2019,20,Brazilian Grand Prix,2019-11-17,interlagos,Autódromo José Carlos Pace,Brazil,São Paulo,-23.7036,-46.6997,kevin_magnussen,MAG,20,Kevin,Magnussen,1992-10-05,Danish,haas,Haas F1 Team,9,11,11,0.0,71,Finished,5607410.0,17.0,73.262,211.738
2019,20,Brazilian Grand Prix,2019-11-17,interlagos,Autódromo José Carlos Pace,Brazil,São Paulo,-23.7036,-46.6997,russell,RUS,63,George,Russell,1998-02-15,British,williams,Williams,18,12,12,0.0,71,Finished,5608277.0,19.0,73.752,210.331
2019,20,Brazilian Grand Prix,2019-11-17,interlagos,Autódromo José Carlos Pace,Brazil,São Paulo,-23.7036,-46.6997,grosjean,GRO,8,Romain,Grosjean,1986-04-17,French,haas,Haas F1 Team,7,13,13,0.0,71,Finished,5608925.0,18.0,73.619,210.711
2019,20,Brazilian Grand Prix,2019-11-17,interlagos,Autódromo José Carlos Pace,Brazil,São Paulo,-23.7036,-46.6997,albon,ALB,23,Alexander,Albon,1996-03-23,Thai,red_bull,Red Bull,5,14,14,0.0,71,Finished,5609605.0,4.0,71.087,218.217
2019,20,Brazilian Grand Prix,2019-11-17,interlagos,Autódromo José Carlos Pace,Brazil,São Paulo,-23.7036,-46.6997,hulkenberg,HUL,27,Nico,Hülkenberg,1987-08-19,German,renault,Renault,13,15,15,0.0,71,Finished,5612737.0,13.0,72.934,212.69
2019,20,Brazilian Grand Prix,2019-11-17,interlagos,Autódromo José Carlos Pace,Brazil,São Paulo,-23.7036,-46.6997,kubica,KUB,88,Robert,Kubica,1984-12-07,Polish,williams,Williams,19,16,16,0.0,70,+1 Lap,,20.0,74.553,208.072
2019,20,Brazilian Grand Prix,2019-11-17,interlagos,Autódromo José Carlos Pace,Brazil,São Paulo,-23.7036,-46.6997,vettel,VET,5,Sebastian,Vettel,1987-07-03,German,ferrari,Ferrari,2,17,17,0.0,65,Collision,,5.0,71.384,217.309
2019,20,Brazilian Grand Prix,2019-11-17,interlagos,Autódromo José Carlos Pace,Brazil,São Paulo,-23.7036,-46.6997,leclerc,LEC,16,Charles,Leclerc,1997-10-16,Monegasque,ferrari,Ferrari,14,18,18,0.0,65,Collision,,6.0,71.423,217.19
2019,20,Brazilian Grand Prix,2019-11-17,interlagos,Autódromo José Carlos Pace,Brazil,São Paulo,-23.7036,-46.6997,stroll,STR,18,Lance,Stroll,1998-10-29,Canadian,racing_point,Racing Point,17,19,19,0.0,65,Suspension,,10.0,72.603,213.66
2019,20,Brazilian Grand Prix,2019-11-17,interlagos,Autódromo José Carlos Pace,Brazil,São Paulo,-23.7036,-46.6997,bottas,BOT,77,Valtteri,Bottas,1989-08-28,Finnish,mercedes,Mercedes,4,20,R,0.0,51,Power Unit,,1.0,70.69800000000001,219.417
2019,21,Abu Dhabi Grand Prix,2019-12-01,yas_marina,Yas Marina Circuit,UAE,Abu Dhabi,24.4672,54.6031,hamilton,HAM,44,Lewis,Hamilton,1985-01-07,British,mercedes,Mercedes,1,1,1,26.0,55,Finished,5645715.0,1.0,99.283,201.387
2019,21,Abu Dhabi Grand Prix,2019-12-01,yas_marina,Yas Marina Circuit,UAE,Abu Dhabi,24.4672,54.6031,max_verstappen,VER,33,Max,Verstappen,1997-09-30,Dutch,red_bull,Red Bull,2,2,2,18.0,55,Finished,5662487.0,5.0,101.119,197.731
2019,21,Abu Dhabi Grand Prix,2019-12-01,yas_marina,Yas Marina Circuit,UAE,Abu Dhabi,24.4672,54.6031,leclerc,LEC,16,Charles,Leclerc,1997-10-16,Monegasque,ferrari,Ferrari,3,3,3,15.0,55,Finished,5689150.0,4.0,100.44200000000001,199.064
2019,21,Abu Dhabi Grand Prix,2019-12-01,yas_marina,Yas Marina Circuit,UAE,Abu Dhabi,24.4672,54.6031,bottas,BOT,77,Valtteri,Bottas,1989-08-28,Finnish,mercedes,Mercedes,20,4,4,12.0,55,Finished,5690094.0,2.0,99.715,200.515
2019,21,Abu Dhabi Grand Prix,2019-12-01,yas_marina,Yas Marina Circuit,UAE,Abu Dhabi,24.4672,54.6031,vettel,VET,5,Sebastian,Vettel,1987-07-03,German,ferrari,Ferrari,4,5,5,10.0,55,Finished,5710072.0,3.0,100.128,199.688
2019,21,Abu Dhabi Grand Prix,2019-12-01,yas_marina,Yas Marina Circuit,UAE,Abu Dhabi,24.4672,54.6031,albon,ALB,23,Alexander,Albon,1996-03-23,Thai,red_bull,Red Bull,5,6,6,8.0,55,Finished,5714920.0,8.0,102.219,195.603
2019,21,Abu Dhabi Grand Prix,2019-12-01,yas_marina,Yas Marina Circuit,UAE,Abu Dhabi,24.4672,54.6031,perez,PER,11,Sergio,Pérez,1990-01-26,Mexican,racing_point,Racing Point,10,7,7,6.0,54,+1 Lap,,11.0,102.63900000000001,194.803
2019,21,Abu Dhabi Grand Prix,2019-12-01,yas_marina,Yas Marina Circuit,UAE,Abu Dhabi,24.4672,54.6031,norris,NOR,4,Lando,Norris,1999-11-13,British,mclaren,McLaren,6,8,8,4.0,54,+1 Lap,,12.0,103.02600000000001,194.071
2019,21,Abu Dhabi Grand Prix,2019-12-01,yas_marina,Yas Marina Circuit,UAE,Abu Dhabi,24.4672,54.6031,kvyat,KVY,26,Daniil,Kvyat,1994-04-26,Russian,toro_rosso,Toro Rosso,13,9,9,2.0,54,+1 Lap,,9.0,102.22200000000001,195.597
2019,21,Abu Dhabi Grand Prix,2019-12-01,yas_marina,Yas Marina Circuit,UAE,Abu Dhabi,24.4672,54.6031,sainz,SAI,55,Carlos,Sainz,1994-09-01,Spanish,mclaren,McLaren,8,10,10,1.0,54,+1 Lap,,7.0,101.294,197.389
2019,21,Abu Dhabi Grand Prix,2019-12-01,yas_marina,Yas Marina Circuit,UAE,Abu Dhabi,24.4672,54.6031,ricciardo,RIC,3,Daniel,Ricciardo,1989-07-01,Australian,renault,Renault,7,11,11,0.0,54,+1 Lap,,6.0,101.19,197.592
2019,21,Abu Dhabi Grand Prix,2019-12-01,yas_marina,Yas Marina Circuit,UAE,Abu Dhabi,24.4672,54.6031,hulkenberg,HUL,27,Nico,Hülkenberg,1987-08-19,German,renault,Renault,9,12,12,0.0,54,+1 Lap,,16.0,103.274,193.605
2019,21,Abu Dhabi Grand Prix,2019-12-01,yas_marina,Yas Marina Circuit,UAE,Abu Dhabi,24.4672,54.6031,raikkonen,RAI,7,Kimi,Räikkönen,1979-10-17,Finnish,alfa,Alfa Romeo,17,13,13,0.0,54,+1 Lap,,14.0,103.142,193.853
2019,21,Abu Dhabi Grand Prix,2019-12-01,yas_marina,Yas Marina Circuit,UAE,Abu Dhabi,24.4672,54.6031,kevin_magnussen,MAG,20,Kevin,Magnussen,1992-10-05,Danish,haas,Haas F1 Team,14,14,14,0.0,54,+1 Lap,,19.0,103.78999999999999,192.642
2019,21,Abu Dhabi Grand Prix,2019-12-01,yas_marina,Yas Marina Circuit,UAE,Abu Dhabi,24.4672,54.6031,grosjean,GRO,8,Romain,Grosjean,1986-04-17,French,haas,Haas F1 Team,15,15,15,0.0,54,+1 Lap,,18.0,103.666,192.873
2019,21,Abu Dhabi Grand Prix,2019-12-01,yas_marina,Yas Marina Circuit,UAE,Abu Dhabi,24.4672,54.6031,giovinazzi,GIO,99,Antonio,Giovinazzi,1993-12-14,Italian,alfa,Alfa Romeo,16,16,16,0.0,54,+1 Lap,,15.0,103.256,193.639
2019,21,Abu Dhabi Grand Prix,2019-12-01,yas_marina,Yas Marina Circuit,UAE,Abu Dhabi,24.4672,54.6031,russell,RUS,63,George,Russell,1998-02-15,British,williams,Williams,18,17,17,0.0,54,+1 Lap,,13.0,103.074,193.981
2019,21,Abu Dhabi Grand Prix,2019-12-01,yas_marina,Yas Marina Circuit,UAE,Abu Dhabi,24.4672,54.6031,gasly,GAS,10,Pierre,Gasly,1996-02-07,French,toro_rosso,Toro Rosso,11,18,18,0.0,53,+2 Laps,,10.0,102.414,195.231
2019,21,Abu Dhabi Grand Prix,2019-12-01,yas_marina,Yas Marina Circuit,UAE,Abu Dhabi,24.4672,54.6031,kubica,KUB,88,Robert,Kubica,1984-12-07,Polish,williams,Williams,19,19,19,0.0,53,+2 Laps,,20.0,104.5,191.333
2019,21,Abu Dhabi Grand Prix,2019-12-01,yas_marina,Yas Marina Circuit,UAE,Abu Dhabi,24.4672,54.6031,stroll,STR,18,Lance,Stroll,1998-10-29,Canadian,racing_point,Racing Point,12,20,R,0.0,45,Brakes,,17.0,103.326,193.507
2020,1,Austrian Grand Prix,2020-07-05,red_bull_ring,Red Bull Ring,Austria,Spielberg,47.2197,14.7647,bottas,BOT,77,Valtteri,Bottas,1989-08-28,Finnish,mercedes,Mercedes,1,1,1,25.0,71,Finished,5455739.0,2.0,67.657,229.758
2020,1,Austrian Grand Prix,2020-07-05,red_bull_ring,Red Bull Ring,Austria,Spielberg,47.2197,14.7647,leclerc,LEC,16,Charles,Leclerc,1997-10-16,Monegasque,ferrari,Ferrari,7,2,2,18.0,71,Finished,5458439.0,4.0,67.901,228.933
2020,1,Austrian Grand Prix,2020-07-05,red_bull_ring,Red Bull Ring,Austria,Spielberg,47.2197,14.7647,norris,NOR,4,Lando,Norris,1999-11-13,British,mclaren,McLaren,3,3,3,16.0,71,Finished,5461230.0,1.0,67.475,230.378
2020,1,Austrian Grand Prix,2020-07-05,red_bull_ring,Red Bull Ring,Austria,Spielberg,47.2197,14.7647,hamilton,HAM,44,Lewis,Hamilton,1985-01-07,British,mercedes,Mercedes,5,4,4,12.0,71,Finished,5461428.0,3.0,67.712,229.572
2020,1,Austrian Grand Prix,2020-07-05,red_bull_ring,Red Bull Ring,Austria,Spielberg,47.2197,14.7647,sainz,SAI,55,Carlos,Sainz,1994-09-01,Spanish,mclaren,McLaren,8,5,5,10.0,71,Finished,5464642.0,5.0,67.974,228.687
2020,1,Austrian Grand Prix,2020-07-05,red_bull_ring,Red Bull Ring,Austria,Spielberg,47.2197,14.7647,perez,PER,11,Sergio,Pérez,1990-01-26,Mexican,racing_point,Racing Point,6,6,6,8.0,71,Finished,5470831.0,6.0,68.305,227.579
2020,1,Austrian Grand Prix,2020-07-05,red_bull_ring,Red Bull Ring,Austria,Spielberg,47.2197,14.7647,gasly,GAS,10,Pierre,Gasly,1996-02-07,French,alphatauri,AlphaTauri,12,7,7,6.0,71,Finished,5472421.0,11.0,69.025,225.205
2020,1,Austrian Grand Prix,2020-07-05,red_bull_ring,Red Bull Ring,Austria,Spielberg,47.2197,14.7647,ocon,OCO,31,Esteban,Ocon,1996-09-17,French,renault,Renault,14,8,8,4.0,71,Finished,5473195.0,10.0,68.932,225.509
2020,1,Austrian Grand Prix,2020-07-05,red_bull_ring,Red Bull Ring,Austria,Spielberg,47.2197,14.7647,giovinazzi,GIO,99,Antonio,Giovinazzi,1993-12-14,Italian,alfa,Alfa Romeo,18,9,9,2.0,71,Finished,5476885.0,9.0,68.79599999999999,225.954
2020,1,Austrian Grand Prix,2020-07-05,red_bull_ring,Red Bull Ring,Austria,Spielberg,47.2197,14.7647,vettel,VET,5,Sebastian,Vettel,1987-07-03,German,ferrari,Ferrari,11,10,10,1.0,71,Finished,5480284.0,8.0,68.623,226.524
2020,1,Austrian Grand Prix,2020-07-05,red_bull_ring,Red Bull Ring,Austria,Spielberg,47.2197,14.7647,latifi,LAT,6,Nicholas,Latifi,1995-06-29,Canadian,williams,Williams,20,11,11,0.0,71,Finished,5487389.0,16.0,69.662,223.146
2020,1,Austrian Grand Prix,2020-07-05,red_bull_ring,Red Bull Ring,Austria,Spielberg,47.2197,14.7647,kvyat,KVY,26,Daniil,Kvyat,1994-04-26,Russian,alphatauri,AlphaTauri,13,12,12,0.0,69,Suspension,,13.0,69.135,224.847
2020,1,Austrian Grand Prix,2020-07-05,red_bull_ring,Red Bull Ring,Austria,Spielberg,47.2197,14.7647,albon,ALB,23,Alexander,Albon,1996-03-23,Thai,red_bull,Red Bull,4,13,13,0.0,67,Electronics,,7.0,68.432,227.156
2020,1,Austrian Grand Prix,2020-07-05,red_bull_ring,Red Bull Ring,Austria,Spielberg,47.2197,14.7647,raikkonen,RAI,7,Kimi,Räikkönen,1979-10-17,Finnish,alfa,Alfa Romeo,19,14,R,0.0,53,Wheel,,12.0,69.031,225.185
2020,1,Austrian Grand Prix,2020-07-05,red_bull_ring,Red Bull Ring,Austria,Spielberg,47.2197,14.7647,russell,RUS,63,George,Russell,1998-02-15,British,williams,Williams,17,15,R,0.0,49,Fuel pressure,,14.0,69.31700000000001,224.256
2020,1,Austrian Grand Prix,2020-07-05,red_bull_ring,Red Bull Ring,Austria,Spielberg,47.2197,14.7647,grosjean,GRO,8,Romain,Grosjean,1986-04-17,French,haas,Haas F1 Team,15,16,R,0.0,49,Brakes,,17.0,70.228,221.347
2020,1,Austrian Grand Prix,2020-07-05,red_bull_ring,Red Bull Ring,Austria,Spielberg,47.2197,14.7647,kevin_magnussen,MAG,20,Kevin,Magnussen,1992-10-05,Danish,haas,Haas F1 Team,16,17,R,0.0,24,Brakes,,20.0,70.72,219.807
2020,1,Austrian Grand Prix,2020-07-05,red_bull_ring,Red Bull Ring,Austria,Spielberg,47.2197,14.7647,stroll,STR,18,Lance,Stroll,1998-10-29,Canadian,racing_point,Racing Point,9,18,R,0.0,20,Engine,,18.0,70.326,221.039
2020,1,Austrian Grand Prix,2020-07-05,red_bull_ring,Red Bull Ring,Austria,Spielberg,47.2197,14.7647,ricciardo,RIC,3,Daniel,Ricciardo,1989-07-01,Australian,renault,Renault,10,19,R,0.0,17,Overheating,,19.0,70.61,220.15
2020,1,Austrian Grand Prix,2020-07-05,red_bull_ring,Red Bull Ring,Austria,Spielberg,47.2197,14.7647,max_verstappen,VER,33,Max,Verstappen,1997-09-30,Dutch,red_bull,Red Bull,2,20,R,0.0,11,Electronics,,15.0,69.351,224.146
2020,2,Styrian Grand Prix,2020-07-12,red_bull_ring,Red Bull Ring,Austria,Spielberg,47.2197,14.7647,hamilton,HAM,44,Lewis,Hamilton,1985-01-07,British,mercedes,Mercedes,1,1,1,25.0,71,Finished,4970683.0,3.0,66.719,232.989
2020,2,Styrian Grand Prix,2020-07-12,red_bull_ring,Red Bull Ring,Austria,Spielberg,47.2197,14.7647,bottas,BOT,77,Valtteri,Bottas,1989-08-28,Finnish,mercedes,Mercedes,4,2,2,18.0,71,Finished,4984402.0,7.0,67.534,230.177
2020,2,Styrian Grand Prix,2020-07-12,red_bull_ring,Red Bull Ring,Austria,Spielberg,47.2197,14.7647,max_verstappen,VER,33,Max,Verstappen,1997-09-30,Dutch,red_bull,Red Bull,2,3,3,15.0,71,Finished,5004381.0,2.0,66.145,235.01
2020,2,Styrian Grand Prix,2020-07-12,red_bull_ring,Red Bull Ring,Austria,Spielberg,47.2197,14.7647,albon,ALB,23,Alexander,Albon,1996-03-23,Thai,red_bull,Red Bull,6,4,4,12.0,71,Finished,5015083.0,6.0,67.299,230.981
2020,2,Styrian Grand Prix,2020-07-12,red_bull_ring,Red Bull Ring,Austria,Spielberg,47.2197,14.7647,norris,NOR,4,Lando,Norris,1999-11-13,British,mclaren,McLaren,9,5,5,10.0,71,Finished,5032153.0,5.0,67.193,231.345
2020,2,Styrian Grand Prix,2020-07-12,red_bull_ring,Red Bull Ring,Austria,Spielberg,47.2197,14.7647,perez,PER,11,Sergio,Pérez,1990-01-26,Mexican,racing_point,Racing Point,17,6,6,8.0,71,Finished,5033070.0,4.0,67.188,231.362
2020,2,Styrian Grand Prix,2020-07-12,red_bull_ring,Red Bull Ring,Austria,Spielberg,47.2197,14.7647,stroll,STR,18,Lance,Stroll,1998-10-29,Canadian,racing_point,Racing Point,12,7,7,6.0,71,Finished,5033136.0,10.0,67.833,229.162
2020,2,Styrian Grand Prix,2020-07-12,red_bull_ring,Red Bull Ring,Austria,Spielberg,47.2197,14.7647,ricciardo,RIC,3,Daniel,Ricciardo,1989-07-01,Australian,renault,Renault,8,8,8,4.0,71,Finished,5033274.0,9.0,67.832,229.166
2020,2,Styrian Grand Prix,2020-07-12,red_bull_ring,Red Bull Ring,Austria,Spielberg,47.2197,14.7647,sainz,SAI,55,Carlos,Sainz,1994-09-01,Spanish,mclaren,McLaren,3,9,9,3.0,70,+1 Lap,,1.0,65.619,236.894
2020,2,Styrian Grand Prix,2020-07-12,red_bull_ring,Red Bull Ring,Austria,Spielberg,47.2197,14.7647,kvyat,KVY,26,Daniil,Kvyat,1994-04-26,Russian,alphatauri,AlphaTauri,13,10,10,1.0,70,+1 Lap,,13.0,68.378,227.336
2020,2,Styrian Grand Prix,2020-07-12,red_bull_ring,Red Bull Ring,Austria,Spielberg,47.2197,14.7647,raikkonen,RAI,7,Kimi,Räikkönen,1979-10-17,Finnish,alfa,Alfa Romeo,16,11,11,0.0,70,+1 Lap,,14.0,68.382,227.322
2020,2,Styrian Grand Prix,2020-07-12,red_bull_ring,Red Bull Ring,Austria,Spielberg,47.2197,14.7647,kevin_magnussen,MAG,20,Kevin,Magnussen,1992-10-05,Danish,haas,Haas F1 Team,15,12,12,0.0,70,+1 Lap,,11.0,68.009,228.569
2020,2,Styrian Grand Prix,2020-07-12,red_bull_ring,Red Bull Ring,Austria,Spielberg,47.2197,14.7647,grosjean,GRO,8,Romain,Grosjean,1986-04-17,French,haas,Haas F1 Team,0,13,13,0.0,70,+1 Lap,,12.0,68.047,228.442
2020,2,Styrian Grand Prix,2020-07-12,red_bull_ring,Red Bull Ring,Austria,Spielberg,47.2197,14.7647,giovinazzi,GIO,99,Antonio,Giovinazzi,1993-12-14,Italian,alfa,Alfa Romeo,19,14,14,0.0,70,+1 Lap,,15.0,68.512,226.891
2020,2,Styrian Grand Prix,2020-07-12,red_bull_ring,Red Bull Ring,Austria,Spielberg,47.2197,14.7647,gasly,GAS,10,Pierre,Gasly,1996-02-07,French,alphatauri,AlphaTauri,7,15,15,0.0,70,+1 Lap,,8.0,67.827,229.183
2020,2,Styrian Grand Prix,2020-07-12,red_bull_ring,Red Bull Ring,Austria,Spielberg,47.2197,14.7647,russell,RUS,63,George,Russell,1998-02-15,British,williams,Williams,11,16,16,0.0,69,+2 Laps,,16.0,68.601,226.597
2020,2,Styrian Grand Prix,2020-07-12,red_bull_ring,Red Bull Ring,Austria,Spielberg,47.2197,14.7647,latifi,LAT,6,Nicholas,Latifi,1995-06-29,Canadian,williams,Williams,18,17,17,0.0,69,+2 Laps,,17.0,68.806,225.922
2020,2,Styrian Grand Prix,2020-07-12,red_bull_ring,Red Bull Ring,Austria,Spielberg,47.2197,14.7647,ocon,OCO,31,Esteban,Ocon,1996-09-17,French,renault,Renault,5,18,R,0.0,25,Overheating,,18.0,69.321,224.243
2020,2,Styrian Grand Prix,2020-07-12,red_bull_ring,Red Bull Ring,Austria,Spielberg,47.2197,14.7647,leclerc,LEC,16,Charles,Leclerc,1997-10-16,Monegasque,ferrari,Ferrari,14,19,R,0.0,4,Collision damage,,19.0,95.37899999999999,162.979
2020,2,Styrian Grand Prix,2020-07-12,red_bull_ring,Red Bull Ring,Austria,Spielberg,47.2197,14.7647,vettel,VET,5,Sebastian,Vettel,1987-07-03,German,ferrari,Ferrari,10,20,R,0.0,1,Collision damage,,,,
2020,3,Hungarian Grand Prix,2020-07-19,hungaroring,Hungaroring,Hungary,Budapest,47.5789,19.2486,hamilton,HAM,44,Lewis,Hamilton,1985-01-07,British,mercedes,Mercedes,1,1,1,26.0,70,Finished,5772473.0,1.0,76.627,205.823
2020,3,Hungarian Grand Prix,2020-07-19,hungaroring,Hungaroring,Hungary,Budapest,47.5789,19.2486,max_verstappen,VER,33,Max,Verstappen,1997-09-30,Dutch,red_bull,Red Bull,7,2,2,18.0,70,Finished,5781175.0,4.0,79.184,199.176
2020,3,Hungarian Grand Prix,2020-07-19,hungaroring,Hungaroring,Hungary,Budapest,47.5789,19.2486,bottas,BOT,77,Valtteri,Bottas,1989-08-28,Finnish,mercedes,Mercedes,2,3,3,15.0,70,Finished,5781925.0,2.0,77.66499999999999,203.072
2020,3,Hungarian Grand Prix,2020-07-19,hungaroring,Hungaroring,Hungary,Budapest,47.5789,19.2486,stroll,STR,18,Lance,Stroll,1998-10-29,Canadian,racing_point,Racing Point,3,4,4,12.0,70,Finished,5830052.0,3.0,78.973,199.708
2020,3,Hungarian Grand Prix,2020-07-19,hungaroring,Hungaroring,Hungary,Budapest,47.5789,19.2486,albon,ALB,23,Alexander,Albon,1996-03-23,Thai,red_bull,Red Bull,13,5,5,10.0,70,Finished,5850789.0,5.0,79.44,198.534
2020,3,Hungarian Grand Prix,2020-07-19,hungaroring,Hungaroring,Hungary,Budapest,47.5789,19.2486,vettel,VET,5,Sebastian,Vettel,1987-07-03,German,ferrari,Ferrari,5,6,6,8.0,69,+1 Lap,,14.0,80.363,196.254
2020,3,Hungarian Grand Prix,2020-07-19,hungaroring,Hungaroring,Hungary,Budapest,47.5789,19.2486,perez,PER,11,Sergio,Pérez,1990-01-26,Mexican,racing_point,Racing Point,4,7,7,6.0,69,+1 Lap,,10.0,80.09,196.923
2020,3,Hungarian Grand Prix,2020-07-19,hungaroring,Hungaroring,Hungary,Budapest,47.5789,19.2486,ricciardo,RIC,3,Daniel,Ricciardo,1989-07-01,Australian,renault,Renault,11,8,8,4.0,69,+1 Lap,,7.0,79.532,198.305
2020,3,Hungarian Grand Prix,2020-07-19,hungaroring,Hungaroring,Hungary,Budapest,47.5789,19.2486,sainz,SAI,55,Carlos,Sainz,1994-09-01,Spanish,mclaren,McLaren,9,9,9,2.0,69,+1 Lap,,15.0,80.477,195.976
2020,3,Hungarian Grand Prix,2020-07-19,hungaroring,Hungaroring,Hungary,Budapest,47.5789,19.2486,kevin_magnussen,MAG,20,Kevin,Magnussen,1992-10-05,Danish,haas,Haas F1 Team,0,10,10,1.0,69,+1 Lap,,6.0,79.457,198.492
2020,3,Hungarian Grand Prix,2020-07-19,hungaroring,Hungaroring,Hungary,Budapest,47.5789,19.2486,leclerc,LEC,16,Charles,Leclerc,1997-10-16,Monegasque,ferrari,Ferrari,6,11,11,0.0,69,+1 Lap,,16.0,80.821,195.142
2020,3,Hungarian Grand Prix,2020-07-19,hungaroring,Hungaroring,Hungary,Budapest,47.5789,19.2486,kvyat,KVY,26,Daniil,Kvyat,1994-04-26,Russian,alphatauri,AlphaTauri,17,12,12,0.0,69,+1 Lap,,18.0,80.946,194.841
2020,3,Hungarian Grand Prix,2020-07-19,hungaroring,Hungaroring,Hungary,Budapest,47.5789,19.2486,norris,NOR,4,Lando,Norris,1999-11-13,British,mclaren,McLaren,8,13,13,0.0,69,+1 Lap,,8.0,79.945,197.28
2020,3,Hungarian Grand Prix,2020-07-19,hungaroring,Hungaroring,Hungary,Budapest,47.5789,19.2486,ocon,OCO,31,Esteban,Ocon,1996-09-17,French,renault,Renault,14,14,14,0.0,69,+1 Lap,,13.0,80.261,196.503
2020,3,Hungarian Grand Prix,2020-07-19,hungaroring,Hungaroring,Hungary,Budapest,47.5789,19.2486,raikkonen,RAI,7,Kimi,Räikkönen,1979-10-17,Finnish,alfa,Alfa Romeo,20,15,15,0.0,69,+1 Lap,,17.0,80.889,194.978
2020,3,Hungarian Grand Prix,2020-07-19,hungaroring,Hungaroring,Hungary,Budapest,47.5789,19.2486,grosjean,GRO,8,Romain,Grosjean,1986-04-17,French,haas,Haas F1 Team,0,16,16,0.0,69,+1 Lap,,12.0,80.232,196.574
2020,3,Hungarian Grand Prix,2020-07-19,hungaroring,Hungaroring,Hungary,Budapest,47.5789,19.2486,giovinazzi,GIO,99,Antonio,Giovinazzi,1993-12-14,Italian,alfa,Alfa Romeo,19,17,17,0.0,69,+1 Lap,,11.0,80.096,196.908
2020,3,Hungarian Grand Prix,2020-07-19,hungaroring,Hungaroring,Hungary,Budapest,47.5789,19.2486,russell,RUS,63,George,Russell,1998-02-15,British,williams,Williams,12,18,18,0.0,69,+1 Lap,,9.0,79.98400000000001,197.184
2020,3,Hungarian Grand Prix,2020-07-19,hungaroring,Hungaroring,Hungary,Budapest,47.5789,19.2486,latifi,LAT,6,Nicholas,Latifi,1995-06-29,Canadian,williams,Williams,15,19,19,0.0,65,+5 Laps,,19.0,81.19800000000001,194.236
2020,3,Hungarian Grand Prix,2020-07-19,hungaroring,Hungaroring,Hungary,Budapest,47.5789,19.2486,gasly,GAS,10,Pierre,Gasly,1996-02-07,French,alphatauri,AlphaTauri,10,20,R,0.0,15,Engine,,20.0,83.939,187.893
2020,4,British Grand Prix,2020-08-02,silverstone,Silverstone Circuit,UK,Silverstone,52.0786,-1.01694,hamilton,HAM,44,Lewis,Hamilton,1985-01-07,British,mercedes,Mercedes,1,1,1,25.0,52,Finished,5281283.0,3.0,89.238,237.652
2020,4,British Grand Prix,2020-08-02,silverstone,Silverstone Circuit,UK,Silverstone,52.0786,-1.01694,max_verstappen,VER,33,Max,Verstappen,1997-09-30,Dutch,red_bull,Red Bull,3,2,2,19.0,52,Finished,5287139.0,1.0,87.09700000000001,243.494
2020,4,British Grand Prix,2020-08-02,silverstone,Silverstone Circuit,UK,Silverstone,52.0786,-1.01694,leclerc,LEC,16,Charles,Leclerc,1997-10-16,Monegasque,ferrari,Ferrari,4,3,3,15.0,52,Finished,5299757.0,9.0,89.813,236.13
2020,4,British Grand Prix,2020-08-02,silverstone,Silverstone Circuit,UK,Silverstone,52.0786,-1.01694,ricciardo,RIC,3,Daniel,Ricciardo,1989-07-01,Australian,renault,Renault,8,4,4,12.0,52,Finished,5300933.0,5.0,89.482,237.004
2020,4,British Grand Prix,2020-08-02,silverstone,Silverstone Circuit,UK,Silverstone,52.0786,-1.01694,norris,NOR,4,Lando,Norris,1999-11-13,British,mclaren,McLaren,5,5,5,10.0,52,Finished,5303560.0,12.0,90.05799999999999,235.488
2020,4,British Grand Prix,2020-08-02,silverstone,Silverstone Circuit,UK,Silverstone,52.0786,-1.01694,ocon,OCO,31,Esteban,Ocon,1996-09-17,French,renault,Renault,9,6,6,8.0,52,Finished,5308220.0,6.0,89.491,236.98
2020,4,British Grand Prix,2020-08-02,silverstone,Silverstone Circuit,UK,Silverstone,52.0786,-1.01694,gasly,GAS,10,Pierre,Gasly,1996-02-07,French,alphatauri,AlphaTauri,11,7,7,6.0,52,Finished,5312471.0,7.0,89.60300000000001,236.684
2020,4,British Grand Prix,2020-08-02,silverstone,Silverstone Circuit,UK,Silverstone,52.0786,-1.01694,albon,ALB,23,Alexander,Albon,1996-03-23,Thai,red_bull,Red Bull,12,8,8,4.0,52,Finished,5313953.0,2.0,88.689,239.123
2020,4,British Grand Prix,2020-08-02,silverstone,Silverstone Circuit,UK,Silverstone,52.0786,-1.01694,stroll,STR,18,Lance,Stroll,1998-10-29,Canadian,racing_point,Racing Point,6,9,9,2.0,52,Finished,5318594.0,13.0,90.475,234.402
2020,4,British Grand Prix,2020-08-02,silverstone,Silverstone Circuit,UK,Silverstone,52.0786,-1.01694,vettel,VET,5,Sebastian,Vettel,1987-07-03,German,ferrari,Ferrari,10,10,10,1.0,52,Finished,5323140.0,15.0,90.537,234.242
2020,4,British Grand Prix,2020-08-02,silverstone,Silverstone Circuit,UK,Silverstone,52.0786,-1.01694,bottas,BOT,77,Valtteri,Bottas,1989-08-28,Finnish,mercedes,Mercedes,2,11,11,0.0,52,Finished,5323450.0,4.0,89.265,237.58
2020,4,British Grand Prix,2020-08-02,silverstone,Silverstone Circuit,UK,Silverstone,52.0786,-1.01694,russell,RUS,63,George,Russell,1998-02-15,British,williams,Williams,20,12,12,0.0,52,Finished,5333287.0,16.0,90.862,233.404
2020,4,British Grand Prix,2020-08-02,silverstone,Silverstone Circuit,UK,Silverstone,52.0786,-1.01694,sainz,SAI,55,Carlos,Sainz,1994-09-01,Spanish,mclaren,McLaren,7,13,13,0.0,52,Finished,5334653.0,10.0,89.94800000000001,235.776
2020,4,British Grand Prix,2020-08-02,silverstone,Silverstone Circuit,UK,Silverstone,52.0786,-1.01694,giovinazzi,GIO,99,Antonio,Giovinazzi,1993-12-14,Italian,alfa,Alfa Romeo,15,14,14,0.0,52,Finished,5335488.0,17.0,90.977,233.109
2020,4,British Grand Prix,2020-08-02,silverstone,Silverstone Circuit,UK,Silverstone,52.0786,-1.01694,latifi,LAT,6,Nicholas,Latifi,1995-06-29,Canadian,williams,Williams,18,15,15,0.0,52,Finished,5335832.0,14.0,90.501,234.335
2020,4,British Grand Prix,2020-08-02,silverstone,Silverstone Circuit,UK,Silverstone,52.0786,-1.01694,grosjean,GRO,8,Romain,Grosjean,1986-04-17,French,haas,Haas F1 Team,17,16,16,0.0,52,Finished,5336333.0,8.0,89.782,236.212
2020,4,British Grand Prix,2020-08-02,silverstone,Silverstone Circuit,UK,Silverstone,52.0786,-1.01694,raikkonen,RAI,7,Kimi,Räikkönen,1979-10-17,Finnish,alfa,Alfa Romeo,16,17,17,0.0,51,+1 Lap,,11.0,89.973,235.71
2020,4,British Grand Prix,2020-08-02,silverstone,Silverstone Circuit,UK,Silverstone,52.0786,-1.01694,kvyat,KVY,26,Daniil,Kvyat,1994-04-26,Russian,alphatauri,AlphaTauri,19,18,R,0.0,11,Accident,,18.0,92.443,229.412
2020,4,British Grand Prix,2020-08-02,silverstone,Silverstone Circuit,UK,Silverstone,52.0786,-1.01694,kevin_magnussen,MAG,20,Kevin,Magnussen,1992-10-05,Danish,haas,Haas F1 Team,14,19,R,0.0,1,Collision,,,,
2020,4,British Grand Prix,2020-08-02,silverstone,Silverstone Circuit,UK,Silverstone,52.0786,-1.01694,hulkenberg,HUL,27,Nico,Hülkenberg,1987-08-19,German,racing_point,Racing Point,13,20,W,0.0,0,Power Unit,,,,
2020,5,70th Anniversary Grand Prix,2020-08-09,silverstone,Silverstone Circuit,UK,Silverstone,52.0786,-1.01694,max_verstappen,VER,33,Max,Verstappen,1997-09-30,Dutch,red_bull,Red Bull,4,1,1,25.0,52,Finished,4781993.0,2.0,89.465,237.049
2020,5,70th Anniversary Grand Prix,2020-08-09,silverstone,Silverstone Circuit,UK,Silverstone,52.0786,-1.01694,hamilton,HAM,44,Lewis,Hamilton,1985-01-07,British,mercedes,Mercedes,2,2,2,19.0,52,Finished,4793319.0,1.0,88.451,239.766
2020,5,70th Anniversary Grand Prix,2020-08-09,silverstone,Silverstone Circuit,UK,Silverstone,52.0786,-1.01694,bottas,BOT,77,Valtteri,Bottas,1989-08-28,Finnish,mercedes,Mercedes,1,3,3,15.0,52,Finished,4801224.0,4.0,89.765,236.256
2020,5,70th Anniversary Grand Prix,2020-08-09,silverstone,Silverstone Circuit,UK,Silverstone,52.0786,-1.01694,leclerc,LEC,16,Charles,Leclerc,1997-10-16,Monegasque,ferrari,Ferrari,8,4,4,12.0,52,Finished,4811282.0,8.0,90.55199999999999,234.203
2020,5,70th Anniversary Grand Prix,2020-08-09,silverstone,Silverstone Circuit,UK,Silverstone,52.0786,-1.01694,albon,ALB,23,Alexander,Albon,1996-03-23,Thai,red_bull,Red Bull,9,5,5,10.0,52,Finished,4821139.0,3.0,89.477,237.017
2020,5,70th Anniversary Grand Prix,2020-08-09,silverstone,Silverstone Circuit,UK,Silverstone,52.0786,-1.01694,stroll,STR,18,Lance,Stroll,1998-10-29,Canadian,racing_point,Racing Point,6,6,6,8.0,52,Finished,4824531.0,15.0,90.877,233.365
2020,5,70th Anniversary Grand Prix,2020-08-09,silverstone,Silverstone Circuit,UK,Silverstone,52.0786,-1.01694,hulkenberg,HUL,27,Nico,Hülkenberg,1987-08-19,German,racing_point,Racing Point,3,7,7,6.0,52,Finished,4837944.0,6.0,90.087,235.412
2020,5,70th Anniversary Grand Prix,2020-08-09,silverstone,Silverstone Circuit,UK,Silverstone,52.0786,-1.01694,ocon,OCO,31,Esteban,Ocon,1996-09-17,French,renault,Renault,14,8,8,4.0,52,Finished,4846766.0,10.0,90.575,234.144
2020,5,70th Anniversary Grand Prix,2020-08-09,silverstone,Silverstone Circuit,UK,Silverstone,52.0786,-1.01694,norris,NOR,4,Lando,Norris,1999-11-13,British,mclaren,McLaren,10,9,9,2.0,52,Finished,4847537.0,11.0,90.69800000000001,233.826
2020,5,70th Anniversary Grand Prix,2020-08-09,silverstone,Silverstone Circuit,UK,Silverstone,52.0786,-1.01694,kvyat,KVY,26,Daniil,Kvyat,1994-04-26,Russian,alphatauri,AlphaTauri,16,10,10,1.0,52,Finished,4851662.0,12.0,90.738,233.723
2020,5,70th Anniversary Grand Prix,2020-08-09,silverstone,Silverstone Circuit,UK,Silverstone,52.0786,-1.01694,gasly,GAS,10,Pierre,Gasly,1996-02-07,French,alphatauri,AlphaTauri,7,11,11,0.0,52,Finished,4852635.0,7.0,90.092,235.399
2020,5,70th Anniversary Grand Prix,2020-08-09,silverstone,Silverstone Circuit,UK,Silverstone,52.0786,-1.01694,vettel,VET,5,Sebastian,Vettel,1987-07-03,German,ferrari,Ferrari,11,12,12,0.0,52,Finished,4855363.0,13.0,90.785,233.602
2020,5,70th Anniversary Grand Prix,2020-08-09,silverstone,Silverstone Circuit,UK,Silverstone,52.0786,-1.01694,sainz,SAI,55,Carlos,Sainz,1994-09-01,Spanish,mclaren,McLaren,12,13,13,0.0,52,Finished,4856063.0,9.0,90.556,234.193
2020,5,70th Anniversary Grand Prix,2020-08-09,silverstone,Silverstone Circuit,UK,Silverstone,52.0786,-1.01694,ricciardo,RIC,3,Daniel,Ricciardo,1989-07-01,Australian,renault,Renault,5,14,14,0.0,51,+1 Lap,,16.0,91.168,232.621
2020,5,70th Anniversary Grand Prix,2020-08-09,silverstone,Silverstone Circuit,UK,Silverstone,52.0786,-1.01694,raikkonen,RAI,7,Kimi,Räikkönen,1979-10-17,Finnish,alfa,Alfa Romeo,20,15,15,0.0,51,+1 Lap,,18.0,91.756,231.13
2020,5,70th Anniversary Grand Prix,2020-08-09,silverstone,Silverstone Circuit,UK,Silverstone,52.0786,-1.01694,grosjean,GRO,8,Romain,Grosjean,1986-04-17,French,haas,Haas F1 Team,13,16,16,0.0,51,+1 Lap,,14.0,90.793,233.581
2020,5,70th Anniversary Grand Prix,2020-08-09,silverstone,Silverstone Circuit,UK,Silverstone,52.0786,-1.01694,giovinazzi,GIO,99,Antonio,Giovinazzi,1993-12-14,Italian,alfa,Alfa Romeo,19,17,17,0.0,51,+1 Lap,,19.0,91.826,230.954
2020,5,70th Anniversary Grand Prix,2020-08-09,silverstone,Silverstone Circuit,UK,Silverstone,52.0786,-1.01694,russell,RUS,63,George,Russell,1998-02-15,British,williams,Williams,15,18,18,0.0,51,+1 Lap,,17.0,91.408,232.01
2020,5,70th Anniversary Grand Prix,2020-08-09,silverstone,Silverstone Circuit,UK,Silverstone,52.0786,-1.01694,latifi,LAT,6,Nicholas,Latifi,1995-06-29,Canadian,williams,Williams,18,19,19,0.0,51,+1 Lap,,5.0,89.95,235.77
2020,5,70th Anniversary Grand Prix,2020-08-09,silverstone,Silverstone Circuit,UK,Silverstone,52.0786,-1.01694,kevin_magnussen,MAG,20,Kevin,Magnussen,1992-10-05,Danish,haas,Haas F1 Team,17,20,R,0.0,43,Retired,,20.0,91.83,230.944
2020,6,Spanish Grand Prix,2020-08-16,catalunya,Circuit de Barcelona-Catalunya,Spain,Barcelona,41.57,2.26111,hamilton,HAM,44,Lewis,Hamilton,1985-01-07,British,mercedes,Mercedes,1,1,1,25.0,66,Finished,5505279.0,2.0,79.822,209.942
2020,6,Spanish Grand Prix,2020-08-16,catalunya,Circuit de Barcelona-Catalunya,Spain,Barcelona,41.57,2.26111,max_verstappen,VER,33,Max,Verstappen,1997-09-30,Dutch,red_bull,Red Bull,3,2,2,18.0,66,Finished,5529456.0,4.0,81.477,205.677
2020,6,Spanish Grand Prix,2020-08-16,catalunya,Circuit de Barcelona-Catalunya,Spain,Barcelona,41.57,2.26111,bottas,BOT,77,Valtteri,Bottas,1989-08-28,Finnish,mercedes,Mercedes,2,3,3,16.0,66,Finished,5550031.0,1.0,78.18299999999999,214.343
2020,6,Spanish Grand Prix,2020-08-16,catalunya,Circuit de Barcelona-Catalunya,Spain,Barcelona,41.57,2.26111,stroll,STR,18,Lance,Stroll,1998-10-29,Canadian,racing_point,Racing Point,5,4,4,12.0,65,+1 Lap,,8.0,82.024,204.306
2020,6,Spanish Grand Prix,2020-08-16,catalunya,Circuit de Barcelona-Catalunya,Spain,Barcelona,41.57,2.26111,perez,PER,11,Sergio,Pérez,1990-01-26,Mexican,racing_point,Racing Point,4,5,5,10.0,65,+1 Lap,,16.0,82.515,203.09
2020,6,Spanish Grand Prix,2020-08-16,catalunya,Circuit de Barcelona-Catalunya,Spain,Barcelona,41.57,2.26111,sainz,SAI,55,Carlos,Sainz,1994-09-01,Spanish,mclaren,McLaren,7,6,6,8.0,65,+1 Lap,,5.0,81.771,204.938
2020,6,Spanish Grand Prix,2020-08-16,catalunya,Circuit de Barcelona-Catalunya,Spain,Barcelona,41.57,2.26111,vettel,VET,5,Sebastian,Vettel,1987-07-03,German,ferrari,Ferrari,11,7,7,6.0,65,+1 Lap,,18.0,82.707,202.618
2020,6,Spanish Grand Prix,2020-08-16,catalunya,Circuit de Barcelona-Catalunya,Spain,Barcelona,41.57,2.26111,albon,ALB,23,Alexander,Albon,1996-03-23,Thai,red_bull,Red Bull,6,8,8,4.0,65,+1 Lap,,11.0,82.194,203.883
2020,6,Spanish Grand Prix,2020-08-16,catalunya,Circuit de Barcelona-Catalunya,Spain,Barcelona,41.57,2.26111,gasly,GAS,10,Pierre,Gasly,1996-02-07,French,alphatauri,AlphaTauri,10,9,9,2.0,65,+1 Lap,,17.0,82.543,203.021
2020,6,Spanish Grand Prix,2020-08-16,catalunya,Circuit de Barcelona-Catalunya,Spain,Barcelona,41.57,2.26111,norris,NOR,4,Lando,Norris,1999-11-13,British,mclaren,McLaren,8,10,10,1.0,65,+1 Lap,,13.0,82.392,203.393
2020,6,Spanish Grand Prix,2020-08-16,catalunya,Circuit de Barcelona-Catalunya,Spain,Barcelona,41.57,2.26111,ricciardo,RIC,3,Daniel,Ricciardo,1989-07-01,Australian,renault,Renault,13,11,11,0.0,65,+1 Lap,,14.0,82.464,203.215
2020,6,Spanish Grand Prix,2020-08-16,catalunya,Circuit de Barcelona-Catalunya,Spain,Barcelona,41.57,2.26111,kvyat,KVY,26,Daniil,Kvyat,1994-04-26,Russian,alphatauri,AlphaTauri,12,12,12,0.0,65,+1 Lap,,12.0,82.336,203.531
2020,6,Spanish Grand Prix,2020-08-16,catalunya,Circuit de Barcelona-Catalunya,Spain,Barcelona,41.57,2.26111,ocon,OCO,31,Esteban,Ocon,1996-09-17,French,renault,Renault,15,13,13,0.0,65,+1 Lap,,10.0,82.174,203.933
2020,6,Spanish Grand Prix,2020-08-16,catalunya,Circuit de Barcelona-Catalunya,Spain,Barcelona,41.57,2.26111,raikkonen,RAI,7,Kimi,Räikkönen,1979-10-17,Finnish,alfa,Alfa Romeo,14,14,14,0.0,65,+1 Lap,,7.0,81.888,204.645
2020,6,Spanish Grand Prix,2020-08-16,catalunya,Circuit de Barcelona-Catalunya,Spain,Barcelona,41.57,2.26111,kevin_magnussen,MAG,20,Kevin,Magnussen,1992-10-05,Danish,haas,Haas F1 Team,16,15,15,0.0,65,+1 Lap,,19.0,83.474,200.757
2020,6,Spanish Grand Prix,2020-08-16,catalunya,Circuit de Barcelona-Catalunya,Spain,Barcelona,41.57,2.26111,giovinazzi,GIO,99,Antonio,Giovinazzi,1993-12-14,Italian,alfa,Alfa Romeo,20,16,16,0.0,65,+1 Lap,,6.0,81.801,204.863
2020,6,Spanish Grand Prix,2020-08-16,catalunya,Circuit de Barcelona-Catalunya,Spain,Barcelona,41.57,2.26111,russell,RUS,63,George,Russell,1998-02-15,British,williams,Williams,18,17,17,0.0,65,+1 Lap,,15.0,82.503,203.119
2020,6,Spanish Grand Prix,2020-08-16,catalunya,Circuit de Barcelona-Catalunya,Spain,Barcelona,41.57,2.26111,latifi,LAT,6,Nicholas,Latifi,1995-06-29,Canadian,williams,Williams,19,18,18,0.0,64,+2 Laps,,9.0,82.03,204.291
2020,6,Spanish Grand Prix,2020-08-16,catalunya,Circuit de Barcelona-Catalunya,Spain,Barcelona,41.57,2.26111,grosjean,GRO,8,Romain,Grosjean,1986-04-17,French,haas,Haas F1 Team,17,19,19,0.0,64,+2 Laps,,3.0,80.40899999999999,208.409
2020,6,Spanish Grand Prix,2020-08-16,catalunya,Circuit de Barcelona-Catalunya,Spain,Barcelona,41.57,2.26111,leclerc,LEC,16,Charles,Leclerc,1997-10-16,Monegasque,ferrari,Ferrari,9,20,R,0.0,38,Electronics,,20.0,83.968,199.576
2020,7,Belgian Grand Prix,2020-08-30,spa,Circuit de Spa-Francorchamps,Belgium,Spa,50.4372,5.97139,hamilton,HAM,44,Lewis,Hamilton,1985-01-07,British,mercedes,Mercedes,1,1,1,25.0,44,Finished,5048761.0,2.0,107.75800000000001,233.99
2020,7,Belgian Grand Prix,2020-08-30,spa,Circuit de Spa-Francorchamps,Belgium,Spa,50.4372,5.97139,bottas,BOT,77,Valtteri,Bottas,1989-08-28,Finnish,mercedes,Mercedes,2,2,2,18.0,44,Finished,5057209.0,5.0,107.983,233.503
2020,7,Belgian Grand Prix,2020-08-30,spa,Circuit de Spa-Francorchamps,Belgium,Spa,50.4372,5.97139,max_verstappen,VER,33,Max,Verstappen,1997-09-30,Dutch,red_bull,Red Bull,3,3,3,15.0,44,Finished,5064216.0,8.0,108.305,232.809
2020,7,Belgian Grand Prix,2020-08-30,spa,Circuit de Spa-Francorchamps,Belgium,Spa,50.4372,5.97139,ricciardo,RIC,3,Daniel,Ricciardo,1989-07-01,Australian,renault,Renault,4,4,4,13.0,44,Finished,5067638.0,1.0,107.483,234.589
2020,7,Belgian Grand Prix,2020-08-30,spa,Circuit de Spa-Francorchamps,Belgium,Spa,50.4372,5.97139,ocon,OCO,31,Esteban,Ocon,1996-09-17,French,renault,Renault,6,5,5,10.0,44,Finished,5089411.0,10.0,108.53999999999999,232.305
2020,7,Belgian Grand Prix,2020-08-30,spa,Circuit de Spa-Francorchamps,Belgium,Spa,50.4372,5.97139,albon,ALB,23,Alexander,Albon,1996-03-23,Thai,red_bull,Red Bull,5,6,6,8.0,44,Finished,5091473.0,12.0,108.73599999999999,231.886
2020,7,Belgian Grand Prix,2020-08-30,spa,Circuit de Spa-Francorchamps,Belgium,Spa,50.4372,5.97139,norris,NOR,4,Lando,Norris,1999-11-13,British,mclaren,McLaren,10,7,7,6.0,44,Finished,5092535.0,11.0,108.55199999999999,232.279
2020,7,Belgian Grand Prix,2020-08-30,spa,Circuit de Spa-Francorchamps,Belgium,Spa,50.4372,5.97139,gasly,GAS,10,Pierre,Gasly,1996-02-07,French,alphatauri,AlphaTauri,12,8,8,4.0,44,Finished,5096132.0,3.0,107.839,233.815
2020,7,Belgian Grand Prix,2020-08-30,spa,Circuit de Spa-Francorchamps,Belgium,Spa,50.4372,5.97139,stroll,STR,18,Lance,Stroll,1998-10-29,Canadian,racing_point,Racing Point,9,9,9,2.0,44,Finished,5101364.0,13.0,109.136,231.036
2020,7,Belgian Grand Prix,2020-08-30,spa,Circuit de Spa-Francorchamps,Belgium,Spa,50.4372,5.97139,perez,PER,11,Sergio,Pérez,1990-01-26,Mexican,racing_point,Racing Point,8,10,10,1.0,44,Finished,5101940.0,9.0,108.38900000000001,232.628
2020,7,Belgian Grand Prix,2020-08-30,spa,Circuit de Spa-Francorchamps,Belgium,Spa,50.4372,5.97139,kvyat,KVY,26,Daniil,Kvyat,1994-04-26,Russian,alphatauri,AlphaTauri,11,11,11,0.0,44,Finished,5118961.0,15.0,109.832,229.572
2020,7,Belgian Grand Prix,2020-08-30,spa,Circuit de Spa-Francorchamps,Belgium,Spa,50.4372,5.97139,raikkonen,RAI,7,Kimi,Räikkönen,1979-10-17,Finnish,alfa,Alfa Romeo,16,12,12,0.0,44,Finished,5120265.0,14.0,109.822,229.593
2020,7,Belgian Grand Prix,2020-08-30,spa,Circuit de Spa-Francorchamps,Belgium,Spa,50.4372,5.97139,vettel,VET,5,Sebastian,Vettel,1987-07-03,German,ferrari,Ferrari,14,13,13,0.0,44,Finished,5121655.0,16.0,109.958,229.309
2020,7,Belgian Grand Prix,2020-08-30,spa,Circuit de Spa-Francorchamps,Belgium,Spa,50.4372,5.97139,leclerc,LEC,16,Charles,Leclerc,1997-10-16,Monegasque,ferrari,Ferrari,13,14,14,0.0,44,Finished,5123681.0,4.0,107.84,233.813
2020,7,Belgian Grand Prix,2020-08-30,spa,Circuit de Spa-Francorchamps,Belgium,Spa,50.4372,5.97139,grosjean,GRO,8,Romain,Grosjean,1986-04-17,French,haas,Haas F1 Team,17,15,15,0.0,44,Finished,5125554.0,17.0,110.018,229.184
2020,7,Belgian Grand Prix,2020-08-30,spa,Circuit de Spa-Francorchamps,Belgium,Spa,50.4372,5.97139,latifi,LAT,6,Nicholas,Latifi,1995-06-29,Canadian,williams,Williams,19,16,16,0.0,44,Finished,5126556.0,6.0,108.048,233.362
2020,7,Belgian Grand Prix,2020-08-30,spa,Circuit de Spa-Francorchamps,Belgium,Spa,50.4372,5.97139,kevin_magnussen,MAG,20,Kevin,Magnussen,1992-10-05,Danish,haas,Haas F1 Team,20,17,17,0.0,44,Finished,5134301.0,7.0,108.083,233.287
2020,7,Belgian Grand Prix,2020-08-30,spa,Circuit de Spa-Francorchamps,Belgium,Spa,50.4372,5.97139,giovinazzi,GIO,99,Antonio,Giovinazzi,1993-12-14,Italian,alfa,Alfa Romeo,18,18,R,0.0,9,Accident,,19.0,111.793,225.545
2020,7,Belgian Grand Prix,2020-08-30,spa,Circuit de Spa-Francorchamps,Belgium,Spa,50.4372,5.97139,russell,RUS,63,George,Russell,1998-02-15,British,williams,Williams,15,19,R,0.0,9,Debris,,18.0,111.75399999999999,225.624
2020,7,Belgian Grand Prix,2020-08-30,spa,Circuit de Spa-Francorchamps,Belgium,Spa,50.4372,5.97139,sainz,SAI,55,Carlos,Sainz,1994-09-01,Spanish,mclaren,McLaren,7,20,W,0.0,0,Exhaust,,,,
2020,8,Italian Grand Prix,2020-09-06,monza,Autodromo Nazionale di Monza,Italy,Monza,45.6156,9.28111,gasly,GAS,10,Pierre,Gasly,1996-02-07,French,alphatauri,AlphaTauri,10,1,1,25.0,53,Finished,6426056.0,6.0,84.037,248.162
2020,8,Italian Grand Prix,2020-09-06,monza,Autodromo Nazionale di Monza,Italy,Monza,45.6156,9.28111,sainz,SAI,55,Carlos,Sainz,1994-09-01,Spanish,mclaren,McLaren,3,2,2,18.0,53,Finished,6426471.0,2.0,83.882,248.62
2020,8,Italian Grand Prix,2020-09-06,monza,Autodromo Nazionale di Monza,Italy,Monza,45.6156,9.28111,stroll,STR,18,Lance,Stroll,1998-10-29,Canadian,racing_point,Racing Point,8,3,3,15.0,53,Finished,6429414.0,3.0,83.89699999999999,248.576
2020,8,Italian Grand Prix,2020-09-06,monza,Autodromo Nazionale di Monza,Italy,Monza,45.6156,9.28111,norris,NOR,4,Lando,Norris,1999-11-13,British,mclaren,McLaren,6,4,4,12.0,53,Finished,6432056.0,7.0,84.232,247.587
2020,8,Italian Grand Prix,2020-09-06,monza,Autodromo Nazionale di Monza,Italy,Monza,45.6156,9.28111,bottas,BOT,77,Valtteri,Bottas,1989-08-28,Finnish,mercedes,Mercedes,2,5,5,10.0,53,Finished,6433164.0,5.0,83.961,248.386
2020,8,Italian Grand Prix,2020-09-06,monza,Autodromo Nazionale di Monza,Italy,Monza,45.6156,9.28111,ricciardo,RIC,3,Daniel,Ricciardo,1989-07-01,Australian,renault,Renault,7,6,6,8.0,53,Finished,6434447.0,4.0,83.898,248.573
2020,8,Italian Grand Prix,2020-09-06,monza,Autodromo Nazionale di Monza,Italy,Monza,45.6156,9.28111,hamilton,HAM,44,Lewis,Hamilton,1985-01-07,British,mercedes,Mercedes,1,7,7,7.0,53,Finished,6443301.0,1.0,82.746,252.033
2020,8,Italian Grand Prix,2020-09-06,monza,Autodromo Nazionale di Monza,Italy,Monza,45.6156,9.28111,ocon,OCO,31,Esteban,Ocon,1996-09-17,French,renault,Renault,12,8,8,4.0,53,Finished,6444747.0,11.0,84.49,246.831
2020,8,Italian Grand Prix,2020-09-06,monza,Autodromo Nazionale di Monza,Italy,Monza,45.6156,9.28111,kvyat,KVY,26,Daniil,Kvyat,1994-04-26,Russian,alphatauri,AlphaTauri,11,9,9,2.0,53,Finished,6448264.0,10.0,84.479,246.863
2020,8,Italian Grand Prix,2020-09-06,monza,Autodromo Nazionale di Monza,Italy,Monza,45.6156,9.28111,perez,PER,11,Sergio,Pérez,1990-01-26,Mexican,racing_point,Racing Point,4,10,10,1.0,53,Finished,6449280.0,8.0,84.336,247.282
2020,8,Italian Grand Prix,2020-09-06,monza,Autodromo Nazionale di Monza,Italy,Monza,45.6156,9.28111,latifi,LAT,6,Nicholas,Latifi,1995-06-29,Canadian,williams,Williams,20,11,11,0.0,53,Finished,6458932.0,16.0,84.999,245.353
2020,8,Italian Grand Prix,2020-09-06,monza,Autodromo Nazionale di Monza,Italy,Monza,45.6156,9.28111,grosjean,GRO,8,Romain,Grosjean,1986-04-17,French,haas,Haas F1 Team,16,12,12,0.0,53,Finished,6461220.0,12.0,84.785,245.972
2020,8,Italian Grand Prix,2020-09-06,monza,Autodromo Nazionale di Monza,Italy,Monza,45.6156,9.28111,raikkonen,RAI,7,Kimi,Räikkönen,1979-10-17,Finnish,alfa,Alfa Romeo,14,13,13,0.0,53,Finished,6462368.0,13.0,84.83500000000001,245.827
2020,8,Italian Grand Prix,2020-09-06,monza,Autodromo Nazionale di Monza,Italy,Monza,45.6156,9.28111,russell,RUS,63,George,Russell,1998-02-15,British,williams,Williams,19,14,14,0.0,53,Finished,6462649.0,9.0,84.42099999999999,247.033
2020,8,Italian Grand Prix,2020-09-06,monza,Autodromo Nazionale di Monza,Italy,Monza,45.6156,9.28111,albon,ALB,23,Alexander,Albon,1996-03-23,Thai,red_bull,Red Bull,9,15,15,0.0,53,Finished,6463589.0,15.0,84.926,245.564
2020,8,Italian Grand Prix,2020-09-06,monza,Autodromo Nazionale di Monza,Italy,Monza,45.6156,9.28111,giovinazzi,GIO,99,Antonio,Giovinazzi,1993-12-14,Italian,alfa,Alfa Romeo,18,16,16,0.0,53,Finished,6481255.0,14.0,84.856,245.766
2020,8,Italian Grand Prix,2020-09-06,monza,Autodromo Nazionale di Monza,Italy,Monza,45.6156,9.28111,max_verstappen,VER,33,Max,Verstappen,1997-09-30,Dutch,red_bull,Red Bull,5,17,R,0.0,30,Power Unit,,17.0,85.539,243.804
2020,8,Italian Grand Prix,2020-09-06,monza,Autodromo Nazionale di Monza,Italy,Monza,45.6156,9.28111,leclerc,LEC,16,Charles,Leclerc,1997-10-16,Monegasque,ferrari,Ferrari,13,18,R,0.0,23,Accident,,19.0,86.026,242.424
2020,8,Italian Grand Prix,2020-09-06,monza,Autodromo Nazionale di Monza,Italy,Monza,45.6156,9.28111,kevin_magnussen,MAG,20,Kevin,Magnussen,1992-10-05,Danish,haas,Haas F1 Team,15,19,R,0.0,17,Power Unit,,18.0,85.787,243.099
2020,8,Italian Grand Prix,2020-09-06,monza,Autodromo Nazionale di Monza,Italy,Monza,45.6156,9.28111,vettel,VET,5,Sebastian,Vettel,1987-07-03,German,ferrari,Ferrari,17,20,R,0.0,6,Brakes,,20.0,87.107,239.415
2020,9,Tuscan Grand Prix,2020-09-13,mugello,Autodromo Internazionale del Mugello,Italy,Mugello,43.9975,11.3719,hamilton,HAM,44,Lewis,Hamilton,1985-01-07,British,mercedes,Mercedes,1,1,1,26.0,59,Finished,8375059.0,1.0,78.833,239.518
2020,9,Tuscan Grand Prix,2020-09-13,mugello,Autodromo Internazionale del Mugello,Italy,Mugello,43.9975,11.3719,bottas,BOT,77,Valtteri,Bottas,1989-08-28,Finnish,mercedes,Mercedes,2,2,2,18.0,59,Finished,8379940.0,2.0,79.432,237.712
2020,9,Tuscan Grand Prix,2020-09-13,mugello,Autodromo Internazionale del Mugello,Italy,Mugello,43.9975,11.3719,albon,ALB,23,Alexander,Albon,1996-03-23,Thai,red_bull,Red Bull,4,3,3,15.0,59,Finished,8383124.0,3.0,80.039,235.909
2020,9,Tuscan Grand Prix,2020-09-13,mugello,Autodromo Internazionale del Mugello,Italy,Mugello,43.9975,11.3719,ricciardo,RIC,3,Daniel,Ricciardo,1989-07-01,Australian,renault,Renault,8,4,4,12.0,59,Finished,8385477.0,4.0,80.426,234.774
2020,9,Tuscan Grand Prix,2020-09-13,mugello,Autodromo Internazionale del Mugello,Italy,Mugello,43.9975,11.3719,perez,PER,11,Sergio,Pérez,1990-01-26,Mexican,racing_point,Racing Point,7,5,5,10.0,59,Finished,8390710.0,5.0,80.632,234.175
2020,9,Tuscan Grand Prix,2020-09-13,mugello,Autodromo Internazionale del Mugello,Italy,Mugello,43.9975,11.3719,norris,NOR,4,Lando,Norris,1999-11-13,British,mclaren,McLaren,11,6,6,8.0,59,Finished,8393943.0,7.0,81.19800000000001,232.542
2020,9,Tuscan Grand Prix,2020-09-13,mugello,Autodromo Internazionale del Mugello,Italy,Mugello,43.9975,11.3719,kvyat,KVY,26,Daniil,Kvyat,1994-04-26,Russian,alphatauri,AlphaTauri,12,7,7,6.0,59,Finished,8396816.0,10.0,81.458,231.8
2020,9,Tuscan Grand Prix,2020-09-13,mugello,Autodromo Internazionale del Mugello,Italy,Mugello,43.9975,11.3719,leclerc,LEC,16,Charles,Leclerc,1997-10-16,Monegasque,ferrari,Ferrari,5,8,8,4.0,59,Finished,8403405.0,9.0,81.229,232.453
2020,9,Tuscan Grand Prix,2020-09-13,mugello,Autodromo Internazionale del Mugello,Italy,Mugello,43.9975,11.3719,raikkonen,RAI,7,Kimi,Räikkönen,1979-10-17,Finnish,alfa,Alfa Romeo,13,9,9,2.0,59,Finished,8404830.0,6.0,81.164,232.64
2020,9,Tuscan Grand Prix,2020-09-13,mugello,Autodromo Internazionale del Mugello,Italy,Mugello,43.9975,11.3719,vettel,VET,5,Sebastian,Vettel,1987-07-03,German,ferrari,Ferrari,14,10,10,1.0,59,Finished,8405043.0,8.0,81.202,232.531
2020,9,Tuscan Grand Prix,2020-09-13,mugello,Autodromo Internazionale del Mugello,Italy,Mugello,43.9975,11.3719,russell,RUS,63,George,Russell,1998-02-15,British,williams,Williams,18,11,11,0.0,59,Finished,8407464.0,11.0,81.645,231.269
2020,9,Tuscan Grand Prix,2020-09-13,mugello,Autodromo Internazionale del Mugello,Italy,Mugello,43.9975,11.3719,grosjean,GRO,8,Romain,Grosjean,1986-04-17,French,haas,Haas F1 Team,15,12,12,0.0,59,Finished,8417096.0,13.0,82.263,229.532
2020,9,Tuscan Grand Prix,2020-09-13,mugello,Autodromo Internazionale del Mugello,Italy,Mugello,43.9975,11.3719,stroll,STR,18,Lance,Stroll,1998-10-29,Canadian,racing_point,Racing Point,6,13,R,0.0,42,Puncture,,12.0,82.068,230.077
2020,9,Tuscan Grand Prix,2020-09-13,mugello,Autodromo Internazionale del Mugello,Italy,Mugello,43.9975,11.3719,ocon,OCO,31,Esteban,Ocon,1996-09-17,French,renault,Renault,10,14,R,0.0,7,Brakes,,15.0,131.793,143.27
2020,9,Tuscan Grand Prix,2020-09-13,mugello,Autodromo Internazionale del Mugello,Italy,Mugello,43.9975,11.3719,latifi,LAT,6,Nicholas,Latifi,1995-06-29,Canadian,williams,Williams,19,15,R,0.0,6,Collision,,14.0,131.365,143.736
2020,9,Tuscan Grand Prix,2020-09-13,mugello,Autodromo Internazionale del Mugello,Italy,Mugello,43.9975,11.3719,kevin_magnussen,MAG,20,Kevin,Magnussen,1992-10-05,Danish,haas,Haas F1 Team,20,16,R,0.0,5,Collision,,17.0,133.812,141.108
2020,9,Tuscan Grand Prix,2020-09-13,mugello,Autodromo Internazionale del Mugello,Italy,Mugello,43.9975,11.3719,giovinazzi,GIO,99,Antonio,Giovinazzi,1993-12-14,Italian,alfa,Alfa Romeo,17,17,R,0.0,5,Collision,,16.0,133.809,141.111
2020,9,Tuscan Grand Prix,2020-09-13,mugello,Autodromo Internazionale del Mugello,Italy,Mugello,43.9975,11.3719,sainz,SAI,55,Carlos,Sainz,1994-09-01,Spanish,mclaren,McLaren,9,18,R,0.0,5,Collision,,18.0,134.103,140.802
2020,9,Tuscan Grand Prix,2020-09-13,mugello,Autodromo Internazionale del Mugello,Italy,Mugello,43.9975,11.3719,max_verstappen,VER,33,Max,Verstappen,1997-09-30,Dutch,red_bull,Red Bull,3,19,R,0.0,0,Collision,,,,
2020,9,Tuscan Grand Prix,2020-09-13,mugello,Autodromo Internazionale del Mugello,Italy,Mugello,43.9975,11.3719,gasly,GAS,10,Pierre,Gasly,1996-02-07,French,alphatauri,AlphaTauri,16,20,R,0.0,0,Collision,,,,
2020,10,Russian Grand Prix,2020-09-27,sochi,Sochi Autodrom,Russia,Sochi,43.4057,39.9578,bottas,BOT,77,Valtteri,Bottas,1989-08-28,Finnish,mercedes,Mercedes,3,1,1,26.0,53,Finished,5640364.0,1.0,97.03,216.972
2020,10,Russian Grand Prix,2020-09-27,sochi,Sochi Autodrom,Russia,Sochi,43.4057,39.9578,max_verstappen,VER,33,Max,Verstappen,1997-09-30,Dutch,red_bull,Red Bull,2,2,2,18.0,53,Finished,5648093.0,3.0,97.332,216.298
2020,10,Russian Grand Prix,2020-09-27,sochi,Sochi Autodrom,Russia,Sochi,43.4057,39.9578,hamilton,HAM,44,Lewis,Hamilton,1985-01-07,British,mercedes,Mercedes,1,3,3,15.0,53,Finished,5663093.0,7.0,98.075,214.66
2020,10,Russian Grand Prix,2020-09-27,sochi,Sochi Autodrom,Russia,Sochi,43.4057,39.9578,perez,PER,11,Sergio,Pérez,1990-01-26,Mexican,racing_point,Racing Point,4,4,4,12.0,53,Finished,5670922.0,8.0,98.14099999999999,214.515
2020,10,Russian Grand Prix,2020-09-27,sochi,Sochi Autodrom,Russia,Sochi,43.4057,39.9578,ricciardo,RIC,3,Daniel,Ricciardo,1989-07-01,Australian,renault,Renault,5,5,5,10.0,53,Finished,5692429.0,6.0,97.886,215.074
2020,10,Russian Grand Prix,2020-09-27,sochi,Sochi Autodrom,Russia,Sochi,43.4057,39.9578,leclerc,LEC,16,Charles,Leclerc,1997-10-16,Monegasque,ferrari,Ferrari,10,6,6,8.0,53,Finished,5702550.0,11.0,99.053,212.54
2020,10,Russian Grand Prix,2020-09-27,sochi,Sochi Autodrom,Russia,Sochi,43.4057,39.9578,ocon,OCO,31,Esteban,Ocon,1996-09-17,French,renault,Renault,7,7,7,6.0,53,Finished,5708370.0,13.0,99.21600000000001,212.191
2020,10,Russian Grand Prix,2020-09-27,sochi,Sochi Autodrom,Russia,Sochi,43.4057,39.9578,kvyat,KVY,26,Daniil,Kvyat,1994-04-26,Russian,alphatauri,AlphaTauri,11,8,8,4.0,53,Finished,5709104.0,12.0,99.13300000000001,212.369
2020,10,Russian Grand Prix,2020-09-27,sochi,Sochi Autodrom,Russia,Sochi,43.4057,39.9578,gasly,GAS,10,Pierre,Gasly,1996-02-07,French,alphatauri,AlphaTauri,9,9,9,2.0,53,Finished,5730130.0,2.0,97.231,216.523
2020,10,Russian Grand Prix,2020-09-27,sochi,Sochi Autodrom,Russia,Sochi,43.4057,39.9578,albon,ALB,23,Alexander,Albon,1996-03-23,Thai,red_bull,Red Bull,15,10,10,1.0,53,Finished,5738224.0,9.0,98.37700000000001,214.001
2020,10,Russian Grand Prix,2020-09-27,sochi,Sochi Autodrom,Russia,Sochi,43.4057,39.9578,giovinazzi,GIO,99,Antonio,Giovinazzi,1993-12-14,Italian,alfa,Alfa Romeo,17,11,11,0.0,52,+1 Lap,,16.0,99.76599999999999,211.021
2020,10,Russian Grand Prix,2020-09-27,sochi,Sochi Autodrom,Russia,Sochi,43.4057,39.9578,kevin_magnussen,MAG,20,Kevin,Magnussen,1992-10-05,Danish,haas,Haas F1 Team,18,12,12,0.0,52,+1 Lap,,17.0,100.38,209.731
2020,10,Russian Grand Prix,2020-09-27,sochi,Sochi Autodrom,Russia,Sochi,43.4057,39.9578,vettel,VET,5,Sebastian,Vettel,1987-07-03,German,ferrari,Ferrari,14,13,13,0.0,52,+1 Lap,,14.0,99.588,211.398
2020,10,Russian Grand Prix,2020-09-27,sochi,Sochi Autodrom,Russia,Sochi,43.4057,39.9578,raikkonen,RAI,7,Kimi,Räikkönen,1979-10-17,Finnish,alfa,Alfa Romeo,19,14,14,0.0,52,+1 Lap,,10.0,98.858,212.96
2020,10,Russian Grand Prix,2020-09-27,sochi,Sochi Autodrom,Russia,Sochi,43.4057,39.9578,norris,NOR,4,Lando,Norris,1999-11-13,British,mclaren,McLaren,8,15,15,0.0,52,+1 Lap,,5.0,97.37700000000001,216.198
2020,10,Russian Grand Prix,2020-09-27,sochi,Sochi Autodrom,Russia,Sochi,43.4057,39.9578,latifi,LAT,6,Nicholas,Latifi,1995-06-29,Canadian,williams,Williams,20,16,16,0.0,52,+1 Lap,,18.0,101.044,208.352
2020,10,Russian Grand Prix,2020-09-27,sochi,Sochi Autodrom,Russia,Sochi,43.4057,39.9578,grosjean,GRO,8,Romain,Grosjean,1986-04-17,French,haas,Haas F1 Team,16,17,17,0.0,52,+1 Lap,,15.0,99.614,211.343
2020,10,Russian Grand Prix,2020-09-27,sochi,Sochi Autodrom,Russia,Sochi,43.4057,39.9578,russell,RUS,63,George,Russell,1998-02-15,British,williams,Williams,13,18,18,0.0,52,+1 Lap,,4.0,97.352,216.254
2020,10,Russian Grand Prix,2020-09-27,sochi,Sochi Autodrom,Russia,Sochi,43.4057,39.9578,sainz,SAI,55,Carlos,Sainz,1994-09-01,Spanish,mclaren,McLaren,6,19,R,0.0,0,Accident,,,,
2020,10,Russian Grand Prix,2020-09-27,sochi,Sochi Autodrom,Russia,Sochi,43.4057,39.9578,stroll,STR,18,Lance,Stroll,1998-10-29,Canadian,racing_point,Racing Point,12,20,R,0.0,0,Collision,,,,
2020,11,Eifel Grand Prix,2020-10-11,nurburgring,Nürburgring,Germany,Nürburg,50.3356,6.9475,hamilton,HAM,44,Lewis,Hamilton,1985-01-07,British,mercedes,Mercedes,2,1,1,25.0,60,Finished,5749641.0,2.0,88.145,210.253
2020,11,Eifel Grand Prix,2020-10-11,nurburgring,Nürburgring,Germany,Nürburg,50.3356,6.9475,max_verstappen,VER,33,Max,Verstappen,1997-09-30,Dutch,red_bull,Red Bull,3,2,2,19.0,60,Finished,5754111.0,1.0,88.139,210.267
2020,11,Eifel Grand Prix,2020-10-11,nurburgring,Nürburgring,Germany,Nürburg,50.3356,6.9475,ricciardo,RIC,3,Daniel,Ricciardo,1989-07-01,Australian,renault,Renault,6,3,3,15.0,60,Finished,5764254.0,3.0,89.584,206.876
2020,11,Eifel Grand Prix,2020-10-11,nurburgring,Nürburgring,Germany,Nürburg,50.3356,6.9475,perez,PER,11,Sergio,Pérez,1990-01-26,Mexican,racing_point,Racing Point,9,4,4,12.0,60,Finished,5765711.0,4.0,89.7,206.608
2020,11,Eifel Grand Prix,2020-10-11,nurburgring,Nürburgring,Germany,Nürburg,50.3356,6.9475,sainz,SAI,55,Carlos,Sainz,1994-09-01,Spanish,mclaren,McLaren,10,5,5,10.0,60,Finished,5771546.0,6.0,90.129,205.625
2020,11,Eifel Grand Prix,2020-10-11,nurburgring,Nürburgring,Germany,Nürburg,50.3356,6.9475,gasly,GAS,10,Pierre,Gasly,1996-02-07,French,alphatauri,AlphaTauri,12,6,6,8.0,60,Finished,5772407.0,5.0,90.11,205.668
2020,11,Eifel Grand Prix,2020-10-11,nurburgring,Nürburgring,Germany,Nürburg,50.3356,6.9475,leclerc,LEC,16,Charles,Leclerc,1997-10-16,Monegasque,ferrari,Ferrari,4,7,7,6.0,60,Finished,5780455.0,10.0,90.712,204.303
2020,11,Eifel Grand Prix,2020-10-11,nurburgring,Nürburgring,Germany,Nürburg,50.3356,6.9475,hulkenberg,HUL,27,Nico,Hülkenberg,1987-08-19,German,racing_point,Racing Point,20,8,8,4.0,60,Finished,5782237.0,11.0,90.733,204.256
2020,11,Eifel Grand Prix,2020-10-11,nurburgring,Nürburgring,Germany,Nürburg,50.3356,6.9475,grosjean,GRO,8,Romain,Grosjean,1986-04-17,French,haas,Haas F1 Team,16,9,9,2.0,60,Finished,5788722.0,14.0,91.562,202.407
2020,11,Eifel Grand Prix,2020-10-11,nurburgring,Nürburgring,Germany,Nürburg,50.3356,6.9475,giovinazzi,GIO,99,Antonio,Giovinazzi,1993-12-14,Italian,alfa,Alfa Romeo,14,10,10,1.0,60,Finished,5789676.0,12.0,90.90899999999999,203.861
2020,11,Eifel Grand Prix,2020-10-11,nurburgring,Nürburgring,Germany,Nürburg,50.3356,6.9475,vettel,VET,5,Sebastian,Vettel,1987-07-03,German,ferrari,Ferrari,11,11,11,0.0,60,Finished,5790451.0,7.0,90.408,204.99
2020,11,Eifel Grand Prix,2020-10-11,nurburgring,Nürburgring,Germany,Nürburg,50.3356,6.9475,raikkonen,RAI,7,Kimi,Räikkönen,1979-10-17,Finnish,alfa,Alfa Romeo,19,12,12,0.0,60,Finished,5791117.0,9.0,90.512,204.755
2020,11,Eifel Grand Prix,2020-10-11,nurburgring,Nürburgring,Germany,Nürburg,50.3356,6.9475,kevin_magnussen,MAG,20,Kevin,Magnussen,1992-10-05,Danish,haas,Haas F1 Team,15,13,13,0.0,60,Finished,5799226.0,8.0,90.456,204.881
2020,11,Eifel Grand Prix,2020-10-11,nurburgring,Nürburgring,Germany,Nürburg,50.3356,6.9475,latifi,LAT,6,Nicholas,Latifi,1995-06-29,Canadian,williams,Williams,18,14,14,0.0,60,Finished,5804090.0,13.0,91.377,202.816
2020,11,Eifel Grand Prix,2020-10-11,nurburgring,Nürburgring,Germany,Nürburg,50.3356,6.9475,kvyat,KVY,26,Daniil,Kvyat,1994-04-26,Russian,alphatauri,AlphaTauri,13,15,15,0.0,60,Finished,5805229.0,16.0,92.214,200.975
2020,11,Eifel Grand Prix,2020-10-11,nurburgring,Nürburgring,Germany,Nürburg,50.3356,6.9475,norris,NOR,4,Lando,Norris,1999-11-13,British,mclaren,McLaren,8,16,R,0.0,42,Power Unit,,17.0,92.328,200.727
2020,11,Eifel Grand Prix,2020-10-11,nurburgring,Nürburgring,Germany,Nürburg,50.3356,6.9475,albon,ALB,23,Alexander,Albon,1996-03-23,Thai,red_bull,Red Bull,5,17,R,0.0,23,Radiator,,18.0,92.33,200.723
2020,11,Eifel Grand Prix,2020-10-11,nurburgring,Nürburgring,Germany,Nürburg,50.3356,6.9475,ocon,OCO,31,Esteban,Ocon,1996-09-17,French,renault,Renault,7,18,R,0.0,22,Gearbox,,19.0,93.189,198.873
2020,11,Eifel Grand Prix,2020-10-11,nurburgring,Nürburgring,Germany,Nürburg,50.3356,6.9475,bottas,BOT,77,Valtteri,Bottas,1989-08-28,Finnish,mercedes,Mercedes,1,19,R,0.0,18,Power Unit,,15.0,91.884,201.697
2020,11,Eifel Grand Prix,2020-10-11,nurburgring,Nürburgring,Germany,Nürburg,50.3356,6.9475,russell,RUS,63,George,Russell,1998-02-15,British,williams,Williams,17,20,R,0.0,12,Collision,,20.0,94.52600000000001,196.06
2020,12,Portuguese Grand Prix,2020-10-25,portimao,Autódromo Internacional do Algarve,Portugal,Portimão,37.227,-8.6267,hamilton,HAM,44,Lewis,Hamilton,1985-01-07,British,mercedes,Mercedes,1,1,1,26.0,66,Finished,5396828.0,1.0,78.75,212.708
2020,12,Portuguese Grand Prix,2020-10-25,portimao,Autódromo Internacional do Algarve,Portugal,Portimão,37.227,-8.6267,bottas,BOT,77,Valtteri,Bottas,1989-08-28,Finnish,mercedes,Mercedes,2,2,2,18.0,66,Finished,5422420.0,2.0,79.345,211.113
2020,12,Portuguese Grand Prix,2020-10-25,portimao,Autódromo Internacional do Algarve,Portugal,Portimão,37.227,-8.6267,max_verstappen,VER,33,Max,Verstappen,1997-09-30,Dutch,red_bull,Red Bull,3,3,3,15.0,66,Finished,5431336.0,4.0,79.854,209.767
2020,12,Portuguese Grand Prix,2020-10-25,portimao,Autódromo Internacional do Algarve,Portugal,Portimão,37.227,-8.6267,leclerc,LEC,16,Charles,Leclerc,1997-10-16,Monegasque,ferrari,Ferrari,4,4,4,12.0,66,Finished,5462140.0,7.0,80.408,208.322
2020,12,Portuguese Grand Prix,2020-10-25,portimao,Autódromo Internacional do Algarve,Portugal,Portimão,37.227,-8.6267,gasly,GAS,10,Pierre,Gasly,1996-02-07,French,alphatauri,AlphaTauri,9,5,5,10.0,65,+1 Lap,,9.0,80.551,207.952
2020,12,Portuguese Grand Prix,2020-10-25,portimao,Autódromo Internacional do Algarve,Portugal,Portimão,37.227,-8.6267,sainz,SAI,55,Carlos,Sainz,1994-09-01,Spanish,mclaren,McLaren,7,6,6,8.0,65,+1 Lap,,6.0,80.268,208.685
2020,12,Portuguese Grand Prix,2020-10-25,portimao,Autódromo Internacional do Algarve,Portugal,Portimão,37.227,-8.6267,perez,PER,11,Sergio,Pérez,1990-01-26,Mexican,racing_point,Racing Point,5,7,7,6.0,65,+1 Lap,,11.0,80.80199999999999,207.306
2020,12,Portuguese Grand Prix,2020-10-25,portimao,Autódromo Internacional do Algarve,Portugal,Portimão,37.227,-8.6267,ocon,OCO,31,Esteban,Ocon,1996-09-17,French,renault,Renault,11,8,8,4.0,65,+1 Lap,,12.0,80.85900000000001,207.16
2020,12,Portuguese Grand Prix,2020-10-25,portimao,Autódromo Internacional do Algarve,Portugal,Portimão,37.227,-8.6267,ricciardo,RIC,3,Daniel,Ricciardo,1989-07-01,Australian,renault,Renault,10,9,9,2.0,65,+1 Lap,,14.0,80.906,207.04
2020,12,Portuguese Grand Prix,2020-10-25,portimao,Autódromo Internacional do Algarve,Portugal,Portimão,37.227,-8.6267,vettel,VET,5,Sebastian,Vettel,1987-07-03,German,ferrari,Ferrari,15,10,10,1.0,65,+1 Lap,,10.0,80.731,207.489
2020,12,Portuguese Grand Prix,2020-10-25,portimao,Autódromo Internacional do Algarve,Portugal,Portimão,37.227,-8.6267,raikkonen,RAI,7,Kimi,Räikkönen,1979-10-17,Finnish,alfa,Alfa Romeo,16,11,11,0.0,65,+1 Lap,,15.0,81.05799999999999,206.652
2020,12,Portuguese Grand Prix,2020-10-25,portimao,Autódromo Internacional do Algarve,Portugal,Portimão,37.227,-8.6267,albon,ALB,23,Alexander,Albon,1996-03-23,Thai,red_bull,Red Bull,6,12,12,0.0,65,+1 Lap,,5.0,79.89,209.673
2020,12,Portuguese Grand Prix,2020-10-25,portimao,Autódromo Internacional do Algarve,Portugal,Portimão,37.227,-8.6267,norris,NOR,4,Lando,Norris,1999-11-13,British,mclaren,McLaren,8,13,13,0.0,65,+1 Lap,,3.0,79.36,211.073
2020,12,Portuguese Grand Prix,2020-10-25,portimao,Autódromo Internacional do Algarve,Portugal,Portimão,37.227,-8.6267,russell,RUS,63,George,Russell,1998-02-15,British,williams,Williams,14,14,14,0.0,65,+1 Lap,,13.0,80.882,207.101
2020,12,Portuguese Grand Prix,2020-10-25,portimao,Autódromo Internacional do Algarve,Portugal,Portimão,37.227,-8.6267,giovinazzi,GIO,99,Antonio,Giovinazzi,1993-12-14,Italian,alfa,Alfa Romeo,17,15,15,0.0,65,+1 Lap,,20.0,81.893,204.544
2020,12,Portuguese Grand Prix,2020-10-25,portimao,Autódromo Internacional do Algarve,Portugal,Portimão,37.227,-8.6267,kevin_magnussen,MAG,20,Kevin,Magnussen,1992-10-05,Danish,haas,Haas F1 Team,19,16,16,0.0,65,+1 Lap,,16.0,81.46000000000001,205.632
2020,12,Portuguese Grand Prix,2020-10-25,portimao,Autódromo Internacional do Algarve,Portugal,Portimão,37.227,-8.6267,grosjean,GRO,8,Romain,Grosjean,1986-04-17,French,haas,Haas F1 Team,18,17,17,0.0,65,+1 Lap,,17.0,81.664,205.118
2020,12,Portuguese Grand Prix,2020-10-25,portimao,Autódromo Internacional do Algarve,Portugal,Portimão,37.227,-8.6267,latifi,LAT,6,Nicholas,Latifi,1995-06-29,Canadian,williams,Williams,20,18,18,0.0,64,+2 Laps,,19.0,81.85900000000001,204.629
2020,12,Portuguese Grand Prix,2020-10-25,portimao,Autódromo Internacional do Algarve,Portugal,Portimão,37.227,-8.6267,kvyat,KVY,26,Daniil,Kvyat,1994-04-26,Russian,alphatauri,AlphaTauri,13,19,19,0.0,64,+2 Laps,,8.0,80.449,208.216
2020,12,Portuguese Grand Prix,2020-10-25,portimao,Autódromo Internacional do Algarve,Portugal,Portimão,37.227,-8.6267,stroll,STR,18,Lance,Stroll,1998-10-29,Canadian,racing_point,Racing Point,12,20,R,0.0,51,Collision damage,,18.0,81.694,205.043
2020,13,Emilia Romagna Grand Prix,2020-11-01,imola,Autodromo Enzo e Dino Ferrari,Italy,Imola,44.3439,11.7167,hamilton,HAM,44,Lewis,Hamilton,1985-01-07,British,mercedes,Mercedes,2,1,1,26.0,63,Finished,5312430.0,1.0,75.484,234.121
2020,13,Emilia Romagna Grand Prix,2020-11-01,imola,Autodromo Enzo e Dino Ferrari,Italy,Imola,44.3439,11.7167,bottas,BOT,77,Valtteri,Bottas,1989-08-28,Finnish,mercedes,Mercedes,1,2,2,18.0,63,Finished,5318213.0,2.0,75.902,232.831
2020,13,Emilia Romagna Grand Prix,2020-11-01,imola,Autodromo Enzo e Dino Ferrari,Italy,Imola,44.3439,11.7167,ricciardo,RIC,3,Daniel,Ricciardo,1989-07-01,Australian,renault,Renault,5,3,3,15.0,63,Finished,5326750.0,4.0,77.55199999999999,227.878
2020,13,Emilia Romagna Grand Prix,2020-11-01,imola,Autodromo Enzo e Dino Ferrari,Italy,Imola,44.3439,11.7167,kvyat,KVY,26,Daniil,Kvyat,1994-04-26,Russian,alphatauri,AlphaTauri,8,4,4,12.0,63,Finished,5327571.0,6.0,77.666,227.543
2020,13,Emilia Romagna Grand Prix,2020-11-01,imola,Autodromo Enzo e Dino Ferrari,Italy,Imola,44.3439,11.7167,leclerc,LEC,16,Charles,Leclerc,1997-10-16,Monegasque,ferrari,Ferrari,7,5,5,10.0,63,Finished,5331541.0,12.0,78.173,226.067
2020,13,Emilia Romagna Grand Prix,2020-11-01,imola,Autodromo Enzo e Dino Ferrari,Italy,Imola,44.3439,11.7167,perez,PER,11,Sergio,Pérez,1990-01-26,Mexican,racing_point,Racing Point,11,6,6,8.0,63,Finished,5332082.0,9.0,78.084,226.325
2020,13,Emilia Romagna Grand Prix,2020-11-01,imola,Autodromo Enzo e Dino Ferrari,Italy,Imola,44.3439,11.7167,sainz,SAI,55,Carlos,Sainz,1994-09-01,Spanish,mclaren,McLaren,10,7,7,6.0,63,Finished,5332660.0,11.0,78.118,226.226
2020,13,Emilia Romagna Grand Prix,2020-11-01,imola,Autodromo Enzo e Dino Ferrari,Italy,Imola,44.3439,11.7167,norris,NOR,4,Lando,Norris,1999-11-13,British,mclaren,McLaren,9,8,8,4.0,63,Finished,5333561.0,8.0,78.069,226.368
2020,13,Emilia Romagna Grand Prix,2020-11-01,imola,Autodromo Enzo e Dino Ferrari,Italy,Imola,44.3439,11.7167,raikkonen,RAI,7,Kimi,Räikkönen,1979-10-17,Finnish,alfa,Alfa Romeo,18,9,9,2.0,63,Finished,5334654.0,10.0,78.088,226.313
2020,13,Emilia Romagna Grand Prix,2020-11-01,imola,Autodromo Enzo e Dino Ferrari,Italy,Imola,44.3439,11.7167,giovinazzi,GIO,99,Antonio,Giovinazzi,1993-12-14,Italian,alfa,Alfa Romeo,20,10,10,1.0,63,Finished,5338828.0,15.0,78.794,224.286
2020,13,Emilia Romagna Grand Prix,2020-11-01,imola,Autodromo Enzo e Dino Ferrari,Italy,Imola,44.3439,11.7167,latifi,LAT,6,Nicholas,Latifi,1995-06-29,Canadian,williams,Williams,19,11,11,0.0,63,Finished,5339565.0,14.0,78.719,224.499
2020,13,Emilia Romagna Grand Prix,2020-11-01,imola,Autodromo Enzo e Dino Ferrari,Italy,Imola,44.3439,11.7167,vettel,VET,5,Sebastian,Vettel,1987-07-03,German,ferrari,Ferrari,14,12,12,0.0,63,Finished,5340883.0,7.0,77.767,227.248
2020,13,Emilia Romagna Grand Prix,2020-11-01,imola,Autodromo Enzo e Dino Ferrari,Italy,Imola,44.3439,11.7167,stroll,STR,18,Lance,Stroll,1998-10-29,Canadian,racing_point,Racing Point,15,13,13,0.0,63,Finished,5341593.0,13.0,78.36,225.528
2020,13,Emilia Romagna Grand Prix,2020-11-01,imola,Autodromo Enzo e Dino Ferrari,Italy,Imola,44.3439,11.7167,grosjean,GRO,8,Romain,Grosjean,1986-04-17,French,haas,Haas F1 Team,16,14,14,0.0,63,Finished,5345365.0,17.0,78.822,224.206
2020,13,Emilia Romagna Grand Prix,2020-11-01,imola,Autodromo Enzo e Dino Ferrari,Italy,Imola,44.3439,11.7167,albon,ALB,23,Alexander,Albon,1996-03-23,Thai,red_bull,Red Bull,6,15,15,0.0,63,Finished,5369714.0,3.0,76.17699999999999,231.991
2020,13,Emilia Romagna Grand Prix,2020-11-01,imola,Autodromo Enzo e Dino Ferrari,Italy,Imola,44.3439,11.7167,russell,RUS,63,George,Russell,1998-02-15,British,williams,Williams,13,16,R,0.0,51,Accident,,16.0,78.811,224.237
2020,13,Emilia Romagna Grand Prix,2020-11-01,imola,Autodromo Enzo e Dino Ferrari,Italy,Imola,44.3439,11.7167,max_verstappen,VER,33,Max,Verstappen,1997-09-30,Dutch,red_bull,Red Bull,3,17,R,0.0,50,Puncture,,5.0,77.637,227.628
2020,13,Emilia Romagna Grand Prix,2020-11-01,imola,Autodromo Enzo e Dino Ferrari,Italy,Imola,44.3439,11.7167,kevin_magnussen,MAG,20,Kevin,Magnussen,1992-10-05,Danish,haas,Haas F1 Team,17,18,R,0.0,47,Illness,,18.0,79.273,222.93
2020,13,Emilia Romagna Grand Prix,2020-11-01,imola,Autodromo Enzo e Dino Ferrari,Italy,Imola,44.3439,11.7167,ocon,OCO,31,Esteban,Ocon,1996-09-17,French,renault,Renault,12,19,R,0.0,27,Gearbox,,19.0,79.606,221.998
2020,13,Emilia Romagna Grand Prix,2020-11-01,imola,Autodromo Enzo e Dino Ferrari,Italy,Imola,44.3439,11.7167,gasly,GAS,10,Pierre,Gasly,1996-02-07,French,alphatauri,AlphaTauri,4,20,R,0.0,8,Water pressure,,20.0,80.40299999999999,219.797
2020,14,Turkish Grand Prix,2020-11-15,istanbul,Istanbul Park,Turkey,Istanbul,40.9517,29.405,hamilton,HAM,44,Lewis,Hamilton,1985-01-07,British,mercedes,Mercedes,6,1,1,25.0,58,Finished,6139313.0,6.0,99.413,193.302
2020,14,Turkish Grand Prix,2020-11-15,istanbul,Istanbul Park,Turkey,Istanbul,40.9517,29.405,perez,PER,11,Sergio,Pérez,1990-01-26,Mexican,racing_point,Racing Point,3,2,2,18.0,58,Finished,6170946.0,12.0,100.392,191.417
2020,14,Turkish Grand Prix,2020-11-15,istanbul,Istanbul Park,Turkey,Istanbul,40.9517,29.405,vettel,VET,5,Sebastian,Vettel,1987-07-03,German,ferrari,Ferrari,11,3,3,15.0,58,Finished,6171273.0,8.0,99.662,192.819
2020,14,Turkish Grand Prix,2020-11-15,istanbul,Istanbul Park,Turkey,Istanbul,40.9517,29.405,leclerc,LEC,16,Charles,Leclerc,1997-10-16,Monegasque,ferrari,Ferrari,12,4,4,12.0,58,Finished,6173171.0,11.0,99.961,192.242
2020,14,Turkish Grand Prix,2020-11-15,istanbul,Istanbul Park,Turkey,Istanbul,40.9517,29.405,sainz,SAI,55,Carlos,Sainz,1994-09-01,Spanish,mclaren,McLaren,15,5,5,10.0,58,Finished,6173676.0,4.0,98.75399999999999,194.592
2020,14,Turkish Grand Prix,2020-11-15,istanbul,Istanbul Park,Turkey,Istanbul,40.9517,29.405,max_verstappen,VER,33,Max,Verstappen,1997-09-30,Dutch,red_bull,Red Bull,2,6,6,8.0,58,Finished,6184186.0,3.0,98.431,195.231
2020,14,Turkish Grand Prix,2020-11-15,istanbul,Istanbul Park,Turkey,Istanbul,40.9517,29.405,albon,ALB,23,Alexander,Albon,1996-03-23,Thai,red_bull,Red Bull,4,7,7,6.0,58,Finished,6185797.0,5.0,99.09899999999999,193.915
2020,14,Turkish Grand Prix,2020-11-15,istanbul,Istanbul Park,Turkey,Istanbul,40.9517,29.405,norris,NOR,4,Lando,Norris,1999-11-13,British,mclaren,McLaren,14,8,8,5.0,58,Finished,6200572.0,1.0,96.806,198.508
2020,14,Turkish Grand Prix,2020-11-15,istanbul,Istanbul Park,Turkey,Istanbul,40.9517,29.405,stroll,STR,18,Lance,Stroll,1998-10-29,Canadian,racing_point,Racing Point,1,9,9,2.0,58,Finished,6211666.0,10.0,99.92099999999999,192.319
2020,14,Turkish Grand Prix,2020-11-15,istanbul,Istanbul Park,Turkey,Istanbul,40.9517,29.405,ricciardo,RIC,3,Daniel,Ricciardo,1989-07-01,Australian,renault,Renault,5,10,10,1.0,58,Finished,6234773.0,13.0,100.67699999999999,190.875
2020,14,Turkish Grand Prix,2020-11-15,istanbul,Istanbul Park,Turkey,Istanbul,40.9517,29.405,ocon,OCO,31,Esteban,Ocon,1996-09-17,French,renault,Renault,7,11,11,0.0,57,+1 Lap,,16.0,101.006,190.254
2020,14,Turkish Grand Prix,2020-11-15,istanbul,Istanbul Park,Turkey,Istanbul,40.9517,29.405,kvyat,KVY,26,Daniil,Kvyat,1994-04-26,Russian,alphatauri,AlphaTauri,16,12,12,0.0,57,+1 Lap,,17.0,101.019,190.229
2020,14,Turkish Grand Prix,2020-11-15,istanbul,Istanbul Park,Turkey,Istanbul,40.9517,29.405,gasly,GAS,10,Pierre,Gasly,1996-02-07,French,alphatauri,AlphaTauri,19,13,13,0.0,57,+1 Lap,,7.0,99.586,192.966
2020,14,Turkish Grand Prix,2020-11-15,istanbul,Istanbul Park,Turkey,Istanbul,40.9517,29.405,bottas,BOT,77,Valtteri,Bottas,1989-08-28,Finnish,mercedes,Mercedes,9,14,14,0.0,57,+1 Lap,,2.0,98.193,195.704
2020,14,Turkish Grand Prix,2020-11-15,istanbul,Istanbul Park,Turkey,Istanbul,40.9517,29.405,raikkonen,RAI,7,Kimi,Räikkönen,1979-10-17,Finnish,alfa,Alfa Romeo,8,15,15,0.0,57,+1 Lap,,9.0,99.743,192.663
2020,14,Turkish Grand Prix,2020-11-15,istanbul,Istanbul Park,Turkey,Istanbul,40.9517,29.405,russell,RUS,63,George,Russell,1998-02-15,British,williams,Williams,0,16,16,0.0,57,+1 Lap,,14.0,100.814,190.616
2020,14,Turkish Grand Prix,2020-11-15,istanbul,Istanbul Park,Turkey,Istanbul,40.9517,29.405,kevin_magnussen,MAG,20,Kevin,Magnussen,1992-10-05,Danish,haas,Haas F1 Team,13,17,17,0.0,55,Withdrew,,15.0,100.94800000000001,190.363
2020,14,Turkish Grand Prix,2020-11-15,istanbul,Istanbul Park,Turkey,Istanbul,40.9517,29.405,grosjean,GRO,8,Romain,Grosjean,1986-04-17,French,haas,Haas F1 Team,17,18,R,0.0,49,Collision damage,,18.0,103.281,186.063
2020,14,Turkish Grand Prix,2020-11-15,istanbul,Istanbul Park,Turkey,Istanbul,40.9517,29.405,latifi,LAT,6,Nicholas,Latifi,1995-06-29,Canadian,williams,Williams,0,19,R,0.0,39,Collision damage,,19.0,103.495,185.678
2020,14,Turkish Grand Prix,2020-11-15,istanbul,Istanbul Park,Turkey,Istanbul,40.9517,29.405,giovinazzi,GIO,99,Antonio,Giovinazzi,1993-12-14,Italian,alfa,Alfa Romeo,10,20,R,0.0,11,Gearbox,,20.0,111.122,172.934
2020,15,Bahrain Grand Prix,2020-11-29,bahrain,Bahrain International Circuit,Bahrain,Sakhir,26.0325,50.5106,hamilton,HAM,44,Lewis,Hamilton,1985-01-07,British,mercedes,Mercedes,1,1,1,25.0,57,Finished,10787515.0,3.0,92.864,209.803
2020,15,Bahrain Grand Prix,2020-11-29,bahrain,Bahrain International Circuit,Bahrain,Sakhir,26.0325,50.5106,max_verstappen,VER,33,Max,Verstappen,1997-09-30,Dutch,red_bull,Red Bull,3,2,2,19.0,57,Finished,10788769.0,1.0,92.01400000000001,211.741
2020,15,Bahrain Grand Prix,2020-11-29,bahrain,Bahrain International Circuit,Bahrain,Sakhir,26.0325,50.5106,albon,ALB,23,Alexander,Albon,1996-03-23,Thai,red_bull,Red Bull,4,3,3,15.0,57,Finished,10795520.0,10.0,93.684,207.967
2020,15,Bahrain Grand Prix,2020-11-29,bahrain,Bahrain International Circuit,Bahrain,Sakhir,26.0325,50.5106,norris,NOR,4,Lando,Norris,1999-11-13,British,mclaren,McLaren,9,4,4,12.0,57,Finished,10798852.0,7.0,93.588,208.18
2020,15,Bahrain Grand Prix,2020-11-29,bahrain,Bahrain International Circuit,Bahrain,Sakhir,26.0325,50.5106,sainz,SAI,55,Carlos,Sainz,1994-09-01,Spanish,mclaren,McLaren,15,5,5,10.0,57,Finished,10799302.0,5.0,93.411,208.575
2020,15,Bahrain Grand Prix,2020-11-29,bahrain,Bahrain International Circuit,Bahrain,Sakhir,26.0325,50.5106,gasly,GAS,10,Pierre,Gasly,1996-02-07,French,alphatauri,AlphaTauri,8,6,6,8.0,57,Finished,10799457.0,16.0,94.81700000000001,205.482
2020,15,Bahrain Grand Prix,2020-11-29,bahrain,Bahrain International Circuit,Bahrain,Sakhir,26.0325,50.5106,ricciardo,RIC,3,Daniel,Ricciardo,1989-07-01,Australian,renault,Renault,6,7,7,6.0,57,Finished,10806883.0,2.0,92.827,209.887
2020,15,Bahrain Grand Prix,2020-11-29,bahrain,Bahrain International Circuit,Bahrain,Sakhir,26.0325,50.5106,bottas,BOT,77,Valtteri,Bottas,1989-08-28,Finnish,mercedes,Mercedes,2,8,8,4.0,57,Finished,10807195.0,4.0,93.352,208.706
2020,15,Bahrain Grand Prix,2020-11-29,bahrain,Bahrain International Circuit,Bahrain,Sakhir,26.0325,50.5106,ocon,OCO,31,Esteban,Ocon,1996-09-17,French,renault,Renault,7,9,9,2.0,57,Finished,10810318.0,13.0,94.354,206.49
2020,15,Bahrain Grand Prix,2020-11-29,bahrain,Bahrain International Circuit,Bahrain,Sakhir,26.0325,50.5106,leclerc,LEC,16,Charles,Leclerc,1997-10-16,Monegasque,ferrari,Ferrari,12,10,10,1.0,56,+1 Lap,,8.0,93.625,208.098
2020,15,Bahrain Grand Prix,2020-11-29,bahrain,Bahrain International Circuit,Bahrain,Sakhir,26.0325,50.5106,kvyat,KVY,26,Daniil,Kvyat,1994-04-26,Russian,alphatauri,AlphaTauri,10,11,11,0.0,56,+1 Lap,,12.0,94.14099999999999,206.957
2020,15,Bahrain Grand Prix,2020-11-29,bahrain,Bahrain International Circuit,Bahrain,Sakhir,26.0325,50.5106,russell,RUS,63,George,Russell,1998-02-15,British,williams,Williams,14,12,12,0.0,56,+1 Lap,,17.0,95.042,204.995
2020,15,Bahrain Grand Prix,2020-11-29,bahrain,Bahrain International Circuit,Bahrain,Sakhir,26.0325,50.5106,vettel,VET,5,Sebastian,Vettel,1987-07-03,German,ferrari,Ferrari,11,13,13,0.0,56,+1 Lap,,11.0,93.86099999999999,207.575
2020,15,Bahrain Grand Prix,2020-11-29,bahrain,Bahrain International Circuit,Bahrain,Sakhir,26.0325,50.5106,latifi,LAT,6,Nicholas,Latifi,1995-06-29,Canadian,williams,Williams,20,14,14,0.0,56,+1 Lap,,15.0,94.59100000000001,205.973
2020,15,Bahrain Grand Prix,2020-11-29,bahrain,Bahrain International Circuit,Bahrain,Sakhir,26.0325,50.5106,raikkonen,RAI,7,Kimi,Räikkönen,1979-10-17,Finnish,alfa,Alfa Romeo,17,15,15,0.0,56,+1 Lap,,6.0,93.57300000000001,208.213
2020,15,Bahrain Grand Prix,2020-11-29,bahrain,Bahrain International Circuit,Bahrain,Sakhir,26.0325,50.5106,giovinazzi,GIO,99,Antonio,Giovinazzi,1993-12-14,Italian,alfa,Alfa Romeo,16,16,16,0.0,56,+1 Lap,,14.0,94.536,206.092
2020,15,Bahrain Grand Prix,2020-11-29,bahrain,Bahrain International Circuit,Bahrain,Sakhir,26.0325,50.5106,kevin_magnussen,MAG,20,Kevin,Magnussen,1992-10-05,Danish,haas,Haas F1 Team,18,17,17,0.0,56,+1 Lap,,18.0,95.241,204.567
2020,15,Bahrain Grand Prix,2020-11-29,bahrain,Bahrain International Circuit,Bahrain,Sakhir,26.0325,50.5106,perez,PER,11,Sergio,Pérez,1990-01-26,Mexican,racing_point,Racing Point,5,18,18,0.0,53,Engine,,9.0,93.62899999999999,208.089
2020,15,Bahrain Grand Prix,2020-11-29,bahrain,Bahrain International Circuit,Bahrain,Sakhir,26.0325,50.5106,stroll,STR,18,Lance,Stroll,1998-10-29,Canadian,racing_point,Racing Point,13,19,R,0.0,2,Collision,,,,
2020,15,Bahrain Grand Prix,2020-11-29,bahrain,Bahrain International Circuit,Bahrain,Sakhir,26.0325,50.5106,grosjean,GRO,8,Romain,Grosjean,1986-04-17,French,haas,Haas F1 Team,19,20,R,0.0,0,Collision,,,,
2020,16,Sakhir Grand Prix,2020-12-06,bahrain,Bahrain International Circuit,Bahrain,Sakhir,26.0325,50.5106,perez,PER,11,Sergio,Pérez,1990-01-26,Mexican,racing_point,Racing Point,5,1,1,25.0,87,Finished,5475114.0,3.0,56.789,224.599
2020,16,Sakhir Grand Prix,2020-12-06,bahrain,Bahrain International Circuit,Bahrain,Sakhir,26.0325,50.5106,ocon,OCO,31,Esteban,Ocon,1996-09-17,French,renault,Renault,11,2,2,18.0,87,Finished,5485632.0,12.0,57.35,222.402
2020,16,Sakhir Grand Prix,2020-12-06,bahrain,Bahrain International Circuit,Bahrain,Sakhir,26.0325,50.5106,stroll,STR,18,Lance,Stroll,1998-10-29,Canadian,racing_point,Racing Point,10,3,3,15.0,87,Finished,5486983.0,14.0,57.388,222.255
2020,16,Sakhir Grand Prix,2020-12-06,bahrain,Bahrain International Circuit,Bahrain,Sakhir,26.0325,50.5106,sainz,SAI,55,Carlos,Sainz,1994-09-01,Spanish,mclaren,McLaren,8,4,4,12.0,87,Finished,5487694.0,9.0,57.165,223.122
2020,16,Sakhir Grand Prix,2020-12-06,bahrain,Bahrain International Circuit,Bahrain,Sakhir,26.0325,50.5106,ricciardo,RIC,3,Daniel,Ricciardo,1989-07-01,Australian,renault,Renault,7,5,5,10.0,87,Finished,5488444.0,6.0,56.979,223.85
2020,16,Sakhir Grand Prix,2020-12-06,bahrain,Bahrain International Circuit,Bahrain,Sakhir,26.0325,50.5106,albon,ALB,23,Alexander,Albon,1996-03-23,Thai,red_bull,Red Bull,12,6,6,8.0,87,Finished,5488956.0,8.0,57.056,223.548
2020,16,Sakhir Grand Prix,2020-12-06,bahrain,Bahrain International Circuit,Bahrain,Sakhir,26.0325,50.5106,kvyat,KVY,26,Daniil,Kvyat,1994-04-26,Russian,alphatauri,AlphaTauri,6,7,7,6.0,87,Finished,5489648.0,7.0,57.001,223.764
2020,16,Sakhir Grand Prix,2020-12-06,bahrain,Bahrain International Circuit,Bahrain,Sakhir,26.0325,50.5106,bottas,BOT,77,Valtteri,Bottas,1989-08-28,Finnish,mercedes,Mercedes,1,8,8,4.0,87,Finished,5490503.0,2.0,56.563,225.497
2020,16,Sakhir Grand Prix,2020-12-06,bahrain,Bahrain International Circuit,Bahrain,Sakhir,26.0325,50.5106,russell,RUS,63,George,Russell,1998-02-15,British,mercedes,Mercedes,2,9,9,3.0,87,Finished,5493670.0,1.0,55.404,230.214
2020,16,Sakhir Grand Prix,2020-12-06,bahrain,Bahrain International Circuit,Bahrain,Sakhir,26.0325,50.5106,norris,NOR,4,Lando,Norris,1999-11-13,British,mclaren,McLaren,19,10,10,1.0,87,Finished,5494655.0,11.0,57.27,222.713
2020,16,Sakhir Grand Prix,2020-12-06,bahrain,Bahrain International Circuit,Bahrain,Sakhir,26.0325,50.5106,gasly,GAS,10,Pierre,Gasly,1996-02-07,French,alphatauri,AlphaTauri,9,11,11,0.0,87,Finished,5495641.0,10.0,57.22,222.908
2020,16,Sakhir Grand Prix,2020-12-06,bahrain,Bahrain International Circuit,Bahrain,Sakhir,26.0325,50.5106,vettel,VET,5,Sebastian,Vettel,1987-07-03,German,ferrari,Ferrari,13,12,12,0.0,87,Finished,5497725.0,5.0,56.905,224.141
2020,16,Sakhir Grand Prix,2020-12-06,bahrain,Bahrain International Circuit,Bahrain,Sakhir,26.0325,50.5106,giovinazzi,GIO,99,Antonio,Giovinazzi,1993-12-14,Italian,alfa,Alfa Romeo,14,13,13,0.0,87,Finished,5499225.0,4.0,56.887,224.212
2020,16,Sakhir Grand Prix,2020-12-06,bahrain,Bahrain International Circuit,Bahrain,Sakhir,26.0325,50.5106,raikkonen,RAI,7,Kimi,Räikkönen,1979-10-17,Finnish,alfa,Alfa Romeo,18,14,14,0.0,87,Finished,5501267.0,13.0,57.375,222.305
2020,16,Sakhir Grand Prix,2020-12-06,bahrain,Bahrain International Circuit,Bahrain,Sakhir,26.0325,50.5106,kevin_magnussen,MAG,20,Kevin,Magnussen,1992-10-05,Danish,haas,Haas F1 Team,15,15,15,0.0,87,Finished,5507484.0,16.0,57.516,221.76
2020,16,Sakhir Grand Prix,2020-12-06,bahrain,Bahrain International Circuit,Bahrain,Sakhir,26.0325,50.5106,aitken,AIT,89,Jack,Aitken,1995-09-23,British,williams,Williams,17,16,16,0.0,87,Finished,5508788.0,15.0,57.392,222.24
2020,16,Sakhir Grand Prix,2020-12-06,bahrain,Bahrain International Circuit,Bahrain,Sakhir,26.0325,50.5106,pietro_fittipaldi,FIT,51,Pietro,Fittipaldi,1996-06-25,Brazilian,haas,Haas F1 Team,20,17,17,0.0,87,Finished,5511972.0,17.0,57.742,220.892
2020,16,Sakhir Grand Prix,2020-12-06,bahrain,Bahrain International Circuit,Bahrain,Sakhir,26.0325,50.5106,latifi,LAT,6,Nicholas,Latifi,1995-06-29,Canadian,williams,Williams,16,18,R,0.0,52,Engine,,18.0,58.206,219.132
2020,16,Sakhir Grand Prix,2020-12-06,bahrain,Bahrain International Circuit,Bahrain,Sakhir,26.0325,50.5106,max_verstappen,VER,33,Max,Verstappen,1997-09-30,Dutch,red_bull,Red Bull,3,19,R,0.0,0,Accident,,,,
2020,16,Sakhir Grand Prix,2020-12-06,bahrain,Bahrain International Circuit,Bahrain,Sakhir,26.0325,50.5106,leclerc,LEC,16,Charles,Leclerc,1997-10-16,Monegasque,ferrari,Ferrari,4,20,R,0.0,0,Collision,,,,
2020,17,Abu Dhabi Grand Prix,2020-12-13,yas_marina,Yas Marina Circuit,UAE,Abu Dhabi,24.4672,54.6031,max_verstappen,VER,33,Max,Verstappen,1997-09-30,Dutch,red_bull,Red Bull,1,1,1,25.0,55,Finished,5788645.0,2.0,100.958,198.046
2020,17,Abu Dhabi Grand Prix,2020-12-13,yas_marina,Yas Marina Circuit,UAE,Abu Dhabi,24.4672,54.6031,bottas,BOT,77,Valtteri,Bottas,1989-08-28,Finnish,mercedes,Mercedes,2,2,2,18.0,55,Finished,5804621.0,3.0,101.131,197.707
2020,17,Abu Dhabi Grand Prix,2020-12-13,yas_marina,Yas Marina Circuit,UAE,Abu Dhabi,24.4672,54.6031,hamilton,HAM,44,Lewis,Hamilton,1985-01-07,British,mercedes,Mercedes,3,3,3,15.0,55,Finished,5807060.0,5.0,101.42,197.144
2020,17,Abu Dhabi Grand Prix,2020-12-13,yas_marina,Yas Marina Circuit,UAE,Abu Dhabi,24.4672,54.6031,albon,ALB,23,Alexander,Albon,1996-03-23,Thai,red_bull,Red Bull,5,4,4,12.0,55,Finished,5808632.0,4.0,101.227,197.52
2020,17,Abu Dhabi Grand Prix,2020-12-13,yas_marina,Yas Marina Circuit,UAE,Abu Dhabi,24.4672,54.6031,norris,NOR,4,Lando,Norris,1999-11-13,British,mclaren,McLaren,4,5,5,10.0,55,Finished,5849374.0,12.0,101.964,196.092
2020,17,Abu Dhabi Grand Prix,2020-12-13,yas_marina,Yas Marina Circuit,UAE,Abu Dhabi,24.4672,54.6031,sainz,SAI,55,Carlos,Sainz,1994-09-01,Spanish,mclaren,McLaren,6,6,6,8.0,55,Finished,5854307.0,11.0,101.947,196.125
2020,17,Abu Dhabi Grand Prix,2020-12-13,yas_marina,Yas Marina Circuit,UAE,Abu Dhabi,24.4672,54.6031,ricciardo,RIC,3,Daniel,Ricciardo,1989-07-01,Australian,renault,Renault,11,7,7,7.0,55,Finished,5862393.0,1.0,100.926,198.109
2020,17,Abu Dhabi Grand Prix,2020-12-13,yas_marina,Yas Marina Circuit,UAE,Abu Dhabi,24.4672,54.6031,gasly,GAS,10,Pierre,Gasly,1996-02-07,French,alphatauri,AlphaTauri,9,8,8,4.0,55,Finished,5878363.0,15.0,102.47399999999999,195.116
2020,17,Abu Dhabi Grand Prix,2020-12-13,yas_marina,Yas Marina Circuit,UAE,Abu Dhabi,24.4672,54.6031,ocon,OCO,31,Esteban,Ocon,1996-09-17,French,renault,Renault,10,9,9,2.0,55,Finished,5799996.0,18.0,102.894,194.32
2020,17,Abu Dhabi Grand Prix,2020-12-13,yas_marina,Yas Marina Circuit,UAE,Abu Dhabi,24.4672,54.6031,stroll,STR,18,Lance,Stroll,1998-10-29,Canadian,racing_point,Racing Point,8,10,10,1.0,55,Finished,5790314.0,9.0,101.866,196.281
2020,17,Abu Dhabi Grand Prix,2020-12-13,yas_marina,Yas Marina Circuit,UAE,Abu Dhabi,24.4672,54.6031,kvyat,KVY,26,Daniil,Kvyat,1994-04-26,Russian,alphatauri,AlphaTauri,7,11,11,0.0,54,+1 Lap,,17.0,102.70400000000001,194.679
2020,17,Abu Dhabi Grand Prix,2020-12-13,yas_marina,Yas Marina Circuit,UAE,Abu Dhabi,24.4672,54.6031,raikkonen,RAI,7,Kimi,Räikkönen,1979-10-17,Finnish,alfa,Alfa Romeo,15,12,12,0.0,54,+1 Lap,,14.0,102.148,195.739
2020,17,Abu Dhabi Grand Prix,2020-12-13,yas_marina,Yas Marina Circuit,UAE,Abu Dhabi,24.4672,54.6031,leclerc,LEC,16,Charles,Leclerc,1997-10-16,Monegasque,ferrari,Ferrari,12,13,13,0.0,54,+1 Lap,,10.0,101.908,196.2
2020,17,Abu Dhabi Grand Prix,2020-12-13,yas_marina,Yas Marina Circuit,UAE,Abu Dhabi,24.4672,54.6031,vettel,VET,5,Sebastian,Vettel,1987-07-03,German,ferrari,Ferrari,13,14,14,0.0,54,+1 Lap,,6.0,101.475,197.037
2020,17,Abu Dhabi Grand Prix,2020-12-13,yas_marina,Yas Marina Circuit,UAE,Abu Dhabi,24.4672,54.6031,russell,RUS,63,George,Russell,1998-02-15,British,williams,Williams,16,15,15,0.0,54,+1 Lap,,20.0,103.328,193.504
2020,17,Abu Dhabi Grand Prix,2020-12-13,yas_marina,Yas Marina Circuit,UAE,Abu Dhabi,24.4672,54.6031,giovinazzi,GIO,99,Antonio,Giovinazzi,1993-12-14,Italian,alfa,Alfa Romeo,14,16,16,0.0,54,+1 Lap,,7.0,101.675,196.65
2020,17,Abu Dhabi Grand Prix,2020-12-13,yas_marina,Yas Marina Circuit,UAE,Abu Dhabi,24.4672,54.6031,latifi,LAT,6,Nicholas,Latifi,1995-06-29,Canadian,williams,Williams,18,17,17,0.0,54,+1 Lap,,16.0,102.497,195.073
2020,17,Abu Dhabi Grand Prix,2020-12-13,yas_marina,Yas Marina Circuit,UAE,Abu Dhabi,24.4672,54.6031,kevin_magnussen,MAG,20,Kevin,Magnussen,1992-10-05,Danish,haas,Haas F1 Team,20,18,18,0.0,54,+1 Lap,,13.0,101.999,196.025
2020,17,Abu Dhabi Grand Prix,2020-12-13,yas_marina,Yas Marina Circuit,UAE,Abu Dhabi,24.4672,54.6031,pietro_fittipaldi,FIT,51,Pietro,Fittipaldi,1996-06-25,Brazilian,haas,Haas F1 Team,17,19,19,0.0,53,+2 Laps,,8.0,101.707,196.588
2020,17,Abu Dhabi Grand Prix,2020-12-13,yas_marina,Yas Marina Circuit,UAE,Abu Dhabi,24.4672,54.6031,perez,PER,11,Sergio,Pérez,1990-01-26,Mexican,racing_point,Racing Point,19,20,R,0.0,8,Transmission,,19.0,103.263,193.625
2021,1,Bahrain Grand Prix,2021-03-28,bahrain,Bahrain International Circuit,Bahrain,Sakhir,26.0325,50.5106,hamilton,HAM,44,Lewis,Hamilton,1985-01-07,British,mercedes,Mercedes,2,1,1,25.0,56,Finished,5523897.0,4.0,94.015,207.235
2021,1,Bahrain Grand Prix,2021-03-28,bahrain,Bahrain International Circuit,Bahrain,Sakhir,26.0325,50.5106,max_verstappen,VER,33,Max,Verstappen,1997-09-30,Dutch,red_bull,Red Bull,1,2,2,18.0,56,Finished,5524642.0,2.0,93.22800000000001,208.984
2021,1,Bahrain Grand Prix,2021-03-28,bahrain,Bahrain International Circuit,Bahrain,Sakhir,26.0325,50.5106,bottas,BOT,77,Valtteri,Bottas,1989-08-28,Finnish,mercedes,Mercedes,3,3,3,16.0,56,Finished,5561280.0,1.0,92.09,211.566
2021,1,Bahrain Grand Prix,2021-03-28,bahrain,Bahrain International Circuit,Bahrain,Sakhir,26.0325,50.5106,norris,NOR,4,Lando,Norris,1999-11-13,British,mclaren,McLaren,7,4,4,12.0,56,Finished,5570363.0,6.0,94.396,206.398
2021,1,Bahrain Grand Prix,2021-03-28,bahrain,Bahrain International Circuit,Bahrain,Sakhir,26.0325,50.5106,perez,PER,11,Sergio,Pérez,1990-01-26,Mexican,red_bull,Red Bull,0,5,5,10.0,56,Finished,5575944.0,3.0,93.97,207.334
2021,1,Bahrain Grand Prix,2021-03-28,bahrain,Bahrain International Circuit,Bahrain,Sakhir,26.0325,50.5106,leclerc,LEC,16,Charles,Leclerc,1997-10-16,Monegasque,ferrari,Ferrari,4,6,6,8.0,56,Finished,5582987.0,11.0,94.988,205.112
2021,1,Bahrain Grand Prix,2021-03-28,bahrain,Bahrain International Circuit,Bahrain,Sakhir,26.0325,50.5106,ricciardo,RIC,3,Daniel,Ricciardo,1989-07-01,Australian,mclaren,McLaren,6,7,7,6.0,56,Finished,5589901.0,10.0,94.932,205.233
2021,1,Bahrain Grand Prix,2021-03-28,bahrain,Bahrain International Circuit,Bahrain,Sakhir,26.0325,50.5106,sainz,SAI,55,Carlos,Sainz,1994-09-01,Spanish,ferrari,Ferrari,8,8,8,4.0,56,Finished,5590997.0,7.0,94.509,206.151
2021,1,Bahrain Grand Prix,2021-03-28,bahrain,Bahrain International Circuit,Bahrain,Sakhir,26.0325,50.5106,tsunoda,TSU,22,Yuki,Tsunoda,2000-05-11,Japanese,alphatauri,AlphaTauri,13,9,9,2.0,56,Finished,5609589.0,8.0,94.761,205.603
2021,1,Bahrain Grand Prix,2021-03-28,bahrain,Bahrain International Circuit,Bahrain,Sakhir,26.0325,50.5106,stroll,STR,18,Lance,Stroll,1998-10-29,Canadian,aston_martin,Aston Martin,10,10,10,1.0,56,Finished,5610610.0,9.0,94.86500000000001,205.378
2021,1,Bahrain Grand Prix,2021-03-28,bahrain,Bahrain International Circuit,Bahrain,Sakhir,26.0325,50.5106,raikkonen,RAI,7,Kimi,Räikkönen,1979-10-17,Finnish,alfa,Alfa Romeo,14,11,11,0.0,56,Finished,5612761.0,14.0,95.19200000000001,204.672
2021,1,Bahrain Grand Prix,2021-03-28,bahrain,Bahrain International Circuit,Bahrain,Sakhir,26.0325,50.5106,giovinazzi,GIO,99,Antonio,Giovinazzi,1993-12-14,Italian,alfa,Alfa Romeo,12,12,12,0.0,55,+1 Lap,,13.0,95.122,204.823
2021,1,Bahrain Grand Prix,2021-03-28,bahrain,Bahrain International Circuit,Bahrain,Sakhir,26.0325,50.5106,ocon,OCO,31,Esteban,Ocon,1996-09-17,French,alpine,Alpine F1 Team,16,13,13,0.0,55,+1 Lap,,15.0,95.25,204.548
2021,1,Bahrain Grand Prix,2021-03-28,bahrain,Bahrain International Circuit,Bahrain,Sakhir,26.0325,50.5106,russell,RUS,63,George,Russell,1998-02-15,British,williams,Williams,15,14,14,0.0,55,+1 Lap,,12.0,95.036,205.008
2021,1,Bahrain Grand Prix,2021-03-28,bahrain,Bahrain International Circuit,Bahrain,Sakhir,26.0325,50.5106,vettel,VET,5,Sebastian,Vettel,1987-07-03,German,aston_martin,Aston Martin,20,15,15,0.0,55,+1 Lap,,16.0,95.566,203.871
2021,1,Bahrain Grand Prix,2021-03-28,bahrain,Bahrain International Circuit,Bahrain,Sakhir,26.0325,50.5106,mick_schumacher,MSC,47,Mick,Schumacher,1999-03-22,German,haas,Haas F1 Team,18,16,16,0.0,55,+1 Lap,,18.0,96.134,202.667
2021,1,Bahrain Grand Prix,2021-03-28,bahrain,Bahrain International Circuit,Bahrain,Sakhir,26.0325,50.5106,gasly,GAS,10,Pierre,Gasly,1996-02-07,French,alphatauri,AlphaTauri,5,17,17,0.0,52,Retired,,5.0,94.09,207.069
2021,1,Bahrain Grand Prix,2021-03-28,bahrain,Bahrain International Circuit,Bahrain,Sakhir,26.0325,50.5106,latifi,LAT,6,Nicholas,Latifi,1995-06-29,Canadian,williams,Williams,17,18,18,0.0,51,Retired,,19.0,96.602,201.685
2021,1,Bahrain Grand Prix,2021-03-28,bahrain,Bahrain International Circuit,Bahrain,Sakhir,26.0325,50.5106,alonso,ALO,14,Fernando,Alonso,1981-07-29,Spanish,alpine,Alpine F1 Team,9,19,R,0.0,32,Brakes,,17.0,96.063,202.816
2021,1,Bahrain Grand Prix,2021-03-28,bahrain,Bahrain International Circuit,Bahrain,Sakhir,26.0325,50.5106,mazepin,MAZ,9,Nikita,Mazepin,1999-03-02,Russian,haas,Haas F1 Team,19,20,R,0.0,0,Accident,,,,
2021,2,Emilia Romagna Grand Prix,2021-04-18,imola,Autodromo Enzo e Dino Ferrari,Italy,Imola,44.3439,11.7167,max_verstappen,VER,33,Max,Verstappen,1997-09-30,Dutch,red_bull,Red Bull,3,1,1,25.0,63,Finished,7354598.0,2.0,77.524,227.96
2021,2,Emilia Romagna Grand Prix,2021-04-18,imola,Autodromo Enzo e Dino Ferrari,Italy,Imola,44.3439,11.7167,hamilton,HAM,44,Lewis,Hamilton,1985-01-07,British,mercedes,Mercedes,1,2,2,19.0,63,Finished,7376598.0,1.0,76.702,230.403
2021,2,Emilia Romagna Grand Prix,2021-04-18,imola,Autodromo Enzo e Dino Ferrari,Italy,Imola,44.3439,11.7167,norris,NOR,4,Lando,Norris,1999-11-13,British,mclaren,McLaren,7,3,3,15.0,63,Finished,7378300.0,3.0,78.259,225.819
2021,2,Emilia Romagna Grand Prix,2021-04-18,imola,Autodromo Enzo e Dino Ferrari,Italy,Imola,44.3439,11.7167,leclerc,LEC,16,Charles,Leclerc,1997-10-16,Monegasque,ferrari,Ferrari,4,4,4,12.0,63,Finished,7380177.0,6.0,78.379,225.473
2021,2,Emilia Romagna Grand Prix,2021-04-18,imola,Autodromo Enzo e Dino Ferrari,Italy,Imola,44.3439,11.7167,sainz,SAI,55,Carlos,Sainz,1994-09-01,Spanish,ferrari,Ferrari,11,5,5,10.0,63,Finished,7381634.0,7.0,78.49,225.154
2021,2,Emilia Romagna Grand Prix,2021-04-18,imola,Autodromo Enzo e Dino Ferrari,Italy,Imola,44.3439,11.7167,ricciardo,RIC,3,Daniel,Ricciardo,1989-07-01,Australian,mclaren,McLaren,6,6,6,8.0,63,Finished,7405818.0,12.0,79.34100000000001,222.739
2021,2,Emilia Romagna Grand Prix,2021-04-18,imola,Autodromo Enzo e Dino Ferrari,Italy,Imola,44.3439,11.7167,gasly,GAS,10,Pierre,Gasly,1996-02-07,French,alphatauri,AlphaTauri,5,7,7,6.0,63,Finished,7407416.0,9.0,78.994,223.718
2021,2,Emilia Romagna Grand Prix,2021-04-18,imola,Autodromo Enzo e Dino Ferrari,Italy,Imola,44.3439,11.7167,stroll,STR,18,Lance,Stroll,1998-10-29,Canadian,aston_martin,Aston Martin,10,8,8,4.0,63,Finished,7411507.0,8.0,78.782,224.32
2021,2,Emilia Romagna Grand Prix,2021-04-18,imola,Autodromo Enzo e Dino Ferrari,Italy,Imola,44.3439,11.7167,ocon,OCO,31,Esteban,Ocon,1996-09-17,French,alpine,Alpine F1 Team,9,9,9,2.0,63,Finished,7420302.0,15.0,79.422,222.512
2021,2,Emilia Romagna Grand Prix,2021-04-18,imola,Autodromo Enzo e Dino Ferrari,Italy,Imola,44.3439,11.7167,alonso,ALO,14,Fernando,Alonso,1981-07-29,Spanish,alpine,Alpine F1 Team,15,10,10,1.0,63,Finished,7421159.0,14.0,79.417,222.526
2021,2,Emilia Romagna Grand Prix,2021-04-18,imola,Autodromo Enzo e Dino Ferrari,Italy,Imola,44.3439,11.7167,perez,PER,11,Sergio,Pérez,1990-01-26,Mexican,red_bull,Red Bull,2,11,11,0.0,63,Finished,7421749.0,13.0,79.396,222.585
2021,2,Emilia Romagna Grand Prix,2021-04-18,imola,Autodromo Enzo e Dino Ferrari,Italy,Imola,44.3439,11.7167,tsunoda,TSU,22,Yuki,Tsunoda,2000-05-11,Japanese,alphatauri,AlphaTauri,20,12,12,0.0,63,Finished,7427782.0,4.0,78.334,225.603
2021,2,Emilia Romagna Grand Prix,2021-04-18,imola,Autodromo Enzo e Dino Ferrari,Italy,Imola,44.3439,11.7167,raikkonen,RAI,7,Kimi,Räikkönen,1979-10-17,Finnish,alfa,Alfa Romeo,16,13,13,0.0,63,Finished,7449371.0,5.0,78.35300000000001,225.548
2021,2,Emilia Romagna Grand Prix,2021-04-18,imola,Autodromo Enzo e Dino Ferrari,Italy,Imola,44.3439,11.7167,giovinazzi,GIO,99,Antonio,Giovinazzi,1993-12-14,Italian,alfa,Alfa Romeo,17,14,14,0.0,62,+1 Lap,,16.0,79.47,222.378
2021,2,Emilia Romagna Grand Prix,2021-04-18,imola,Autodromo Enzo e Dino Ferrari,Italy,Imola,44.3439,11.7167,vettel,VET,5,Sebastian,Vettel,1987-07-03,German,aston_martin,Aston Martin,0,15,15,0.0,61,Gearbox,,10.0,79.074,223.491
2021,2,Emilia Romagna Grand Prix,2021-04-18,imola,Autodromo Enzo e Dino Ferrari,Italy,Imola,44.3439,11.7167,mick_schumacher,MSC,47,Mick,Schumacher,1999-03-22,German,haas,Haas F1 Team,18,16,16,0.0,61,+2 Laps,,11.0,79.193,223.156
2021,2,Emilia Romagna Grand Prix,2021-04-18,imola,Autodromo Enzo e Dino Ferrari,Italy,Imola,44.3439,11.7167,mazepin,MAZ,9,Nikita,Mazepin,1999-03-02,Russian,haas,Haas F1 Team,19,17,17,0.0,61,+2 Laps,,17.0,80.402,219.8
2021,2,Emilia Romagna Grand Prix,2021-04-18,imola,Autodromo Enzo e Dino Ferrari,Italy,Imola,44.3439,11.7167,bottas,BOT,77,Valtteri,Bottas,1989-08-28,Finnish,mercedes,Mercedes,8,18,R,0.0,30,Collision,,19.0,88.485,199.721
2021,2,Emilia Romagna Grand Prix,2021-04-18,imola,Autodromo Enzo e Dino Ferrari,Italy,Imola,44.3439,11.7167,russell,RUS,63,George,Russell,1998-02-15,British,williams,Williams,12,19,R,0.0,30,Collision,,18.0,86.543,204.203
2021,2,Emilia Romagna Grand Prix,2021-04-18,imola,Autodromo Enzo e Dino Ferrari,Italy,Imola,44.3439,11.7167,latifi,LAT,6,Nicholas,Latifi,1995-06-29,Canadian,williams,Williams,14,20,R,0.0,0,Collision,,,,
2021,3,Portuguese Grand Prix,2021-05-02,portimao,Autódromo Internacional do Algarve,Portugal,Portimão,37.227,-8.6267,hamilton,HAM,44,Lewis,Hamilton,1985-01-07,British,mercedes,Mercedes,2,1,1,25.0,66,Finished,5671421.0,4.0,80.93299999999999,206.971
2021,3,Portuguese Grand Prix,2021-05-02,portimao,Autódromo Internacional do Algarve,Portugal,Portimão,37.227,-8.6267,max_verstappen,VER,33,Max,Verstappen,1997-09-30,Dutch,red_bull,Red Bull,3,2,2,18.0,66,Finished,5700569.0,3.0,80.695,207.581
2021,3,Portuguese Grand Prix,2021-05-02,portimao,Autódromo Internacional do Algarve,Portugal,Portimão,37.227,-8.6267,bottas,BOT,77,Valtteri,Bottas,1989-08-28,Finnish,mercedes,Mercedes,1,3,3,16.0,66,Finished,5704951.0,1.0,79.865,209.738
2021,3,Portuguese Grand Prix,2021-05-02,portimao,Autódromo Internacional do Algarve,Portugal,Portimão,37.227,-8.6267,perez,PER,11,Sergio,Pérez,1990-01-26,Mexican,red_bull,Red Bull,4,4,4,12.0,66,Finished,5711156.0,2.0,80.643,207.715
2021,3,Portuguese Grand Prix,2021-05-02,portimao,Autódromo Internacional do Algarve,Portugal,Portimão,37.227,-8.6267,norris,NOR,4,Lando,Norris,1999-11-13,British,mclaren,McLaren,7,5,5,10.0,66,Finished,5722790.0,7.0,81.696,205.038
2021,3,Portuguese Grand Prix,2021-05-02,portimao,Autódromo Internacional do Algarve,Portugal,Portimão,37.227,-8.6267,leclerc,LEC,16,Charles,Leclerc,1997-10-16,Monegasque,ferrari,Ferrari,8,6,6,8.0,66,Finished,5727202.0,6.0,81.496,205.541
2021,3,Portuguese Grand Prix,2021-05-02,portimao,Autódromo Internacional do Algarve,Portugal,Portimão,37.227,-8.6267,ocon,OCO,31,Esteban,Ocon,1996-09-17,French,alpine,Alpine F1 Team,6,7,7,6.0,66,Finished,5735170.0,8.0,81.886,204.562
2021,3,Portuguese Grand Prix,2021-05-02,portimao,Autódromo Internacional do Algarve,Portugal,Portimão,37.227,-8.6267,alonso,ALO,14,Fernando,Alonso,1981-07-29,Spanish,alpine,Alpine F1 Team,13,8,8,4.0,66,Finished,5673229.0,5.0,81.032,206.718
2021,3,Portuguese Grand Prix,2021-05-02,portimao,Autódromo Internacional do Algarve,Portugal,Portimão,37.227,-8.6267,ricciardo,RIC,3,Daniel,Ricciardo,1989-07-01,Australian,mclaren,McLaren,16,9,9,2.0,66,Finished,5746790.0,10.0,81.987,204.31
2021,3,Portuguese Grand Prix,2021-05-02,portimao,Autódromo Internacional do Algarve,Portugal,Portimão,37.227,-8.6267,gasly,GAS,10,Pierre,Gasly,1996-02-07,French,alphatauri,AlphaTauri,9,10,10,1.0,66,Finished,5747884.0,11.0,82.014,204.243
2021,3,Portuguese Grand Prix,2021-05-02,portimao,Autódromo Internacional do Algarve,Portugal,Portimão,37.227,-8.6267,sainz,SAI,55,Carlos,Sainz,1994-09-01,Spanish,ferrari,Ferrari,5,11,11,0.0,66,Finished,5750376.0,14.0,82.325,203.471
2021,3,Portuguese Grand Prix,2021-05-02,portimao,Autódromo Internacional do Algarve,Portugal,Portimão,37.227,-8.6267,giovinazzi,GIO,99,Antonio,Giovinazzi,1993-12-14,Italian,alfa,Alfa Romeo,12,12,12,0.0,65,+1 Lap,,13.0,82.167,203.862
2021,3,Portuguese Grand Prix,2021-05-02,portimao,Autódromo Internacional do Algarve,Portugal,Portimão,37.227,-8.6267,vettel,VET,5,Sebastian,Vettel,1987-07-03,German,aston_martin,Aston Martin,10,13,13,0.0,65,+1 Lap,,15.0,82.416,203.246
2021,3,Portuguese Grand Prix,2021-05-02,portimao,Autódromo Internacional do Algarve,Portugal,Portimão,37.227,-8.6267,stroll,STR,18,Lance,Stroll,1998-10-29,Canadian,aston_martin,Aston Martin,17,14,14,0.0,65,+1 Lap,,9.0,81.97,204.352
2021,3,Portuguese Grand Prix,2021-05-02,portimao,Autódromo Internacional do Algarve,Portugal,Portimão,37.227,-8.6267,tsunoda,TSU,22,Yuki,Tsunoda,2000-05-11,Japanese,alphatauri,AlphaTauri,14,15,15,0.0,65,+1 Lap,,12.0,82.05799999999999,204.133
2021,3,Portuguese Grand Prix,2021-05-02,portimao,Autódromo Internacional do Algarve,Portugal,Portimão,37.227,-8.6267,russell,RUS,63,George,Russell,1998-02-15,British,williams,Williams,11,16,16,0.0,65,+1 Lap,,16.0,82.654,202.661
2021,3,Portuguese Grand Prix,2021-05-02,portimao,Autódromo Internacional do Algarve,Portugal,Portimão,37.227,-8.6267,mick_schumacher,MSC,47,Mick,Schumacher,1999-03-22,German,haas,Haas F1 Team,19,17,17,0.0,64,+2 Laps,,17.0,82.755,202.414
2021,3,Portuguese Grand Prix,2021-05-02,portimao,Autódromo Internacional do Algarve,Portugal,Portimão,37.227,-8.6267,latifi,LAT,6,Nicholas,Latifi,1995-06-29,Canadian,williams,Williams,18,18,18,0.0,64,+2 Laps,,18.0,83.155,201.44
2021,3,Portuguese Grand Prix,2021-05-02,portimao,Autódromo Internacional do Algarve,Portugal,Portimão,37.227,-8.6267,mazepin,MAZ,9,Nikita,Mazepin,1999-03-02,Russian,haas,Haas F1 Team,20,19,19,0.0,64,+2 Laps,,19.0,83.64099999999999,200.27
2021,3,Portuguese Grand Prix,2021-05-02,portimao,Autódromo Internacional do Algarve,Portugal,Portimão,37.227,-8.6267,raikkonen,RAI,7,Kimi,Räikkönen,1979-10-17,Finnish,alfa,Alfa Romeo,15,20,R,0.0,1,Collision damage,,,,
2021,4,Spanish Grand Prix,2021-05-09,catalunya,Circuit de Barcelona-Catalunya,Spain,Barcelona,41.57,2.26111,hamilton,HAM,44,Lewis,Hamilton,1985-01-07,British,mercedes,Mercedes,1,1,1,25.0,66,Finished,5587680.0,5.0,80.66499999999999,208.64
2021,4,Spanish Grand Prix,2021-05-09,catalunya,Circuit de Barcelona-Catalunya,Spain,Barcelona,41.57,2.26111,max_verstappen,VER,33,Max,Verstappen,1997-09-30,Dutch,red_bull,Red Bull,2,2,2,19.0,66,Finished,5603521.0,1.0,78.149,215.357
2021,4,Spanish Grand Prix,2021-05-09,catalunya,Circuit de Barcelona-Catalunya,Spain,Barcelona,41.57,2.26111,bottas,BOT,77,Valtteri,Bottas,1989-08-28,Finnish,mercedes,Mercedes,3,3,3,15.0,66,Finished,5614290.0,2.0,79.43,211.884
2021,4,Spanish Grand Prix,2021-05-09,catalunya,Circuit de Barcelona-Catalunya,Spain,Barcelona,41.57,2.26111,leclerc,LEC,16,Charles,Leclerc,1997-10-16,Monegasque,ferrari,Ferrari,4,4,4,12.0,66,Finished,5642296.0,4.0,80.459,209.174
2021,4,Spanish Grand Prix,2021-05-09,catalunya,Circuit de Barcelona-Catalunya,Spain,Barcelona,41.57,2.26111,perez,PER,11,Sergio,Pérez,1990-01-26,Mexican,red_bull,Red Bull,8,5,5,10.0,66,Finished,5651351.0,3.0,79.483,211.743
2021,4,Spanish Grand Prix,2021-05-09,catalunya,Circuit de Barcelona-Catalunya,Spain,Barcelona,41.57,2.26111,ricciardo,RIC,3,Daniel,Ricciardo,1989-07-01,Australian,mclaren,McLaren,7,6,6,8.0,66,Finished,5661448.0,10.0,81.85300000000001,205.612
2021,4,Spanish Grand Prix,2021-05-09,catalunya,Circuit de Barcelona-Catalunya,Spain,Barcelona,41.57,2.26111,sainz,SAI,55,Carlos,Sainz,1994-09-01,Spanish,ferrari,Ferrari,6,7,7,6.0,66,Finished,5662350.0,9.0,81.568,206.33
2021,4,Spanish Grand Prix,2021-05-09,catalunya,Circuit de Barcelona-Catalunya,Spain,Barcelona,41.57,2.26111,norris,NOR,4,Lando,Norris,1999-11-13,British,mclaren,McLaren,9,8,8,4.0,65,+1 Lap,,7.0,81.279,207.064
2021,4,Spanish Grand Prix,2021-05-09,catalunya,Circuit de Barcelona-Catalunya,Spain,Barcelona,41.57,2.26111,ocon,OCO,31,Esteban,Ocon,1996-09-17,French,alpine,Alpine F1 Team,5,9,9,2.0,65,+1 Lap,,18.0,83.311,202.014
2021,4,Spanish Grand Prix,2021-05-09,catalunya,Circuit de Barcelona-Catalunya,Spain,Barcelona,41.57,2.26111,gasly,GAS,10,Pierre,Gasly,1996-02-07,French,alphatauri,AlphaTauri,12,10,10,1.0,65,+1 Lap,,8.0,81.375,206.82
2021,4,Spanish Grand Prix,2021-05-09,catalunya,Circuit de Barcelona-Catalunya,Spain,Barcelona,41.57,2.26111,stroll,STR,18,Lance,Stroll,1998-10-29,Canadian,aston_martin,Aston Martin,11,11,11,0.0,65,+1 Lap,,11.0,82.607,203.735
2021,4,Spanish Grand Prix,2021-05-09,catalunya,Circuit de Barcelona-Catalunya,Spain,Barcelona,41.57,2.26111,raikkonen,RAI,7,Kimi,Räikkönen,1979-10-17,Finnish,alfa,Alfa Romeo,17,12,12,0.0,65,+1 Lap,,15.0,82.868,203.094
2021,4,Spanish Grand Prix,2021-05-09,catalunya,Circuit de Barcelona-Catalunya,Spain,Barcelona,41.57,2.26111,vettel,VET,5,Sebastian,Vettel,1987-07-03,German,aston_martin,Aston Martin,13,13,13,0.0,65,+1 Lap,,14.0,82.82,203.211
2021,4,Spanish Grand Prix,2021-05-09,catalunya,Circuit de Barcelona-Catalunya,Spain,Barcelona,41.57,2.26111,russell,RUS,63,George,Russell,1998-02-15,British,williams,Williams,15,14,14,0.0,65,+1 Lap,,17.0,83.208,202.264
2021,4,Spanish Grand Prix,2021-05-09,catalunya,Circuit de Barcelona-Catalunya,Spain,Barcelona,41.57,2.26111,giovinazzi,GIO,99,Antonio,Giovinazzi,1993-12-14,Italian,alfa,Alfa Romeo,14,15,15,0.0,65,+1 Lap,,13.0,82.80199999999999,203.255
2021,4,Spanish Grand Prix,2021-05-09,catalunya,Circuit de Barcelona-Catalunya,Spain,Barcelona,41.57,2.26111,latifi,LAT,6,Nicholas,Latifi,1995-06-29,Canadian,williams,Williams,19,16,16,0.0,65,+1 Lap,,16.0,82.905,203.003
2021,4,Spanish Grand Prix,2021-05-09,catalunya,Circuit de Barcelona-Catalunya,Spain,Barcelona,41.57,2.26111,alonso,ALO,14,Fernando,Alonso,1981-07-29,Spanish,alpine,Alpine F1 Team,10,17,17,0.0,65,+1 Lap,,6.0,81.182,207.311
2021,4,Spanish Grand Prix,2021-05-09,catalunya,Circuit de Barcelona-Catalunya,Spain,Barcelona,41.57,2.26111,mick_schumacher,MSC,47,Mick,Schumacher,1999-03-22,German,haas,Haas F1 Team,18,18,18,0.0,64,+2 Laps,,12.0,82.637,203.661
2021,4,Spanish Grand Prix,2021-05-09,catalunya,Circuit de Barcelona-Catalunya,Spain,Barcelona,41.57,2.26111,mazepin,MAZ,9,Nikita,Mazepin,1999-03-02,Russian,haas,Haas F1 Team,20,19,19,0.0,64,+2 Laps,,19.0,84.03999999999999,200.261
2021,4,Spanish Grand Prix,2021-05-09,catalunya,Circuit de Barcelona-Catalunya,Spain,Barcelona,41.57,2.26111,tsunoda,TSU,22,Yuki,Tsunoda,2000-05-11,Japanese,alphatauri,AlphaTauri,16,20,R,0.0,6,Electrical,,20.0,84.825,198.408
2021,5,Monaco Grand Prix,2021-05-23,monaco,Circuit de Monaco,Monaco,Monte Carlo,43.7347,7.42056,max_verstappen,VER,33,Max,Verstappen,1997-09-30,Dutch,red_bull,Red Bull,2,1,1,25.0,78,Finished,5936820.0,6.0,74.649,160.929
2021,5,Monaco Grand Prix,2021-05-23,monaco,Circuit de Monaco,Monaco,Monte Carlo,43.7347,7.42056,sainz,SAI,55,Carlos,Sainz,1994-09-01,Spanish,ferrari,Ferrari,4,2,2,18.0,78,Finished,5945788.0,5.0,74.621,160.989
2021,5,Monaco Grand Prix,2021-05-23,monaco,Circuit de Monaco,Monaco,Monte Carlo,43.7347,7.42056,norris,NOR,4,Lando,Norris,1999-11-13,British,mclaren,McLaren,5,3,3,15.0,78,Finished,5956247.0,7.0,74.67,160.883
2021,5,Monaco Grand Prix,2021-05-23,monaco,Circuit de Monaco,Monaco,Monte Carlo,43.7347,7.42056,perez,PER,11,Sergio,Pérez,1990-01-26,Mexican,red_bull,Red Bull,9,4,4,12.0,78,Finished,5957310.0,3.0,74.55199999999999,161.138
2021,5,Monaco Grand Prix,2021-05-23,monaco,Circuit de Monaco,Monaco,Monte Carlo,43.7347,7.42056,vettel,VET,5,Sebastian,Vettel,1987-07-03,German,aston_martin,Aston Martin,8,5,5,10.0,78,Finished,5989411.0,11.0,75.316,159.503
2021,5,Monaco Grand Prix,2021-05-23,monaco,Circuit de Monaco,Monaco,Monte Carlo,43.7347,7.42056,gasly,GAS,10,Pierre,Gasly,1996-02-07,French,alphatauri,AlphaTauri,6,6,6,8.0,78,Finished,5990716.0,14.0,75.412,159.3
2021,5,Monaco Grand Prix,2021-05-23,monaco,Circuit de Monaco,Monaco,Monte Carlo,43.7347,7.42056,hamilton,HAM,44,Lewis,Hamilton,1985-01-07,British,mercedes,Mercedes,7,7,7,7.0,78,Finished,6005051.0,1.0,72.909,164.769
2021,5,Monaco Grand Prix,2021-05-23,monaco,Circuit de Monaco,Monaco,Monte Carlo,43.7347,7.42056,stroll,STR,18,Lance,Stroll,1998-10-29,Canadian,aston_martin,Aston Martin,13,8,8,4.0,77,+1 Lap,,8.0,74.674,160.875
2021,5,Monaco Grand Prix,2021-05-23,monaco,Circuit de Monaco,Monaco,Monte Carlo,43.7347,7.42056,ocon,OCO,31,Esteban,Ocon,1996-09-17,French,alpine,Alpine F1 Team,11,9,9,2.0,77,+1 Lap,,12.0,75.316,159.503
2021,5,Monaco Grand Prix,2021-05-23,monaco,Circuit de Monaco,Monaco,Monte Carlo,43.7347,7.42056,giovinazzi,GIO,99,Antonio,Giovinazzi,1993-12-14,Italian,alfa,Alfa Romeo,10,10,10,1.0,77,+1 Lap,,13.0,75.331,159.472
2021,5,Monaco Grand Prix,2021-05-23,monaco,Circuit de Monaco,Monaco,Monte Carlo,43.7347,7.42056,raikkonen,RAI,7,Kimi,Räikkönen,1979-10-17,Finnish,alfa,Alfa Romeo,14,11,11,0.0,77,+1 Lap,,9.0,74.971,160.237
2021,5,Monaco Grand Prix,2021-05-23,monaco,Circuit de Monaco,Monaco,Monte Carlo,43.7347,7.42056,ricciardo,RIC,3,Daniel,Ricciardo,1989-07-01,Australian,mclaren,McLaren,12,12,12,0.0,77,+1 Lap,,4.0,74.578,161.082
2021,5,Monaco Grand Prix,2021-05-23,monaco,Circuit de Monaco,Monaco,Monte Carlo,43.7347,7.42056,alonso,ALO,14,Fernando,Alonso,1981-07-29,Spanish,alpine,Alpine F1 Team,17,13,13,0.0,77,+1 Lap,,10.0,75.026,160.12
2021,5,Monaco Grand Prix,2021-05-23,monaco,Circuit de Monaco,Monaco,Monte Carlo,43.7347,7.42056,russell,RUS,63,George,Russell,1998-02-15,British,williams,Williams,15,14,14,0.0,77,+1 Lap,,15.0,75.539,159.033
2021,5,Monaco Grand Prix,2021-05-23,monaco,Circuit de Monaco,Monaco,Monte Carlo,43.7347,7.42056,latifi,LAT,6,Nicholas,Latifi,1995-06-29,Canadian,williams,Williams,18,15,15,0.0,77,+1 Lap,,16.0,75.57300000000001,158.961
2021,5,Monaco Grand Prix,2021-05-23,monaco,Circuit de Monaco,Monaco,Monte Carlo,43.7347,7.42056,tsunoda,TSU,22,Yuki,Tsunoda,2000-05-11,Japanese,alphatauri,AlphaTauri,16,16,16,0.0,77,+1 Lap,,2.0,74.037,162.259
2021,5,Monaco Grand Prix,2021-05-23,monaco,Circuit de Monaco,Monaco,Monte Carlo,43.7347,7.42056,mazepin,MAZ,9,Nikita,Mazepin,1999-03-02,Russian,haas,Haas F1 Team,19,17,17,0.0,75,+3 Laps,,19.0,76.866,156.287
2021,5,Monaco Grand Prix,2021-05-23,monaco,Circuit de Monaco,Monaco,Monte Carlo,43.7347,7.42056,mick_schumacher,MSC,47,Mick,Schumacher,1999-03-22,German,haas,Haas F1 Team,20,18,18,0.0,75,+3 Laps,,18.0,76.425,157.189
2021,5,Monaco Grand Prix,2021-05-23,monaco,Circuit de Monaco,Monaco,Monte Carlo,43.7347,7.42056,bottas,BOT,77,Valtteri,Bottas,1989-08-28,Finnish,mercedes,Mercedes,3,19,R,0.0,29,Wheel nut,,17.0,75.706,158.682
2021,5,Monaco Grand Prix,2021-05-23,monaco,Circuit de Monaco,Monaco,Monte Carlo,43.7347,7.42056,leclerc,LEC,16,Charles,Leclerc,1997-10-16,Monegasque,ferrari,Ferrari,1,20,W,0.0,0,Driveshaft,,,,
2021,6,Azerbaijan Grand Prix,2021-06-06,baku,Baku City Circuit,Azerbaijan,Baku,40.3725,49.8533,perez,PER,11,Sergio,Pérez,1990-01-26,Mexican,red_bull,Red Bull,6,1,1,25.0,51,Finished,8016410.0,2.0,104.687,206.432
2021,6,Azerbaijan Grand Prix,2021-06-06,baku,Baku City Circuit,Azerbaijan,Baku,40.3725,49.8533,vettel,VET,5,Sebastian,Vettel,1987-07-03,German,aston_martin,Aston Martin,11,2,2,18.0,51,Finished,8017795.0,4.0,104.89,206.032
2021,6,Azerbaijan Grand Prix,2021-06-06,baku,Baku City Circuit,Azerbaijan,Baku,40.3725,49.8533,gasly,GAS,10,Pierre,Gasly,1996-02-07,French,alphatauri,AlphaTauri,4,3,3,15.0,51,Finished,8019172.0,6.0,105.22,205.386
2021,6,Azerbaijan Grand Prix,2021-06-06,baku,Baku City Circuit,Azerbaijan,Baku,40.3725,49.8533,leclerc,LEC,16,Charles,Leclerc,1997-10-16,Monegasque,ferrari,Ferrari,1,4,4,12.0,51,Finished,8020238.0,8.0,105.382,205.071
2021,6,Azerbaijan Grand Prix,2021-06-06,baku,Baku City Circuit,Azerbaijan,Baku,40.3725,49.8533,norris,NOR,4,Lando,Norris,1999-11-13,British,mclaren,McLaren,9,5,5,10.0,51,Finished,8021164.0,7.0,105.326,205.18
2021,6,Azerbaijan Grand Prix,2021-06-06,baku,Baku City Circuit,Azerbaijan,Baku,40.3725,49.8533,alonso,ALO,14,Fernando,Alonso,1981-07-29,Spanish,alpine,Alpine F1 Team,8,6,6,8.0,51,Finished,8022792.0,11.0,105.624,204.601
2021,6,Azerbaijan Grand Prix,2021-06-06,baku,Baku City Circuit,Azerbaijan,Baku,40.3725,49.8533,tsunoda,TSU,22,Yuki,Tsunoda,2000-05-11,Japanese,alphatauri,AlphaTauri,7,7,7,6.0,51,Finished,8023034.0,5.0,104.939,205.936
2021,6,Azerbaijan Grand Prix,2021-06-06,baku,Baku City Circuit,Azerbaijan,Baku,40.3725,49.8533,sainz,SAI,55,Carlos,Sainz,1994-09-01,Spanish,ferrari,Ferrari,5,8,8,4.0,51,Finished,8024119.0,13.0,105.7,204.454
2021,6,Azerbaijan Grand Prix,2021-06-06,baku,Baku City Circuit,Azerbaijan,Baku,40.3725,49.8533,ricciardo,RIC,3,Daniel,Ricciardo,1989-07-01,Australian,mclaren,McLaren,13,9,9,2.0,51,Finished,8025284.0,14.0,105.713,204.428
2021,6,Azerbaijan Grand Prix,2021-06-06,baku,Baku City Circuit,Azerbaijan,Baku,40.3725,49.8533,raikkonen,RAI,7,Kimi,Räikkönen,1979-10-17,Finnish,alfa,Alfa Romeo,14,10,10,1.0,51,Finished,8025986.0,10.0,105.601,204.645
2021,6,Azerbaijan Grand Prix,2021-06-06,baku,Baku City Circuit,Azerbaijan,Baku,40.3725,49.8533,giovinazzi,GIO,99,Antonio,Giovinazzi,1993-12-14,Italian,alfa,Alfa Romeo,20,11,11,0.0,51,Finished,8026664.0,9.0,105.575,204.696
2021,6,Azerbaijan Grand Prix,2021-06-06,baku,Baku City Circuit,Azerbaijan,Baku,40.3725,49.8533,bottas,BOT,77,Valtteri,Bottas,1989-08-28,Finnish,mercedes,Mercedes,10,12,12,0.0,51,Finished,8027674.0,12.0,105.66499999999999,204.521
2021,6,Azerbaijan Grand Prix,2021-06-06,baku,Baku City Circuit,Azerbaijan,Baku,40.3725,49.8533,mick_schumacher,MSC,47,Mick,Schumacher,1999-03-22,German,haas,Haas F1 Team,17,13,13,0.0,51,Finished,8030651.0,18.0,107.624,200.799
2021,6,Azerbaijan Grand Prix,2021-06-06,baku,Baku City Circuit,Azerbaijan,Baku,40.3725,49.8533,mazepin,MAZ,9,Nikita,Mazepin,1999-03-02,Russian,haas,Haas F1 Team,18,14,14,0.0,51,Finished,8030725.0,19.0,107.747,200.569
2021,6,Azerbaijan Grand Prix,2021-06-06,baku,Baku City Circuit,Azerbaijan,Baku,40.3725,49.8533,hamilton,HAM,44,Lewis,Hamilton,1985-01-07,British,mercedes,Mercedes,2,15,15,0.0,51,Finished,8034078.0,3.0,104.769,206.27
2021,6,Azerbaijan Grand Prix,2021-06-06,baku,Baku City Circuit,Azerbaijan,Baku,40.3725,49.8533,latifi,LAT,6,Nicholas,Latifi,1995-06-29,Canadian,williams,Williams,16,16,16,0.0,51,Finished,8059789.0,17.0,106.608,202.712
2021,6,Azerbaijan Grand Prix,2021-06-06,baku,Baku City Circuit,Azerbaijan,Baku,40.3725,49.8533,russell,RUS,63,George,Russell,1998-02-15,British,williams,Williams,15,17,R,0.0,48,Gearbox,,15.0,105.959,203.954
2021,6,Azerbaijan Grand Prix,2021-06-06,baku,Baku City Circuit,Azerbaijan,Baku,40.3725,49.8533,max_verstappen,VER,33,Max,Verstappen,1997-09-30,Dutch,red_bull,Red Bull,3,18,R,0.0,45,Accident,,1.0,104.481,206.839
2021,6,Azerbaijan Grand Prix,2021-06-06,baku,Baku City Circuit,Azerbaijan,Baku,40.3725,49.8533,stroll,STR,18,Lance,Stroll,1998-10-29,Canadian,aston_martin,Aston Martin,19,19,R,0.0,29,Accident,,16.0,106.207,203.478
2021,6,Azerbaijan Grand Prix,2021-06-06,baku,Baku City Circuit,Azerbaijan,Baku,40.3725,49.8533,ocon,OCO,31,Esteban,Ocon,1996-09-17,French,alpine,Alpine F1 Team,12,20,R,0.0,3,Turbo,,20.0,110.85,194.955
2021,7,French Grand Prix,2021-06-20,ricard,Circuit Paul Ricard,France,Le Castellet,43.2506,5.79167,max_verstappen,VER,33,Max,Verstappen,1997-09-30,Dutch,red_bull,Red Bull,1,1,1,26.0,53,Finished,5245770.0,1.0,96.404,218.156
2021,7,French Grand Prix,2021-06-20,ricard,Circuit Paul Ricard,France,Le Castellet,43.2506,5.79167,hamilton,HAM,44,Lewis,Hamilton,1985-01-07,British,mercedes,Mercedes,2,2,2,18.0,53,Finished,5248674.0,5.0,97.41,215.903
2021,7,French Grand Prix,2021-06-20,ricard,Circuit Paul Ricard,France,Le Castellet,43.2506,5.79167,perez,PER,11,Sergio,Pérez,1990-01-26,Mexican,red_bull,Red Bull,4,3,3,15.0,53,Finished,5254581.0,2.0,96.693,217.504
2021,7,French Grand Prix,2021-06-20,ricard,Circuit Paul Ricard,France,Le Castellet,43.2506,5.79167,bottas,BOT,77,Valtteri,Bottas,1989-08-28,Finnish,mercedes,Mercedes,3,4,4,12.0,53,Finished,5260388.0,3.0,96.96000000000001,216.905
2021,7,French Grand Prix,2021-06-20,ricard,Circuit Paul Ricard,France,Le Castellet,43.2506,5.79167,norris,NOR,4,Lando,Norris,1999-11-13,British,mclaren,McLaren,8,5,5,10.0,53,Finished,5309802.0,6.0,97.425,215.87
2021,7,French Grand Prix,2021-06-20,ricard,Circuit Paul Ricard,France,Le Castellet,43.2506,5.79167,ricciardo,RIC,3,Daniel,Ricciardo,1989-07-01,Australian,mclaren,McLaren,10,6,6,8.0,53,Finished,5321627.0,14.0,98.324,213.896
2021,7,French Grand Prix,2021-06-20,ricard,Circuit Paul Ricard,France,Le Castellet,43.2506,5.79167,gasly,GAS,10,Pierre,Gasly,1996-02-07,French,alphatauri,AlphaTauri,6,7,7,6.0,53,Finished,5322366.0,11.0,98.10300000000001,214.378
2021,7,French Grand Prix,2021-06-20,ricard,Circuit Paul Ricard,France,Le Castellet,43.2506,5.79167,alonso,ALO,14,Fernando,Alonso,1981-07-29,Spanish,alpine,Alpine F1 Team,9,8,8,4.0,53,Finished,5323465.0,7.0,97.646,215.382
2021,7,French Grand Prix,2021-06-20,ricard,Circuit Paul Ricard,France,Le Castellet,43.2506,5.79167,vettel,VET,5,Sebastian,Vettel,1987-07-03,German,aston_martin,Aston Martin,12,9,9,2.0,53,Finished,5325436.0,4.0,97.138,216.508
2021,7,French Grand Prix,2021-06-20,ricard,Circuit Paul Ricard,France,Le Castellet,43.2506,5.79167,stroll,STR,18,Lance,Stroll,1998-10-29,Canadian,aston_martin,Aston Martin,19,10,10,1.0,53,Finished,5337716.0,9.0,97.828,214.981
2021,7,French Grand Prix,2021-06-20,ricard,Circuit Paul Ricard,France,Le Castellet,43.2506,5.79167,sainz,SAI,55,Carlos,Sainz,1994-09-01,Spanish,ferrari,Ferrari,5,11,11,0.0,53,Finished,5345107.0,18.0,98.931,212.584
2021,7,French Grand Prix,2021-06-20,ricard,Circuit Paul Ricard,France,Le Castellet,43.2506,5.79167,russell,RUS,63,George,Russell,1998-02-15,British,williams,Williams,14,12,12,0.0,52,+1 Lap,,13.0,98.314,213.918
2021,7,French Grand Prix,2021-06-20,ricard,Circuit Paul Ricard,France,Le Castellet,43.2506,5.79167,tsunoda,TSU,22,Yuki,Tsunoda,2000-05-11,Japanese,alphatauri,AlphaTauri,0,13,13,0.0,52,+1 Lap,,19.0,98.97999999999999,212.479
2021,7,French Grand Prix,2021-06-20,ricard,Circuit Paul Ricard,France,Le Castellet,43.2506,5.79167,ocon,OCO,31,Esteban,Ocon,1996-09-17,French,alpine,Alpine F1 Team,11,14,14,0.0,52,+1 Lap,,15.0,98.64500000000001,213.2
2021,7,French Grand Prix,2021-06-20,ricard,Circuit Paul Ricard,France,Le Castellet,43.2506,5.79167,giovinazzi,GIO,99,Antonio,Giovinazzi,1993-12-14,Italian,alfa,Alfa Romeo,13,15,15,0.0,52,+1 Lap,,16.0,98.702,213.077
2021,7,French Grand Prix,2021-06-20,ricard,Circuit Paul Ricard,France,Le Castellet,43.2506,5.79167,leclerc,LEC,16,Charles,Leclerc,1997-10-16,Monegasque,ferrari,Ferrari,7,16,16,0.0,52,+1 Lap,,8.0,97.681,215.304
2021,7,French Grand Prix,2021-06-20,ricard,Circuit Paul Ricard,France,Le Castellet,43.2506,5.79167,raikkonen,RAI,7,Kimi,Räikkönen,1979-10-17,Finnish,alfa,Alfa Romeo,17,17,17,0.0,52,+1 Lap,,10.0,97.99199999999999,214.621
2021,7,French Grand Prix,2021-06-20,ricard,Circuit Paul Ricard,France,Le Castellet,43.2506,5.79167,latifi,LAT,6,Nicholas,Latifi,1995-06-29,Canadian,williams,Williams,16,18,18,0.0,52,+1 Lap,,12.0,98.313,213.92
2021,7,French Grand Prix,2021-06-20,ricard,Circuit Paul Ricard,France,Le Castellet,43.2506,5.79167,mick_schumacher,MSC,47,Mick,Schumacher,1999-03-22,German,haas,Haas F1 Team,15,19,19,0.0,52,+1 Lap,,17.0,98.84700000000001,212.765
2021,7,French Grand Prix,2021-06-20,ricard,Circuit Paul Ricard,France,Le Castellet,43.2506,5.79167,mazepin,MAZ,9,Nikita,Mazepin,1999-03-02,Russian,haas,Haas F1 Team,18,20,20,0.0,52,+1 Lap,,20.0,99.31700000000001,211.758
2021,8,Styrian Grand Prix,2021-06-27,red_bull_ring,Red Bull Ring,Austria,Spielberg,47.2197,14.7647,max_verstappen,VER,33,Max,Verstappen,1997-09-30,Dutch,red_bull,Red Bull,1,1,1,25.0,71,Finished,4938925.0,3.0,68.017,228.542
2021,8,Styrian Grand Prix,2021-06-27,red_bull_ring,Red Bull Ring,Austria,Spielberg,47.2197,14.7647,hamilton,HAM,44,Lewis,Hamilton,1985-01-07,British,mercedes,Mercedes,2,2,2,19.0,71,Finished,4974668.0,1.0,67.05799999999999,231.811
2021,8,Styrian Grand Prix,2021-06-27,red_bull_ring,Red Bull Ring,Austria,Spielberg,47.2197,14.7647,bottas,BOT,77,Valtteri,Bottas,1989-08-28,Finnish,mercedes,Mercedes,5,3,3,15.0,71,Finished,4985832.0,5.0,68.619,226.537
2021,8,Styrian Grand Prix,2021-06-27,red_bull_ring,Red Bull Ring,Austria,Spielberg,47.2197,14.7647,perez,PER,11,Sergio,Pérez,1990-01-26,Mexican,red_bull,Red Bull,4,4,4,12.0,71,Finished,4986359.0,2.0,67.894,228.956
2021,8,Styrian Grand Prix,2021-06-27,red_bull_ring,Red Bull Ring,Austria,Spielberg,47.2197,14.7647,norris,NOR,4,Lando,Norris,1999-11-13,British,mclaren,McLaren,3,5,5,10.0,70,+1 Lap,,7.0,68.903,225.604
2021,8,Styrian Grand Prix,2021-06-27,red_bull_ring,Red Bull Ring,Austria,Spielberg,47.2197,14.7647,sainz,SAI,55,Carlos,Sainz,1994-09-01,Spanish,ferrari,Ferrari,12,6,6,8.0,70,+1 Lap,,4.0,68.609,226.57
2021,8,Styrian Grand Prix,2021-06-27,red_bull_ring,Red Bull Ring,Austria,Spielberg,47.2197,14.7647,leclerc,LEC,16,Charles,Leclerc,1997-10-16,Monegasque,ferrari,Ferrari,7,7,7,6.0,70,+1 Lap,,6.0,68.738,226.145
2021,8,Styrian Grand Prix,2021-06-27,red_bull_ring,Red Bull Ring,Austria,Spielberg,47.2197,14.7647,stroll,STR,18,Lance,Stroll,1998-10-29,Canadian,aston_martin,Aston Martin,9,8,8,4.0,70,+1 Lap,,14.0,69.787,222.746
2021,8,Styrian Grand Prix,2021-06-27,red_bull_ring,Red Bull Ring,Austria,Spielberg,47.2197,14.7647,alonso,ALO,14,Fernando,Alonso,1981-07-29,Spanish,alpine,Alpine F1 Team,8,9,9,2.0,70,+1 Lap,,13.0,69.749,222.867
2021,8,Styrian Grand Prix,2021-06-27,red_bull_ring,Red Bull Ring,Austria,Spielberg,47.2197,14.7647,tsunoda,TSU,22,Yuki,Tsunoda,2000-05-11,Japanese,alphatauri,AlphaTauri,11,10,10,1.0,70,+1 Lap,,11.0,69.65,223.184
2021,8,Styrian Grand Prix,2021-06-27,red_bull_ring,Red Bull Ring,Austria,Spielberg,47.2197,14.7647,raikkonen,RAI,7,Kimi,Räikkönen,1979-10-17,Finnish,alfa,Alfa Romeo,18,11,11,0.0,70,+1 Lap,,8.0,69.128,224.869
2021,8,Styrian Grand Prix,2021-06-27,red_bull_ring,Red Bull Ring,Austria,Spielberg,47.2197,14.7647,vettel,VET,5,Sebastian,Vettel,1987-07-03,German,aston_martin,Aston Martin,14,12,12,0.0,70,+1 Lap,,15.0,69.821,222.637
2021,8,Styrian Grand Prix,2021-06-27,red_bull_ring,Red Bull Ring,Austria,Spielberg,47.2197,14.7647,ricciardo,RIC,3,Daniel,Ricciardo,1989-07-01,Australian,mclaren,McLaren,13,13,13,0.0,70,+1 Lap,,9.0,69.305,224.295
2021,8,Styrian Grand Prix,2021-06-27,red_bull_ring,Red Bull Ring,Austria,Spielberg,47.2197,14.7647,ocon,OCO,31,Esteban,Ocon,1996-09-17,French,alpine,Alpine F1 Team,17,14,14,0.0,70,+1 Lap,,10.0,69.576,223.421
2021,8,Styrian Grand Prix,2021-06-27,red_bull_ring,Red Bull Ring,Austria,Spielberg,47.2197,14.7647,giovinazzi,GIO,99,Antonio,Giovinazzi,1993-12-14,Italian,alfa,Alfa Romeo,15,15,15,0.0,70,+1 Lap,,12.0,69.723,222.95
2021,8,Styrian Grand Prix,2021-06-27,red_bull_ring,Red Bull Ring,Austria,Spielberg,47.2197,14.7647,mick_schumacher,MSC,47,Mick,Schumacher,1999-03-22,German,haas,Haas F1 Team,19,16,16,0.0,69,+2 Laps,,16.0,70.005,222.052
2021,8,Styrian Grand Prix,2021-06-27,red_bull_ring,Red Bull Ring,Austria,Spielberg,47.2197,14.7647,latifi,LAT,6,Nicholas,Latifi,1995-06-29,Canadian,williams,Williams,16,17,17,0.0,68,+3 Laps,,17.0,70.104,221.739
2021,8,Styrian Grand Prix,2021-06-27,red_bull_ring,Red Bull Ring,Austria,Spielberg,47.2197,14.7647,mazepin,MAZ,9,Nikita,Mazepin,1999-03-02,Russian,haas,Haas F1 Team,20,18,18,0.0,68,+3 Laps,,19.0,70.951,219.092
2021,8,Styrian Grand Prix,2021-06-27,red_bull_ring,Red Bull Ring,Austria,Spielberg,47.2197,14.7647,russell,RUS,63,George,Russell,1998-02-15,British,williams,Williams,10,19,R,0.0,36,Engine,,18.0,70.499,220.496
2021,8,Styrian Grand Prix,2021-06-27,red_bull_ring,Red Bull Ring,Austria,Spielberg,47.2197,14.7647,gasly,GAS,10,Pierre,Gasly,1996-02-07,French,alphatauri,AlphaTauri,6,20,R,0.0,1,Collision,,,,
2021,9,Austrian Grand Prix,2021-07-04,red_bull_ring,Red Bull Ring,Austria,Spielberg,47.2197,14.7647,max_verstappen,VER,33,Max,Verstappen,1997-09-30,Dutch,red_bull,Red Bull,1,1,1,26.0,71,Finished,5034543.0,1.0,66.2,234.815
2021,9,Austrian Grand Prix,2021-07-04,red_bull_ring,Red Bull Ring,Austria,Spielberg,47.2197,14.7647,bottas,BOT,77,Valtteri,Bottas,1989-08-28,Finnish,mercedes,Mercedes,5,2,2,18.0,71,Finished,5052516.0,6.0,68.374,227.349
2021,9,Austrian Grand Prix,2021-07-04,red_bull_ring,Red Bull Ring,Austria,Spielberg,47.2197,14.7647,norris,NOR,4,Lando,Norris,1999-11-13,British,mclaren,McLaren,2,3,3,15.0,71,Finished,5054562.0,10.0,68.471,227.027
2021,9,Austrian Grand Prix,2021-07-04,red_bull_ring,Red Bull Ring,Austria,Spielberg,47.2197,14.7647,hamilton,HAM,44,Lewis,Hamilton,1985-01-07,British,mercedes,Mercedes,4,4,4,12.0,71,Finished,5080995.0,3.0,68.126,228.177
2021,9,Austrian Grand Prix,2021-07-04,red_bull_ring,Red Bull Ring,Austria,Spielberg,47.2197,14.7647,sainz,SAI,55,Carlos,Sainz,1994-09-01,Spanish,ferrari,Ferrari,10,5,5,10.0,71,Finished,5091687.0,2.0,67.762,229.402
2021,9,Austrian Grand Prix,2021-07-04,red_bull_ring,Red Bull Ring,Austria,Spielberg,47.2197,14.7647,perez,PER,11,Sergio,Pérez,1990-01-26,Mexican,red_bull,Red Bull,3,6,6,8.0,71,Finished,5092458.0,5.0,68.19200000000001,227.956
2021,9,Austrian Grand Prix,2021-07-04,red_bull_ring,Red Bull Ring,Austria,Spielberg,47.2197,14.7647,ricciardo,RIC,3,Daniel,Ricciardo,1989-07-01,Australian,mclaren,McLaren,13,7,7,6.0,71,Finished,5094938.0,14.0,68.82,225.876
2021,9,Austrian Grand Prix,2021-07-04,red_bull_ring,Red Bull Ring,Austria,Spielberg,47.2197,14.7647,leclerc,LEC,16,Charles,Leclerc,1997-10-16,Monegasque,ferrari,Ferrari,12,8,8,4.0,71,Finished,5095738.0,13.0,68.69800000000001,226.277
2021,9,Austrian Grand Prix,2021-07-04,red_bull_ring,Red Bull Ring,Austria,Spielberg,47.2197,14.7647,gasly,GAS,10,Pierre,Gasly,1996-02-07,French,alphatauri,AlphaTauri,6,9,9,2.0,71,Finished,5096387.0,4.0,68.146,228.11
2021,9,Austrian Grand Prix,2021-07-04,red_bull_ring,Red Bull Ring,Austria,Spielberg,47.2197,14.7647,alonso,ALO,14,Fernando,Alonso,1981-07-29,Spanish,alpine,Alpine F1 Team,14,10,10,1.0,70,+1 Lap,,7.0,68.405,227.246
2021,9,Austrian Grand Prix,2021-07-04,red_bull_ring,Red Bull Ring,Austria,Spielberg,47.2197,14.7647,russell,RUS,63,George,Russell,1998-02-15,British,williams,Williams,8,11,11,0.0,70,+1 Lap,,16.0,68.9,225.613
2021,9,Austrian Grand Prix,2021-07-04,red_bull_ring,Red Bull Ring,Austria,Spielberg,47.2197,14.7647,tsunoda,TSU,22,Yuki,Tsunoda,2000-05-11,Japanese,alphatauri,AlphaTauri,7,12,12,0.0,70,+1 Lap,,9.0,68.455,227.08
2021,9,Austrian Grand Prix,2021-07-04,red_bull_ring,Red Bull Ring,Austria,Spielberg,47.2197,14.7647,stroll,STR,18,Lance,Stroll,1998-10-29,Canadian,aston_martin,Aston Martin,9,13,13,0.0,70,+1 Lap,,12.0,68.659,226.405
2021,9,Austrian Grand Prix,2021-07-04,red_bull_ring,Red Bull Ring,Austria,Spielberg,47.2197,14.7647,giovinazzi,GIO,99,Antonio,Giovinazzi,1993-12-14,Italian,alfa,Alfa Romeo,15,14,14,0.0,70,+1 Lap,,17.0,69.042,225.149
2021,9,Austrian Grand Prix,2021-07-04,red_bull_ring,Red Bull Ring,Austria,Spielberg,47.2197,14.7647,raikkonen,RAI,7,Kimi,Räikkönen,1979-10-17,Finnish,alfa,Alfa Romeo,16,15,15,0.0,70,+1 Lap,,15.0,68.874,225.699
2021,9,Austrian Grand Prix,2021-07-04,red_bull_ring,Red Bull Ring,Austria,Spielberg,47.2197,14.7647,latifi,LAT,6,Nicholas,Latifi,1995-06-29,Canadian,williams,Williams,18,16,16,0.0,70,+1 Lap,,11.0,68.52,226.865
2021,9,Austrian Grand Prix,2021-07-04,red_bull_ring,Red Bull Ring,Austria,Spielberg,47.2197,14.7647,vettel,VET,5,Sebastian,Vettel,1987-07-03,German,aston_martin,Aston Martin,11,17,17,0.0,69,Collision,,8.0,68.42,227.196
2021,9,Austrian Grand Prix,2021-07-04,red_bull_ring,Red Bull Ring,Austria,Spielberg,47.2197,14.7647,mick_schumacher,MSC,47,Mick,Schumacher,1999-03-22,German,haas,Haas F1 Team,19,18,18,0.0,69,+2 Laps,,18.0,69.394,224.007
2021,9,Austrian Grand Prix,2021-07-04,red_bull_ring,Red Bull Ring,Austria,Spielberg,47.2197,14.7647,mazepin,MAZ,9,Nikita,Mazepin,1999-03-02,Russian,haas,Haas F1 Team,20,19,19,0.0,69,+2 Laps,,19.0,69.757,222.842
2021,9,Austrian Grand Prix,2021-07-04,red_bull_ring,Red Bull Ring,Austria,Spielberg,47.2197,14.7647,ocon,OCO,31,Esteban,Ocon,1996-09-17,French,alpine,Alpine F1 Team,17,20,R,0.0,0,Collision,,,,
2021,10,British Grand Prix,2021-07-18,silverstone,Silverstone Circuit,UK,Silverstone,52.0786,-1.01694,hamilton,HAM,44,Lewis,Hamilton,1985-01-07,British,mercedes,Mercedes,2,1,1,25.0,52,Finished,7103284.0,2.0,89.699,236.43
2021,10,British Grand Prix,2021-07-18,silverstone,Silverstone Circuit,UK,Silverstone,52.0786,-1.01694,leclerc,LEC,16,Charles,Leclerc,1997-10-16,Monegasque,ferrari,Ferrari,4,2,2,18.0,52,Finished,7107155.0,5.0,90.569,234.159
2021,10,British Grand Prix,2021-07-18,silverstone,Silverstone Circuit,UK,Silverstone,52.0786,-1.01694,bottas,BOT,77,Valtteri,Bottas,1989-08-28,Finnish,mercedes,Mercedes,3,3,3,15.0,52,Finished,7114409.0,4.0,90.524,234.275
2021,10,British Grand Prix,2021-07-18,silverstone,Silverstone Circuit,UK,Silverstone,52.0786,-1.01694,norris,NOR,4,Lando,Norris,1999-11-13,British,mclaren,McLaren,5,4,4,12.0,52,Finished,7131857.0,9.0,91.42,231.979
2021,10,British Grand Prix,2021-07-18,silverstone,Silverstone Circuit,UK,Silverstone,52.0786,-1.01694,ricciardo,RIC,3,Daniel,Ricciardo,1989-07-01,Australian,mclaren,McLaren,6,5,5,10.0,52,Finished,7145908.0,8.0,91.28399999999999,232.325
2021,10,British Grand Prix,2021-07-18,silverstone,Silverstone Circuit,UK,Silverstone,52.0786,-1.01694,sainz,SAI,55,Carlos,Sainz,1994-09-01,Spanish,ferrari,Ferrari,10,6,6,8.0,52,Finished,7146738.0,7.0,91.223,232.48
2021,10,British Grand Prix,2021-07-18,silverstone,Silverstone Circuit,UK,Silverstone,52.0786,-1.01694,alonso,ALO,14,Fernando,Alonso,1981-07-29,Spanish,alpine,Alpine F1 Team,7,7,7,6.0,52,Finished,7175377.0,10.0,91.69800000000001,231.276
2021,10,British Grand Prix,2021-07-18,silverstone,Silverstone Circuit,UK,Silverstone,52.0786,-1.01694,stroll,STR,18,Lance,Stroll,1998-10-29,Canadian,aston_martin,Aston Martin,14,8,8,4.0,52,Finished,7177573.0,12.0,91.992,230.537
2021,10,British Grand Prix,2021-07-18,silverstone,Silverstone Circuit,UK,Silverstone,52.0786,-1.01694,ocon,OCO,31,Esteban,Ocon,1996-09-17,French,alpine,Alpine F1 Team,9,9,9,2.0,52,Finished,7179446.0,14.0,92.21000000000001,229.992
2021,10,British Grand Prix,2021-07-18,silverstone,Silverstone Circuit,UK,Silverstone,52.0786,-1.01694,tsunoda,TSU,22,Yuki,Tsunoda,2000-05-11,Japanese,alphatauri,AlphaTauri,16,10,10,1.0,52,Finished,7185349.0,6.0,90.826,233.497
2021,10,British Grand Prix,2021-07-18,silverstone,Silverstone Circuit,UK,Silverstone,52.0786,-1.01694,gasly,GAS,10,Pierre,Gasly,1996-02-07,French,alphatauri,AlphaTauri,11,11,11,0.0,52,Finished,7188611.0,3.0,90.26599999999999,234.945
2021,10,British Grand Prix,2021-07-18,silverstone,Silverstone Circuit,UK,Silverstone,52.0786,-1.01694,russell,RUS,63,George,Russell,1998-02-15,British,williams,Williams,12,12,12,0.0,51,+1 Lap,,13.0,92.049,230.394
2021,10,British Grand Prix,2021-07-18,silverstone,Silverstone Circuit,UK,Silverstone,52.0786,-1.01694,giovinazzi,GIO,99,Antonio,Giovinazzi,1993-12-14,Italian,alfa,Alfa Romeo,15,13,13,0.0,51,+1 Lap,,15.0,92.346,229.653
2021,10,British Grand Prix,2021-07-18,silverstone,Silverstone Circuit,UK,Silverstone,52.0786,-1.01694,latifi,LAT,6,Nicholas,Latifi,1995-06-29,Canadian,williams,Williams,17,14,14,0.0,51,+1 Lap,,16.0,92.477,229.328
2021,10,British Grand Prix,2021-07-18,silverstone,Silverstone Circuit,UK,Silverstone,52.0786,-1.01694,raikkonen,RAI,7,Kimi,Räikkönen,1979-10-17,Finnish,alfa,Alfa Romeo,13,15,15,0.0,51,+1 Lap,,11.0,91.895,230.78
2021,10,British Grand Prix,2021-07-18,silverstone,Silverstone Circuit,UK,Silverstone,52.0786,-1.01694,perez,PER,11,Sergio,Pérez,1990-01-26,Mexican,red_bull,Red Bull,0,16,16,0.0,51,+1 Lap,,1.0,88.617,239.317
2021,10,British Grand Prix,2021-07-18,silverstone,Silverstone Circuit,UK,Silverstone,52.0786,-1.01694,mazepin,MAZ,9,Nikita,Mazepin,1999-03-02,Russian,haas,Haas F1 Team,19,17,17,0.0,51,+1 Lap,,18.0,92.90899999999999,228.262
2021,10,British Grand Prix,2021-07-18,silverstone,Silverstone Circuit,UK,Silverstone,52.0786,-1.01694,mick_schumacher,MSC,47,Mick,Schumacher,1999-03-22,German,haas,Haas F1 Team,18,18,18,0.0,51,+1 Lap,,17.0,92.862,228.377
2021,10,British Grand Prix,2021-07-18,silverstone,Silverstone Circuit,UK,Silverstone,52.0786,-1.01694,vettel,VET,5,Sebastian,Vettel,1987-07-03,German,aston_martin,Aston Martin,8,19,R,0.0,40,Retired,,19.0,93.059,227.894
2021,10,British Grand Prix,2021-07-18,silverstone,Silverstone Circuit,UK,Silverstone,52.0786,-1.01694,max_verstappen,VER,33,Max,Verstappen,1997-09-30,Dutch,red_bull,Red Bull,1,20,R,0.0,0,Collision,,,,
2021,11,Hungarian Grand Prix,2021-08-01,hungaroring,Hungaroring,Hungary,Budapest,47.5789,19.2486,ocon,OCO,31,Esteban,Ocon,1996-09-17,French,alpine,Alpine F1 Team,8,1,1,25.0,70,Finished,7483199.0,5.0,81.42099999999999,193.704
2021,11,Hungarian Grand Prix,2021-08-01,hungaroring,Hungaroring,Hungary,Budapest,47.5789,19.2486,hamilton,HAM,44,Lewis,Hamilton,1985-01-07,British,mercedes,Mercedes,1,2,2,18.0,70,Finished,7485935.0,2.0,78.715,200.363
2021,11,Hungarian Grand Prix,2021-08-01,hungaroring,Hungaroring,Hungary,Budapest,47.5789,19.2486,sainz,SAI,55,Carlos,Sainz,1994-09-01,Spanish,ferrari,Ferrari,15,3,3,15.0,70,Finished,7498217.0,6.0,81.423,193.699
2021,11,Hungarian Grand Prix,2021-08-01,hungaroring,Hungaroring,Hungary,Budapest,47.5789,19.2486,alonso,ALO,14,Fernando,Alonso,1981-07-29,Spanish,alpine,Alpine F1 Team,9,4,4,12.0,70,Finished,7498850.0,3.0,80.35900000000001,196.264
2021,11,Hungarian Grand Prix,2021-08-01,hungaroring,Hungaroring,Hungary,Budapest,47.5789,19.2486,gasly,GAS,10,Pierre,Gasly,1996-02-07,French,alphatauri,AlphaTauri,5,5,5,11.0,70,Finished,7546813.0,1.0,78.394,201.183
2021,11,Hungarian Grand Prix,2021-08-01,hungaroring,Hungaroring,Hungary,Budapest,47.5789,19.2486,tsunoda,TSU,22,Yuki,Tsunoda,2000-05-11,Japanese,alphatauri,AlphaTauri,16,6,6,8.0,70,Finished,7559002.0,10.0,82.45,191.286
2021,11,Hungarian Grand Prix,2021-08-01,hungaroring,Hungaroring,Hungary,Budapest,47.5789,19.2486,latifi,LAT,6,Nicholas,Latifi,1995-06-29,Canadian,williams,Williams,18,7,7,6.0,70,Finished,7561109.0,14.0,82.831,190.406
2021,11,Hungarian Grand Prix,2021-08-01,hungaroring,Hungaroring,Hungary,Budapest,47.5789,19.2486,russell,RUS,63,George,Russell,1998-02-15,British,williams,Williams,17,8,8,4.0,70,Finished,7562293.0,9.0,82.112,192.074
2021,11,Hungarian Grand Prix,2021-08-01,hungaroring,Hungaroring,Hungary,Budapest,47.5789,19.2486,max_verstappen,VER,33,Max,Verstappen,1997-09-30,Dutch,red_bull,Red Bull,3,9,9,2.0,70,Finished,7563443.0,4.0,80.945,194.843
2021,11,Hungarian Grand Prix,2021-08-01,hungaroring,Hungaroring,Hungary,Budapest,47.5789,19.2486,raikkonen,RAI,7,Kimi,Räikkönen,1979-10-17,Finnish,alfa,Alfa Romeo,13,10,10,1.0,69,+1 Lap,,8.0,81.518,193.473
2021,11,Hungarian Grand Prix,2021-08-01,hungaroring,Hungaroring,Hungary,Budapest,47.5789,19.2486,ricciardo,RIC,3,Daniel,Ricciardo,1989-07-01,Australian,mclaren,McLaren,11,11,11,0.0,69,+1 Lap,,13.0,82.80199999999999,190.473
2021,11,Hungarian Grand Prix,2021-08-01,hungaroring,Hungaroring,Hungary,Budapest,47.5789,19.2486,mick_schumacher,MSC,47,Mick,Schumacher,1999-03-22,German,haas,Haas F1 Team,20,12,12,0.0,69,+1 Lap,,11.0,82.711,190.683
2021,11,Hungarian Grand Prix,2021-08-01,hungaroring,Hungaroring,Hungary,Budapest,47.5789,19.2486,giovinazzi,GIO,99,Antonio,Giovinazzi,1993-12-14,Italian,alfa,Alfa Romeo,0,13,13,0.0,69,+1 Lap,,12.0,82.736,190.625
2021,11,Hungarian Grand Prix,2021-08-01,hungaroring,Hungaroring,Hungary,Budapest,47.5789,19.2486,mazepin,MAZ,9,Nikita,Mazepin,1999-03-02,Russian,haas,Haas F1 Team,19,14,R,0.0,3,Collision,,,,
2021,11,Hungarian Grand Prix,2021-08-01,hungaroring,Hungaroring,Hungary,Budapest,47.5789,19.2486,norris,NOR,4,Lando,Norris,1999-11-13,British,mclaren,McLaren,6,15,R,0.0,2,Collision,,,,
2021,11,Hungarian Grand Prix,2021-08-01,hungaroring,Hungaroring,Hungary,Budapest,47.5789,19.2486,bottas,BOT,77,Valtteri,Bottas,1989-08-28,Finnish,mercedes,Mercedes,2,16,R,0.0,0,Collision,,,,
2021,11,Hungarian Grand Prix,2021-08-01,hungaroring,Hungaroring,Hungary,Budapest,47.5789,19.2486,perez,PER,11,Sergio,Pérez,1990-01-26,Mexican,red_bull,Red Bull,4,17,R,0.0,0,Collision,,,,
2021,11,Hungarian Grand Prix,2021-08-01,hungaroring,Hungaroring,Hungary,Budapest,47.5789,19.2486,leclerc,LEC,16,Charles,Leclerc,1997-10-16,Monegasque,ferrari,Ferrari,7,18,R,0.0,0,Collision,,,,
2021,11,Hungarian Grand Prix,2021-08-01,hungaroring,Hungaroring,Hungary,Budapest,47.5789,19.2486,stroll,STR,18,Lance,Stroll,1998-10-29,Canadian,aston_martin,Aston Martin,12,19,R,0.0,0,Collision,,,,
2021,11,Hungarian Grand Prix,2021-08-01,hungaroring,Hungaroring,Hungary,Budapest,47.5789,19.2486,vettel,VET,5,Sebastian,Vettel,1987-07-03,German,aston_martin,Aston Martin,10,20,D,0.0,70,Disqualified,,7.0,81.459,193.613
2021,12,Belgian Grand Prix,2021-08-29,spa,Circuit de Spa-Francorchamps,Belgium,Spa,50.4372,5.97139,max_verstappen,VER,33,Max,Verstappen,1997-09-30,Dutch,red_bull,Red Bull,1,1,1,12.5,1,Finished,207071.0,,,
2021,12,Belgian Grand Prix,2021-08-29,spa,Circuit de Spa-Francorchamps,Belgium,Spa,50.4372,5.97139,russell,RUS,63,George,Russell,1998-02-15,British,williams,Williams,2,2,2,9.0,1,Finished,209066.0,,,
2021,12,Belgian Grand Prix,2021-08-29,spa,Circuit de Spa-Francorchamps,Belgium,Spa,50.4372,5.97139,hamilton,HAM,44,Lewis,Hamilton,1985-01-07,British,mercedes,Mercedes,3,3,3,7.5,1,Finished,209672.0,,,
2021,12,Belgian Grand Prix,2021-08-29,spa,Circuit de Spa-Francorchamps,Belgium,Spa,50.4372,5.97139,ricciardo,RIC,3,Daniel,Ricciardo,1989-07-01,Australian,mclaren,McLaren,4,4,4,6.0,1,Finished,211567.0,,,
2021,12,Belgian Grand Prix,2021-08-29,spa,Circuit de Spa-Francorchamps,Belgium,Spa,50.4372,5.97139,vettel,VET,5,Sebastian,Vettel,1987-07-03,German,aston_martin,Aston Martin,5,5,5,5.0,1,Finished,214550.0,,,
2021,12,Belgian Grand Prix,2021-08-29,spa,Circuit de Spa-Francorchamps,Belgium,Spa,50.4372,5.97139,gasly,GAS,10,Pierre,Gasly,1996-02-07,French,alphatauri,AlphaTauri,6,6,6,4.0,1,Finished,217248.0,,,
2021,12,Belgian Grand Prix,2021-08-29,spa,Circuit de Spa-Francorchamps,Belgium,Spa,50.4372,5.97139,ocon,OCO,31,Esteban,Ocon,1996-09-17,French,alpine,Alpine F1 Team,8,7,7,3.0,1,Finished,218650.0,,,
2021,12,Belgian Grand Prix,2021-08-29,spa,Circuit de Spa-Francorchamps,Belgium,Spa,50.4372,5.97139,leclerc,LEC,16,Charles,Leclerc,1997-10-16,Monegasque,ferrari,Ferrari,9,8,8,2.0,1,Finished,219679.0,,,
2021,12,Belgian Grand Prix,2021-08-29,spa,Circuit de Spa-Francorchamps,Belgium,Spa,50.4372,5.97139,latifi,LAT,6,Nicholas,Latifi,1995-06-29,Canadian,williams,Williams,10,9,9,1.0,1,Finished,222556.0,,,
2021,12,Belgian Grand Prix,2021-08-29,spa,Circuit de Spa-Francorchamps,Belgium,Spa,50.4372,5.97139,sainz,SAI,55,Carlos,Sainz,1994-09-01,Spanish,ferrari,Ferrari,11,10,10,0.5,1,Finished,223237.0,,,
2021,12,Belgian Grand Prix,2021-08-29,spa,Circuit de Spa-Francorchamps,Belgium,Spa,50.4372,5.97139,alonso,ALO,14,Fernando,Alonso,1981-07-29,Spanish,alpine,Alpine F1 Team,12,11,11,0.0,1,Finished,227661.0,,,
2021,12,Belgian Grand Prix,2021-08-29,spa,Circuit de Spa-Francorchamps,Belgium,Spa,50.4372,5.97139,bottas,BOT,77,Valtteri,Bottas,1989-08-28,Finnish,mercedes,Mercedes,13,12,12,0.0,1,Finished,229485.0,,,
2021,12,Belgian Grand Prix,2021-08-29,spa,Circuit de Spa-Francorchamps,Belgium,Spa,50.4372,5.97139,giovinazzi,GIO,99,Antonio,Giovinazzi,1993-12-14,Italian,alfa,Alfa Romeo,14,13,13,0.0,1,Finished,231234.0,,,
2021,12,Belgian Grand Prix,2021-08-29,spa,Circuit de Spa-Francorchamps,Belgium,Spa,50.4372,5.97139,norris,NOR,4,Lando,Norris,1999-11-13,British,mclaren,McLaren,15,14,14,0.0,1,Finished,234181.0,,,
2021,12,Belgian Grand Prix,2021-08-29,spa,Circuit de Spa-Francorchamps,Belgium,Spa,50.4372,5.97139,tsunoda,TSU,22,Yuki,Tsunoda,2000-05-11,Japanese,alphatauri,AlphaTauri,16,15,15,0.0,1,Finished,235400.0,,,
2021,12,Belgian Grand Prix,2021-08-29,spa,Circuit de Spa-Francorchamps,Belgium,Spa,50.4372,5.97139,mick_schumacher,MSC,47,Mick,Schumacher,1999-03-22,German,haas,Haas F1 Team,17,16,16,0.0,1,Finished,236578.0,,,
2021,12,Belgian Grand Prix,2021-08-29,spa,Circuit de Spa-Francorchamps,Belgium,Spa,50.4372,5.97139,mazepin,MAZ,9,Nikita,Mazepin,1999-03-02,Russian,haas,Haas F1 Team,18,17,17,0.0,1,Finished,239064.0,,,
2021,12,Belgian Grand Prix,2021-08-29,spa,Circuit de Spa-Francorchamps,Belgium,Spa,50.4372,5.97139,raikkonen,RAI,7,Kimi,Räikkönen,1979-10-17,Finnish,alfa,Alfa Romeo,0,18,18,0.0,1,Finished,243125.0,,,
2021,12,Belgian Grand Prix,2021-08-29,spa,Circuit de Spa-Francorchamps,Belgium,Spa,50.4372,5.97139,perez,PER,11,Sergio,Pérez,1990-01-26,Mexican,red_bull,Red Bull,0,19,19,0.0,1,Finished,245276.0,,,
2021,12,Belgian Grand Prix,2021-08-29,spa,Circuit de Spa-Francorchamps,Belgium,Spa,50.4372,5.97139,stroll,STR,18,Lance,Stroll,1998-10-29,Canadian,aston_martin,Aston Martin,19,20,20,0.0,1,Finished,251179.0,,,
2021,13,Dutch Grand Prix,2021-09-05,zandvoort,Circuit Park Zandvoort,Netherlands,Zandvoort,52.3888,4.54092,max_verstappen,VER,33,Max,Verstappen,1997-09-30,Dutch,red_bull,Red Bull,1,1,1,25.0,72,Finished,5405395.0,3.0,73.275,209.244
2021,13,Dutch Grand Prix,2021-09-05,zandvoort,Circuit Park Zandvoort,Netherlands,Zandvoort,52.3888,4.54092,hamilton,HAM,44,Lewis,Hamilton,1985-01-07,British,mercedes,Mercedes,2,2,2,19.0,72,Finished,5426327.0,1.0,71.097,215.654
2021,13,Dutch Grand Prix,2021-09-05,zandvoort,Circuit Park Zandvoort,Netherlands,Zandvoort,52.3888,4.54092,bottas,BOT,77,Valtteri,Bottas,1989-08-28,Finnish,mercedes,Mercedes,3,3,3,15.0,72,Finished,5461855.0,2.0,72.549,211.338
2021,13,Dutch Grand Prix,2021-09-05,zandvoort,Circuit Park Zandvoort,Netherlands,Zandvoort,52.3888,4.54092,gasly,GAS,10,Pierre,Gasly,1996-02-07,French,alphatauri,AlphaTauri,4,4,4,12.0,71,+1 Lap,,10.0,74.818,204.929
2021,13,Dutch Grand Prix,2021-09-05,zandvoort,Circuit Park Zandvoort,Netherlands,Zandvoort,52.3888,4.54092,leclerc,LEC,16,Charles,Leclerc,1997-10-16,Monegasque,ferrari,Ferrari,5,5,5,10.0,71,+1 Lap,,9.0,74.78,205.033
2021,13,Dutch Grand Prix,2021-09-05,zandvoort,Circuit Park Zandvoort,Netherlands,Zandvoort,52.3888,4.54092,alonso,ALO,14,Fernando,Alonso,1981-07-29,Spanish,alpine,Alpine F1 Team,9,6,6,8.0,71,+1 Lap,,7.0,74.32300000000001,206.294
2021,13,Dutch Grand Prix,2021-09-05,zandvoort,Circuit Park Zandvoort,Netherlands,Zandvoort,52.3888,4.54092,sainz,SAI,55,Carlos,Sainz,1994-09-01,Spanish,ferrari,Ferrari,6,7,7,6.0,71,+1 Lap,,13.0,75.26,203.725
2021,13,Dutch Grand Prix,2021-09-05,zandvoort,Circuit Park Zandvoort,Netherlands,Zandvoort,52.3888,4.54092,perez,PER,11,Sergio,Pérez,1990-01-26,Mexican,red_bull,Red Bull,0,8,8,4.0,71,+1 Lap,,4.0,73.461,208.714
2021,13,Dutch Grand Prix,2021-09-05,zandvoort,Circuit Park Zandvoort,Netherlands,Zandvoort,52.3888,4.54092,ocon,OCO,31,Esteban,Ocon,1996-09-17,French,alpine,Alpine F1 Team,8,9,9,2.0,71,+1 Lap,,8.0,74.675,205.321
2021,13,Dutch Grand Prix,2021-09-05,zandvoort,Circuit Park Zandvoort,Netherlands,Zandvoort,52.3888,4.54092,norris,NOR,4,Lando,Norris,1999-11-13,British,mclaren,McLaren,13,10,10,1.0,71,+1 Lap,,6.0,74.236,206.535
2021,13,Dutch Grand Prix,2021-09-05,zandvoort,Circuit Park Zandvoort,Netherlands,Zandvoort,52.3888,4.54092,ricciardo,RIC,3,Daniel,Ricciardo,1989-07-01,Australian,mclaren,McLaren,10,11,11,0.0,71,+1 Lap,,11.0,74.92,204.65
2021,13,Dutch Grand Prix,2021-09-05,zandvoort,Circuit Park Zandvoort,Netherlands,Zandvoort,52.3888,4.54092,stroll,STR,18,Lance,Stroll,1998-10-29,Canadian,aston_martin,Aston Martin,12,12,12,0.0,70,+2 Laps,,15.0,75.611,202.78
2021,13,Dutch Grand Prix,2021-09-05,zandvoort,Circuit Park Zandvoort,Netherlands,Zandvoort,52.3888,4.54092,vettel,VET,5,Sebastian,Vettel,1987-07-03,German,aston_martin,Aston Martin,15,13,13,0.0,70,+2 Laps,,5.0,73.958,207.312
2021,13,Dutch Grand Prix,2021-09-05,zandvoort,Circuit Park Zandvoort,Netherlands,Zandvoort,52.3888,4.54092,giovinazzi,GIO,99,Antonio,Giovinazzi,1993-12-14,Italian,alfa,Alfa Romeo,7,14,14,0.0,70,+2 Laps,,12.0,75.125,204.091
2021,13,Dutch Grand Prix,2021-09-05,zandvoort,Circuit Park Zandvoort,Netherlands,Zandvoort,52.3888,4.54092,kubica,KUB,88,Robert,Kubica,1984-12-07,Polish,alfa,Alfa Romeo,16,15,15,0.0,70,+2 Laps,,14.0,75.44200000000001,203.234
2021,13,Dutch Grand Prix,2021-09-05,zandvoort,Circuit Park Zandvoort,Netherlands,Zandvoort,52.3888,4.54092,latifi,LAT,6,Nicholas,Latifi,1995-06-29,Canadian,williams,Williams,0,16,16,0.0,70,+2 Laps,,18.0,75.78999999999999,202.301
2021,13,Dutch Grand Prix,2021-09-05,zandvoort,Circuit Park Zandvoort,Netherlands,Zandvoort,52.3888,4.54092,russell,RUS,63,George,Russell,1998-02-15,British,williams,Williams,11,17,17,0.0,69,Gearbox,,16.0,75.628,202.734
2021,13,Dutch Grand Prix,2021-09-05,zandvoort,Circuit Park Zandvoort,Netherlands,Zandvoort,52.3888,4.54092,mick_schumacher,MSC,47,Mick,Schumacher,1999-03-22,German,haas,Haas F1 Team,17,18,18,0.0,69,+3 Laps,,19.0,75.92699999999999,201.936
2021,13,Dutch Grand Prix,2021-09-05,zandvoort,Circuit Park Zandvoort,Netherlands,Zandvoort,52.3888,4.54092,tsunoda,TSU,22,Yuki,Tsunoda,2000-05-11,Japanese,alphatauri,AlphaTauri,14,19,R,0.0,48,Power Unit,,17.0,75.783,202.319
2021,13,Dutch Grand Prix,2021-09-05,zandvoort,Circuit Park Zandvoort,Netherlands,Zandvoort,52.3888,4.54092,mazepin,MAZ,9,Nikita,Mazepin,1999-03-02,Russian,haas,Haas F1 Team,18,20,R,0.0,41,Hydraulics,,20.0,76.066,201.567
2021,14,Italian Grand Prix,2021-09-12,monza,Autodromo Nazionale di Monza,Italy,Monza,45.6156,9.28111,ricciardo,RIC,3,Daniel,Ricciardo,1989-07-01,Australian,mclaren,McLaren,2,1,1,26.0,53,Finished,4914365.0,1.0,84.812,245.894
2021,14,Italian Grand Prix,2021-09-12,monza,Autodromo Nazionale di Monza,Italy,Monza,45.6156,9.28111,norris,NOR,4,Lando,Norris,1999-11-13,British,mclaren,McLaren,3,2,2,18.0,53,Finished,4916112.0,3.0,84.971,245.434
2021,14,Italian Grand Prix,2021-09-12,monza,Autodromo Nazionale di Monza,Italy,Monza,45.6156,9.28111,bottas,BOT,77,Valtteri,Bottas,1989-08-28,Finnish,mercedes,Mercedes,19,3,3,15.0,53,Finished,4919286.0,2.0,84.827,245.85
2021,14,Italian Grand Prix,2021-09-12,monza,Autodromo Nazionale di Monza,Italy,Monza,45.6156,9.28111,leclerc,LEC,16,Charles,Leclerc,1997-10-16,Monegasque,ferrari,Ferrari,5,4,4,12.0,53,Finished,4921674.0,6.0,85.319,244.433
2021,14,Italian Grand Prix,2021-09-12,monza,Autodromo Nazionale di Monza,Italy,Monza,45.6156,9.28111,perez,PER,11,Sergio,Pérez,1990-01-26,Mexican,red_bull,Red Bull,8,5,5,10.0,53,Finished,4923088.0,4.0,85.156,244.901
2021,14,Italian Grand Prix,2021-09-12,monza,Autodromo Nazionale di Monza,Italy,Monza,45.6156,9.28111,sainz,SAI,55,Carlos,Sainz,1994-09-01,Spanish,ferrari,Ferrari,6,6,6,8.0,53,Finished,4924900.0,8.0,85.559,243.747
2021,14,Italian Grand Prix,2021-09-12,monza,Autodromo Nazionale di Monza,Italy,Monza,45.6156,9.28111,stroll,STR,18,Lance,Stroll,1998-10-29,Canadian,aston_martin,Aston Martin,9,7,7,6.0,53,Finished,4930169.0,13.0,85.85300000000001,242.912
2021,14,Italian Grand Prix,2021-09-12,monza,Autodromo Nazionale di Monza,Italy,Monza,45.6156,9.28111,alonso,ALO,14,Fernando,Alonso,1981-07-29,Spanish,alpine,Alpine F1 Team,10,8,8,4.0,53,Finished,4931566.0,7.0,85.47200000000001,243.995
2021,14,Italian Grand Prix,2021-09-12,monza,Autodromo Nazionale di Monza,Italy,Monza,45.6156,9.28111,russell,RUS,63,George,Russell,1998-02-15,British,williams,Williams,14,9,9,2.0,53,Finished,4934107.0,11.0,85.83500000000001,242.963
2021,14,Italian Grand Prix,2021-09-12,monza,Autodromo Nazionale di Monza,Italy,Monza,45.6156,9.28111,ocon,OCO,31,Esteban,Ocon,1996-09-17,French,alpine,Alpine F1 Team,12,10,10,1.0,53,Finished,4935233.0,9.0,85.566,243.727
2021,14,Italian Grand Prix,2021-09-12,monza,Autodromo Nazionale di Monza,Italy,Monza,45.6156,9.28111,latifi,LAT,6,Nicholas,Latifi,1995-06-29,Canadian,williams,Williams,13,11,11,0.0,53,Finished,4938108.0,16.0,85.953,242.63
2021,14,Italian Grand Prix,2021-09-12,monza,Autodromo Nazionale di Monza,Italy,Monza,45.6156,9.28111,vettel,VET,5,Sebastian,Vettel,1987-07-03,German,aston_martin,Aston Martin,11,12,12,0.0,53,Finished,4938986.0,15.0,85.938,242.672
2021,14,Italian Grand Prix,2021-09-12,monza,Autodromo Nazionale di Monza,Italy,Monza,45.6156,9.28111,giovinazzi,GIO,99,Antonio,Giovinazzi,1993-12-14,Italian,alfa,Alfa Romeo,7,13,13,0.0,53,Finished,4941581.0,10.0,85.718,243.295
2021,14,Italian Grand Prix,2021-09-12,monza,Autodromo Nazionale di Monza,Italy,Monza,45.6156,9.28111,kubica,KUB,88,Robert,Kubica,1984-12-07,Polish,alfa,Alfa Romeo,17,14,14,0.0,53,Finished,4944134.0,12.0,85.849,242.924
2021,14,Italian Grand Prix,2021-09-12,monza,Autodromo Nazionale di Monza,Italy,Monza,45.6156,9.28111,mick_schumacher,MSC,47,Mick,Schumacher,1999-03-22,German,haas,Haas F1 Team,18,15,15,0.0,53,Finished,4965453.0,17.0,86.707,240.52
2021,14,Italian Grand Prix,2021-09-12,monza,Autodromo Nazionale di Monza,Italy,Monza,45.6156,9.28111,mazepin,MAZ,9,Nikita,Mazepin,1999-03-02,Russian,haas,Haas F1 Team,16,16,R,0.0,41,Power Unit,,18.0,87.202,239.155
2021,14,Italian Grand Prix,2021-09-12,monza,Autodromo Nazionale di Monza,Italy,Monza,45.6156,9.28111,hamilton,HAM,44,Lewis,Hamilton,1985-01-07,British,mercedes,Mercedes,4,17,R,0.0,25,Collision,,14.0,85.87,242.864
2021,14,Italian Grand Prix,2021-09-12,monza,Autodromo Nazionale di Monza,Italy,Monza,45.6156,9.28111,max_verstappen,VER,33,Max,Verstappen,1997-09-30,Dutch,red_bull,Red Bull,1,18,R,0.0,25,Collision,,5.0,85.173,244.852
2021,14,Italian Grand Prix,2021-09-12,monza,Autodromo Nazionale di Monza,Italy,Monza,45.6156,9.28111,gasly,GAS,10,Pierre,Gasly,1996-02-07,French,alphatauri,AlphaTauri,0,19,R,0.0,3,Suspension,,19.0,89.005,234.31
2021,14,Italian Grand Prix,2021-09-12,monza,Autodromo Nazionale di Monza,Italy,Monza,45.6156,9.28111,tsunoda,TSU,22,Yuki,Tsunoda,2000-05-11,Japanese,alphatauri,AlphaTauri,0,20,W,0.0,0,Brakes,,,,
2021,15,Russian Grand Prix,2021-09-26,sochi,Sochi Autodrom,Russia,Sochi,43.4057,39.9578,hamilton,HAM,44,Lewis,Hamilton,1985-01-07,British,mercedes,Mercedes,4,1,1,25.0,53,Finished,5441001.0,2.0,97.575,215.76
2021,15,Russian Grand Prix,2021-09-26,sochi,Sochi Autodrom,Russia,Sochi,43.4057,39.9578,max_verstappen,VER,33,Max,Verstappen,1997-09-30,Dutch,red_bull,Red Bull,20,2,2,18.0,53,Finished,5494272.0,5.0,98.396,213.959
2021,15,Russian Grand Prix,2021-09-26,sochi,Sochi Autodrom,Russia,Sochi,43.4057,39.9578,sainz,SAI,55,Carlos,Sainz,1994-09-01,Spanish,ferrari,Ferrari,2,3,3,15.0,53,Finished,5503476.0,12.0,99.294,212.024
2021,15,Russian Grand Prix,2021-09-26,sochi,Sochi Autodrom,Russia,Sochi,43.4057,39.9578,ricciardo,RIC,3,Daniel,Ricciardo,1989-07-01,Australian,mclaren,McLaren,5,4,4,12.0,53,Finished,5506608.0,9.0,99.124,212.388
2021,15,Russian Grand Prix,2021-09-26,sochi,Sochi Autodrom,Russia,Sochi,43.4057,39.9578,bottas,BOT,77,Valtteri,Bottas,1989-08-28,Finnish,mercedes,Mercedes,16,5,5,10.0,53,Finished,5508534.0,3.0,98.21600000000001,214.352
2021,15,Russian Grand Prix,2021-09-26,sochi,Sochi Autodrom,Russia,Sochi,43.4057,39.9578,alonso,ALO,14,Fernando,Alonso,1981-07-29,Spanish,alpine,Alpine F1 Team,6,6,6,8.0,53,Finished,5522322.0,6.0,98.686,213.331
2021,15,Russian Grand Prix,2021-09-26,sochi,Sochi Autodrom,Russia,Sochi,43.4057,39.9578,norris,NOR,4,Lando,Norris,1999-11-13,British,mclaren,McLaren,1,7,7,7.0,53,Finished,5528225.0,1.0,97.423,216.096
2021,15,Russian Grand Prix,2021-09-26,sochi,Sochi Autodrom,Russia,Sochi,43.4057,39.9578,raikkonen,RAI,7,Kimi,Räikkönen,1979-10-17,Finnish,alfa,Alfa Romeo,13,8,8,4.0,53,Finished,5529956.0,16.0,100.289,209.921
2021,15,Russian Grand Prix,2021-09-26,sochi,Sochi Autodrom,Russia,Sochi,43.4057,39.9578,perez,PER,11,Sergio,Pérez,1990-01-26,Mexican,red_bull,Red Bull,8,9,9,2.0,53,Finished,5531077.0,10.0,99.215,212.193
2021,15,Russian Grand Prix,2021-09-26,sochi,Sochi Autodrom,Russia,Sochi,43.4057,39.9578,russell,RUS,63,George,Russell,1998-02-15,British,williams,Williams,3,10,10,1.0,53,Finished,5541552.0,18.0,100.596,209.28
2021,15,Russian Grand Prix,2021-09-26,sochi,Sochi Autodrom,Russia,Sochi,43.4057,39.9578,stroll,STR,18,Lance,Stroll,1998-10-29,Canadian,aston_martin,Aston Martin,7,11,11,0.0,53,Finished,5547199.0,17.0,100.464,209.555
2021,15,Russian Grand Prix,2021-09-26,sochi,Sochi Autodrom,Russia,Sochi,43.4057,39.9578,vettel,VET,5,Sebastian,Vettel,1987-07-03,German,aston_martin,Aston Martin,10,12,12,0.0,52,+1 Lap,,11.0,99.251,212.116
2021,15,Russian Grand Prix,2021-09-26,sochi,Sochi Autodrom,Russia,Sochi,43.4057,39.9578,gasly,GAS,10,Pierre,Gasly,1996-02-07,French,alphatauri,AlphaTauri,11,13,13,0.0,52,+1 Lap,,4.0,98.279,214.214
2021,15,Russian Grand Prix,2021-09-26,sochi,Sochi Autodrom,Russia,Sochi,43.4057,39.9578,ocon,OCO,31,Esteban,Ocon,1996-09-17,French,alpine,Alpine F1 Team,9,14,14,0.0,52,+1 Lap,,19.0,100.598,209.276
2021,15,Russian Grand Prix,2021-09-26,sochi,Sochi Autodrom,Russia,Sochi,43.4057,39.9578,leclerc,LEC,16,Charles,Leclerc,1997-10-16,Monegasque,ferrari,Ferrari,19,15,15,0.0,52,+1 Lap,,7.0,98.994,212.667
2021,15,Russian Grand Prix,2021-09-26,sochi,Sochi Autodrom,Russia,Sochi,43.4057,39.9578,giovinazzi,GIO,99,Antonio,Giovinazzi,1993-12-14,Italian,alfa,Alfa Romeo,17,16,16,0.0,52,+1 Lap,,8.0,99.05799999999999,212.53
2021,15,Russian Grand Prix,2021-09-26,sochi,Sochi Autodrom,Russia,Sochi,43.4057,39.9578,tsunoda,TSU,22,Yuki,Tsunoda,2000-05-11,Japanese,alphatauri,AlphaTauri,12,17,17,0.0,52,+1 Lap,,13.0,99.96000000000001,210.612
2021,15,Russian Grand Prix,2021-09-26,sochi,Sochi Autodrom,Russia,Sochi,43.4057,39.9578,mazepin,MAZ,9,Nikita,Mazepin,1999-03-02,Russian,haas,Haas F1 Team,15,18,18,0.0,51,+2 Laps,,20.0,101.713,206.982
2021,15,Russian Grand Prix,2021-09-26,sochi,Sochi Autodrom,Russia,Sochi,43.4057,39.9578,latifi,LAT,6,Nicholas,Latifi,1995-06-29,Canadian,williams,Williams,18,19,19,0.0,47,Accident,,14.0,100.0,210.528
2021,15,Russian Grand Prix,2021-09-26,sochi,Sochi Autodrom,Russia,Sochi,43.4057,39.9578,mick_schumacher,MSC,47,Mick,Schumacher,1999-03-22,German,haas,Haas F1 Team,14,20,R,0.0,32,Oil leak,,15.0,100.27600000000001,209.948
2021,16,Turkish Grand Prix,2021-10-10,istanbul,Istanbul Park,Turkey,Istanbul,40.9517,29.405,bottas,BOT,77,Valtteri,Bottas,1989-08-28,Finnish,mercedes,Mercedes,1,1,1,26.0,58,Finished,5464103.0,1.0,90.432,212.5
2021,16,Turkish Grand Prix,2021-10-10,istanbul,Istanbul Park,Turkey,Istanbul,40.9517,29.405,max_verstappen,VER,33,Max,Verstappen,1997-09-30,Dutch,red_bull,Red Bull,2,2,2,18.0,58,Finished,5478687.0,9.0,92.759,207.169
2021,16,Turkish Grand Prix,2021-10-10,istanbul,Istanbul Park,Turkey,Istanbul,40.9517,29.405,perez,PER,11,Sergio,Pérez,1990-01-26,Mexican,red_bull,Red Bull,6,3,3,15.0,58,Finished,5497574.0,4.0,92.459,207.841
2021,16,Turkish Grand Prix,2021-10-10,istanbul,Istanbul Park,Turkey,Istanbul,40.9517,29.405,leclerc,LEC,16,Charles,Leclerc,1997-10-16,Monegasque,ferrari,Ferrari,3,4,4,12.0,58,Finished,5501917.0,8.0,92.737,207.218
2021,16,Turkish Grand Prix,2021-10-10,istanbul,Istanbul Park,Turkey,Istanbul,40.9517,29.405,hamilton,HAM,44,Lewis,Hamilton,1985-01-07,British,mercedes,Mercedes,11,5,5,10.0,58,Finished,5505915.0,10.0,92.763,207.16
2021,16,Turkish Grand Prix,2021-10-10,istanbul,Istanbul Park,Turkey,Istanbul,40.9517,29.405,gasly,GAS,10,Pierre,Gasly,1996-02-07,French,alphatauri,AlphaTauri,4,6,6,8.0,58,Finished,5508395.0,11.0,92.814,207.046
2021,16,Turkish Grand Prix,2021-10-10,istanbul,Istanbul Park,Turkey,Istanbul,40.9517,29.405,norris,NOR,4,Lando,Norris,1999-11-13,British,mclaren,McLaren,7,7,7,6.0,58,Finished,5511316.0,3.0,92.446,207.87
2021,16,Turkish Grand Prix,2021-10-10,istanbul,Istanbul Park,Turkey,Istanbul,40.9517,29.405,sainz,SAI,55,Carlos,Sainz,1994-09-01,Spanish,ferrari,Ferrari,19,8,8,4.0,58,Finished,5515629.0,2.0,91.92099999999999,209.057
2021,16,Turkish Grand Prix,2021-10-10,istanbul,Istanbul Park,Turkey,Istanbul,40.9517,29.405,stroll,STR,18,Lance,Stroll,1998-10-29,Canadian,aston_martin,Aston Martin,8,9,9,2.0,58,Finished,5546121.0,6.0,92.608,207.506
2021,16,Turkish Grand Prix,2021-10-10,istanbul,Istanbul Park,Turkey,Istanbul,40.9517,29.405,ocon,OCO,31,Esteban,Ocon,1996-09-17,French,alpine,Alpine F1 Team,12,10,10,1.0,57,+1 Lap,,19.0,94.584,203.171
2021,16,Turkish Grand Prix,2021-10-10,istanbul,Istanbul Park,Turkey,Istanbul,40.9517,29.405,giovinazzi,GIO,99,Antonio,Giovinazzi,1993-12-14,Italian,alfa,Alfa Romeo,16,11,11,0.0,57,+1 Lap,,13.0,92.904,206.845
2021,16,Turkish Grand Prix,2021-10-10,istanbul,Istanbul Park,Turkey,Istanbul,40.9517,29.405,raikkonen,RAI,7,Kimi,Räikkönen,1979-10-17,Finnish,alfa,Alfa Romeo,17,12,12,0.0,57,+1 Lap,,5.0,92.586,207.556
2021,16,Turkish Grand Prix,2021-10-10,istanbul,Istanbul Park,Turkey,Istanbul,40.9517,29.405,ricciardo,RIC,3,Daniel,Ricciardo,1989-07-01,Australian,mclaren,McLaren,20,13,13,0.0,57,+1 Lap,,15.0,93.255,206.067
2021,16,Turkish Grand Prix,2021-10-10,istanbul,Istanbul Park,Turkey,Istanbul,40.9517,29.405,tsunoda,TSU,22,Yuki,Tsunoda,2000-05-11,Japanese,alphatauri,AlphaTauri,9,14,14,0.0,57,+1 Lap,,12.0,92.844,206.979
2021,16,Turkish Grand Prix,2021-10-10,istanbul,Istanbul Park,Turkey,Istanbul,40.9517,29.405,russell,RUS,63,George,Russell,1998-02-15,British,williams,Williams,13,15,15,0.0,57,+1 Lap,,16.0,93.399,205.749
2021,16,Turkish Grand Prix,2021-10-10,istanbul,Istanbul Park,Turkey,Istanbul,40.9517,29.405,alonso,ALO,14,Fernando,Alonso,1981-07-29,Spanish,alpine,Alpine F1 Team,5,16,16,0.0,57,+1 Lap,,14.0,93.25200000000001,206.073
2021,16,Turkish Grand Prix,2021-10-10,istanbul,Istanbul Park,Turkey,Istanbul,40.9517,29.405,latifi,LAT,6,Nicholas,Latifi,1995-06-29,Canadian,williams,Williams,15,17,17,0.0,57,+1 Lap,,17.0,93.672,205.149
2021,16,Turkish Grand Prix,2021-10-10,istanbul,Istanbul Park,Turkey,Istanbul,40.9517,29.405,vettel,VET,5,Sebastian,Vettel,1987-07-03,German,aston_martin,Aston Martin,10,18,18,0.0,57,+1 Lap,,7.0,92.72999999999999,207.233
2021,16,Turkish Grand Prix,2021-10-10,istanbul,Istanbul Park,Turkey,Istanbul,40.9517,29.405,mick_schumacher,MSC,47,Mick,Schumacher,1999-03-22,German,haas,Haas F1 Team,14,19,19,0.0,56,+2 Laps,,18.0,94.209,203.98
2021,16,Turkish Grand Prix,2021-10-10,istanbul,Istanbul Park,Turkey,Istanbul,40.9517,29.405,mazepin,MAZ,9,Nikita,Mazepin,1999-03-02,Russian,haas,Haas F1 Team,18,20,20,0.0,56,+2 Laps,,20.0,95.438,201.353
2021,17,United States Grand Prix,2021-10-24,americas,Circuit of the Americas,USA,Austin,30.1328,-97.6411,max_verstappen,VER,33,Max,Verstappen,1997-09-30,Dutch,red_bull,Red Bull,1,1,1,25.0,56,Finished,5676552.0,2.0,99.096,200.278
2021,17,United States Grand Prix,2021-10-24,americas,Circuit of the Americas,USA,Austin,30.1328,-97.6411,hamilton,HAM,44,Lewis,Hamilton,1985-01-07,British,mercedes,Mercedes,2,2,2,19.0,56,Finished,5677885.0,1.0,98.485,201.521
2021,17,United States Grand Prix,2021-10-24,americas,Circuit of the Americas,USA,Austin,30.1328,-97.6411,perez,PER,11,Sergio,Pérez,1990-01-26,Mexican,red_bull,Red Bull,3,3,3,15.0,56,Finished,5718775.0,4.0,99.566,199.333
2021,17,United States Grand Prix,2021-10-24,americas,Circuit of the Americas,USA,Austin,30.1328,-97.6411,leclerc,LEC,16,Charles,Leclerc,1997-10-16,Monegasque,ferrari,Ferrari,4,4,4,12.0,56,Finished,5728798.0,3.0,99.303,199.861
2021,17,United States Grand Prix,2021-10-24,americas,Circuit of the Americas,USA,Austin,30.1328,-97.6411,ricciardo,RIC,3,Daniel,Ricciardo,1989-07-01,Australian,mclaren,McLaren,6,5,5,10.0,56,Finished,5753406.0,8.0,100.345,197.785
2021,17,United States Grand Prix,2021-10-24,americas,Circuit of the Americas,USA,Austin,30.1328,-97.6411,bottas,BOT,77,Valtteri,Bottas,1989-08-28,Finnish,mercedes,Mercedes,9,6,6,8.0,56,Finished,5756680.0,6.0,100.14699999999999,198.176
2021,17,United States Grand Prix,2021-10-24,americas,Circuit of the Americas,USA,Austin,30.1328,-97.6411,sainz,SAI,55,Carlos,Sainz,1994-09-01,Spanish,ferrari,Ferrari,5,7,7,6.0,56,Finished,5760097.0,9.0,100.37700000000001,197.722
2021,17,United States Grand Prix,2021-10-24,americas,Circuit of the Americas,USA,Austin,30.1328,-97.6411,norris,NOR,4,Lando,Norris,1999-11-13,British,mclaren,McLaren,7,8,8,4.0,56,Finished,5760947.0,7.0,100.22800000000001,198.016
2021,17,United States Grand Prix,2021-10-24,americas,Circuit of the Americas,USA,Austin,30.1328,-97.6411,tsunoda,TSU,22,Yuki,Tsunoda,2000-05-11,Japanese,alphatauri,AlphaTauri,10,9,9,2.0,55,+1 Lap,,13.0,101.15100000000001,196.209
2021,17,United States Grand Prix,2021-10-24,americas,Circuit of the Americas,USA,Austin,30.1328,-97.6411,vettel,VET,5,Sebastian,Vettel,1987-07-03,German,aston_martin,Aston Martin,18,10,10,1.0,55,+1 Lap,,10.0,100.481,197.517
2021,17,United States Grand Prix,2021-10-24,americas,Circuit of the Americas,USA,Austin,30.1328,-97.6411,giovinazzi,GIO,99,Antonio,Giovinazzi,1993-12-14,Italian,alfa,Alfa Romeo,12,11,11,0.0,55,+1 Lap,,12.0,101.14500000000001,196.221
2021,17,United States Grand Prix,2021-10-24,americas,Circuit of the Americas,USA,Austin,30.1328,-97.6411,stroll,STR,18,Lance,Stroll,1998-10-29,Canadian,aston_martin,Aston Martin,13,12,12,0.0,55,+1 Lap,,14.0,101.189,196.135
2021,17,United States Grand Prix,2021-10-24,americas,Circuit of the Americas,USA,Austin,30.1328,-97.6411,raikkonen,RAI,7,Kimi,Räikkönen,1979-10-17,Finnish,alfa,Alfa Romeo,15,13,13,0.0,55,+1 Lap,,15.0,101.34,195.843
2021,17,United States Grand Prix,2021-10-24,americas,Circuit of the Americas,USA,Austin,30.1328,-97.6411,russell,RUS,63,George,Russell,1998-02-15,British,williams,Williams,20,14,14,0.0,55,+1 Lap,,11.0,101.12,196.269
2021,17,United States Grand Prix,2021-10-24,americas,Circuit of the Americas,USA,Austin,30.1328,-97.6411,latifi,LAT,6,Nicholas,Latifi,1995-06-29,Canadian,williams,Williams,14,15,15,0.0,55,+1 Lap,,17.0,101.818,194.924
2021,17,United States Grand Prix,2021-10-24,americas,Circuit of the Americas,USA,Austin,30.1328,-97.6411,mick_schumacher,MSC,47,Mick,Schumacher,1999-03-22,German,haas,Haas F1 Team,16,16,16,0.0,54,+2 Laps,,16.0,101.39500000000001,195.737
2021,17,United States Grand Prix,2021-10-24,americas,Circuit of the Americas,USA,Austin,30.1328,-97.6411,mazepin,MAZ,9,Nikita,Mazepin,1999-03-02,Russian,haas,Haas F1 Team,17,17,17,0.0,54,+2 Laps,,20.0,102.886,192.9
2021,17,United States Grand Prix,2021-10-24,americas,Circuit of the Americas,USA,Austin,30.1328,-97.6411,alonso,ALO,14,Fernando,Alonso,1981-07-29,Spanish,alpine,Alpine F1 Team,19,18,R,0.0,49,Rear wing,,5.0,100.06700000000001,198.335
2021,17,United States Grand Prix,2021-10-24,americas,Circuit of the Americas,USA,Austin,30.1328,-97.6411,ocon,OCO,31,Esteban,Ocon,1996-09-17,French,alpine,Alpine F1 Team,11,19,R,0.0,40,Mechanical,,19.0,102.194,194.207
2021,17,United States Grand Prix,2021-10-24,americas,Circuit of the Americas,USA,Austin,30.1328,-97.6411,gasly,GAS,10,Pierre,Gasly,1996-02-07,French,alphatauri,AlphaTauri,8,20,R,0.0,14,Suspension,,18.0,102.015,194.547
2021,18,Mexico City Grand Prix,2021-11-07,rodriguez,Autódromo Hermanos Rodríguez,Mexico,Mexico City,19.4042,-99.0907,max_verstappen,VER,33,Max,Verstappen,1997-09-30,Dutch,red_bull,Red Bull,3,1,1,25.0,71,Finished,5919086.0,2.0,78.999,196.134
2021,18,Mexico City Grand Prix,2021-11-07,rodriguez,Autódromo Hermanos Rodríguez,Mexico,Mexico City,19.4042,-99.0907,hamilton,HAM,44,Lewis,Hamilton,1985-01-07,British,mercedes,Mercedes,2,2,2,18.0,71,Finished,5935641.0,4.0,79.82,194.116
2021,18,Mexico City Grand Prix,2021-11-07,rodriguez,Autódromo Hermanos Rodríguez,Mexico,Mexico City,19.4042,-99.0907,perez,PER,11,Sergio,Pérez,1990-01-26,Mexican,red_bull,Red Bull,4,3,3,15.0,71,Finished,5936838.0,3.0,79.468,194.976
2021,18,Mexico City Grand Prix,2021-11-07,rodriguez,Autódromo Hermanos Rodríguez,Mexico,Mexico City,19.4042,-99.0907,gasly,GAS,10,Pierre,Gasly,1996-02-07,French,alphatauri,AlphaTauri,5,4,4,12.0,71,Finished,5982931.0,7.0,80.51,192.453
2021,18,Mexico City Grand Prix,2021-11-07,rodriguez,Autódromo Hermanos Rodríguez,Mexico,Mexico City,19.4042,-99.0907,leclerc,LEC,16,Charles,Leclerc,1997-10-16,Monegasque,ferrari,Ferrari,8,5,5,10.0,71,Finished,6000123.0,9.0,80.66499999999999,192.083
2021,18,Mexico City Grand Prix,2021-11-07,rodriguez,Autódromo Hermanos Rodríguez,Mexico,Mexico City,19.4042,-99.0907,sainz,SAI,55,Carlos,Sainz,1994-09-01,Spanish,ferrari,Ferrari,6,6,6,8.0,70,+1 Lap,,5.0,80.081,193.484
2021,18,Mexico City Grand Prix,2021-11-07,rodriguez,Autódromo Hermanos Rodríguez,Mexico,Mexico City,19.4042,-99.0907,vettel,VET,5,Sebastian,Vettel,1987-07-03,German,aston_martin,Aston Martin,9,7,7,6.0,70,+1 Lap,,6.0,80.46000000000001,192.572
2021,18,Mexico City Grand Prix,2021-11-07,rodriguez,Autódromo Hermanos Rodríguez,Mexico,Mexico City,19.4042,-99.0907,raikkonen,RAI,7,Kimi,Räikkönen,1979-10-17,Finnish,alfa,Alfa Romeo,10,8,8,4.0,70,+1 Lap,,11.0,80.713,191.969
2021,18,Mexico City Grand Prix,2021-11-07,rodriguez,Autódromo Hermanos Rodríguez,Mexico,Mexico City,19.4042,-99.0907,alonso,ALO,14,Fernando,Alonso,1981-07-29,Spanish,alpine,Alpine F1 Team,12,9,9,2.0,70,+1 Lap,,10.0,80.711,191.973
2021,18,Mexico City Grand Prix,2021-11-07,rodriguez,Autódromo Hermanos Rodríguez,Mexico,Mexico City,19.4042,-99.0907,norris,NOR,4,Lando,Norris,1999-11-13,British,mclaren,McLaren,18,10,10,1.0,70,+1 Lap,,8.0,80.617,192.197
2021,18,Mexico City Grand Prix,2021-11-07,rodriguez,Autódromo Hermanos Rodríguez,Mexico,Mexico City,19.4042,-99.0907,giovinazzi,GIO,99,Antonio,Giovinazzi,1993-12-14,Italian,alfa,Alfa Romeo,11,11,11,0.0,70,+1 Lap,,16.0,81.523,190.061
2021,18,Mexico City Grand Prix,2021-11-07,rodriguez,Autódromo Hermanos Rodríguez,Mexico,Mexico City,19.4042,-99.0907,ricciardo,RIC,3,Daniel,Ricciardo,1989-07-01,Australian,mclaren,McLaren,7,12,12,0.0,70,+1 Lap,,13.0,81.069,191.126
2021,18,Mexico City Grand Prix,2021-11-07,rodriguez,Autódromo Hermanos Rodríguez,Mexico,Mexico City,19.4042,-99.0907,ocon,OCO,31,Esteban,Ocon,1996-09-17,French,alpine,Alpine F1 Team,19,13,13,0.0,70,+1 Lap,,14.0,81.348,190.47
2021,18,Mexico City Grand Prix,2021-11-07,rodriguez,Autódromo Hermanos Rodríguez,Mexico,Mexico City,19.4042,-99.0907,stroll,STR,18,Lance,Stroll,1998-10-29,Canadian,aston_martin,Aston Martin,20,14,14,0.0,69,+2 Laps,,12.0,80.93,191.454
2021,18,Mexico City Grand Prix,2021-11-07,rodriguez,Autódromo Hermanos Rodríguez,Mexico,Mexico City,19.4042,-99.0907,bottas,BOT,77,Valtteri,Bottas,1989-08-28,Finnish,mercedes,Mercedes,1,15,15,0.0,69,+2 Laps,,1.0,77.774,199.223
2021,18,Mexico City Grand Prix,2021-11-07,rodriguez,Autódromo Hermanos Rodríguez,Mexico,Mexico City,19.4042,-99.0907,russell,RUS,63,George,Russell,1998-02-15,British,williams,Williams,16,16,16,0.0,69,+2 Laps,,18.0,82.01599999999999,188.919
2021,18,Mexico City Grand Prix,2021-11-07,rodriguez,Autódromo Hermanos Rodríguez,Mexico,Mexico City,19.4042,-99.0907,latifi,LAT,6,Nicholas,Latifi,1995-06-29,Canadian,williams,Williams,13,17,17,0.0,69,+2 Laps,,17.0,81.54599999999999,190.008
2021,18,Mexico City Grand Prix,2021-11-07,rodriguez,Autódromo Hermanos Rodríguez,Mexico,Mexico City,19.4042,-99.0907,mazepin,MAZ,9,Nikita,Mazepin,1999-03-02,Russian,haas,Haas F1 Team,15,18,18,0.0,68,+3 Laps,,15.0,81.402,190.344
2021,18,Mexico City Grand Prix,2021-11-07,rodriguez,Autódromo Hermanos Rodríguez,Mexico,Mexico City,19.4042,-99.0907,mick_schumacher,MSC,47,Mick,Schumacher,1999-03-22,German,haas,Haas F1 Team,14,19,R,0.0,0,Collision,,,,
2021,18,Mexico City Grand Prix,2021-11-07,rodriguez,Autódromo Hermanos Rodríguez,Mexico,Mexico City,19.4042,-99.0907,tsunoda,TSU,22,Yuki,Tsunoda,2000-05-11,Japanese,alphatauri,AlphaTauri,17,20,R,0.0,0,Collision,,,,
2021,19,São Paulo Grand Prix,2021-11-14,interlagos,Autódromo José Carlos Pace,Brazil,São Paulo,-23.7036,-46.6997,hamilton,HAM,44,Lewis,Hamilton,1985-01-07,British,mercedes,Mercedes,10,1,1,25.0,71,Finished,5542851.0,2.0,71.982,215.503
2021,19,São Paulo Grand Prix,2021-11-14,interlagos,Autódromo José Carlos Pace,Brazil,São Paulo,-23.7036,-46.6997,max_verstappen,VER,33,Max,Verstappen,1997-09-30,Dutch,red_bull,Red Bull,2,2,2,18.0,71,Finished,5553347.0,3.0,72.486,214.005
2021,19,São Paulo Grand Prix,2021-11-14,interlagos,Autódromo José Carlos Pace,Brazil,São Paulo,-23.7036,-46.6997,bottas,BOT,77,Valtteri,Bottas,1989-08-28,Finnish,mercedes,Mercedes,1,3,3,15.0,71,Finished,5556427.0,4.0,72.526,213.887
2021,19,São Paulo Grand Prix,2021-11-14,interlagos,Autódromo José Carlos Pace,Brazil,São Paulo,-23.7036,-46.6997,perez,PER,11,Sergio,Pérez,1990-01-26,Mexican,red_bull,Red Bull,4,4,4,13.0,71,Finished,5582791.0,1.0,71.01,218.453
2021,19,São Paulo Grand Prix,2021-11-14,interlagos,Autódromo José Carlos Pace,Brazil,São Paulo,-23.7036,-46.6997,leclerc,LEC,16,Charles,Leclerc,1997-10-16,Monegasque,ferrari,Ferrari,6,5,5,10.0,71,Finished,5592368.0,7.0,72.822,213.018
2021,19,São Paulo Grand Prix,2021-11-14,interlagos,Autódromo José Carlos Pace,Brazil,São Paulo,-23.7036,-46.6997,sainz,SAI,55,Carlos,Sainz,1994-09-01,Spanish,ferrari,Ferrari,3,6,6,8.0,71,Finished,5594671.0,6.0,72.71000000000001,213.346
2021,19,São Paulo Grand Prix,2021-11-14,interlagos,Autódromo José Carlos Pace,Brazil,São Paulo,-23.7036,-46.6997,gasly,GAS,10,Pierre,Gasly,1996-02-07,French,alphatauri,AlphaTauri,7,7,7,6.0,70,+1 Lap,,8.0,73.227,211.839
2021,19,São Paulo Grand Prix,2021-11-14,interlagos,Autódromo José Carlos Pace,Brazil,São Paulo,-23.7036,-46.6997,ocon,OCO,31,Esteban,Ocon,1996-09-17,French,alpine,Alpine F1 Team,8,8,8,4.0,70,+1 Lap,,16.0,74.43,208.415
2021,19,São Paulo Grand Prix,2021-11-14,interlagos,Autódromo José Carlos Pace,Brazil,São Paulo,-23.7036,-46.6997,alonso,ALO,14,Fernando,Alonso,1981-07-29,Spanish,alpine,Alpine F1 Team,12,9,9,2.0,70,+1 Lap,,12.0,73.922,209.848
2021,19,São Paulo Grand Prix,2021-11-14,interlagos,Autódromo José Carlos Pace,Brazil,São Paulo,-23.7036,-46.6997,norris,NOR,4,Lando,Norris,1999-11-13,British,mclaren,McLaren,5,10,10,1.0,70,+1 Lap,,10.0,73.761,210.306
2021,19,São Paulo Grand Prix,2021-11-14,interlagos,Autódromo José Carlos Pace,Brazil,São Paulo,-23.7036,-46.6997,vettel,VET,5,Sebastian,Vettel,1987-07-03,German,aston_martin,Aston Martin,9,11,11,0.0,70,+1 Lap,,9.0,73.634,210.668
2021,19,São Paulo Grand Prix,2021-11-14,interlagos,Autódromo José Carlos Pace,Brazil,São Paulo,-23.7036,-46.6997,raikkonen,RAI,7,Kimi,Räikkönen,1979-10-17,Finnish,alfa,Alfa Romeo,0,12,12,0.0,70,+1 Lap,,5.0,72.621,213.607
2021,19,São Paulo Grand Prix,2021-11-14,interlagos,Autódromo José Carlos Pace,Brazil,São Paulo,-23.7036,-46.6997,russell,RUS,63,George,Russell,1998-02-15,British,williams,Williams,17,13,13,0.0,70,+1 Lap,,15.0,74.355,208.626
2021,19,São Paulo Grand Prix,2021-11-14,interlagos,Autódromo José Carlos Pace,Brazil,São Paulo,-23.7036,-46.6997,giovinazzi,GIO,99,Antonio,Giovinazzi,1993-12-14,Italian,alfa,Alfa Romeo,13,14,14,0.0,70,+1 Lap,,14.0,74.227,208.985
2021,19,São Paulo Grand Prix,2021-11-14,interlagos,Autódromo José Carlos Pace,Brazil,São Paulo,-23.7036,-46.6997,tsunoda,TSU,22,Yuki,Tsunoda,2000-05-11,Japanese,alphatauri,AlphaTauri,15,15,15,0.0,70,+1 Lap,,13.0,74.20400000000001,209.05
2021,19,São Paulo Grand Prix,2021-11-14,interlagos,Autódromo José Carlos Pace,Brazil,São Paulo,-23.7036,-46.6997,latifi,LAT,6,Nicholas,Latifi,1995-06-29,Canadian,williams,Williams,16,16,16,0.0,70,+1 Lap,,18.0,74.616,207.896
2021,19,São Paulo Grand Prix,2021-11-14,interlagos,Autódromo José Carlos Pace,Brazil,São Paulo,-23.7036,-46.6997,mazepin,MAZ,9,Nikita,Mazepin,1999-03-02,Russian,haas,Haas F1 Team,19,17,17,0.0,69,+2 Laps,,19.0,74.95400000000001,206.958
2021,19,São Paulo Grand Prix,2021-11-14,interlagos,Autódromo José Carlos Pace,Brazil,São Paulo,-23.7036,-46.6997,mick_schumacher,MSC,47,Mick,Schumacher,1999-03-22,German,haas,Haas F1 Team,18,18,18,0.0,69,+2 Laps,,11.0,73.793,210.215
2021,19,São Paulo Grand Prix,2021-11-14,interlagos,Autódromo José Carlos Pace,Brazil,São Paulo,-23.7036,-46.6997,ricciardo,RIC,3,Daniel,Ricciardo,1989-07-01,Australian,mclaren,McLaren,11,19,R,0.0,49,Power loss,,17.0,74.443,208.379
2021,19,São Paulo Grand Prix,2021-11-14,interlagos,Autódromo José Carlos Pace,Brazil,São Paulo,-23.7036,-46.6997,stroll,STR,18,Lance,Stroll,1998-10-29,Canadian,aston_martin,Aston Martin,14,20,R,0.0,47,Collision damage,,20.0,75.344,205.887
2021,20,Qatar Grand Prix,2021-11-21,losail,Losail International Circuit,Qatar,Lusail,25.49,51.4542,hamilton,HAM,44,Lewis,Hamilton,1985-01-07,British,mercedes,Mercedes,1,1,1,25.0,57,Finished,5068471.0,2.0,85.084,227.633
2021,20,Qatar Grand Prix,2021-11-21,losail,Losail International Circuit,Qatar,Lusail,25.49,51.4542,max_verstappen,VER,33,Max,Verstappen,1997-09-30,Dutch,red_bull,Red Bull,7,2,2,19.0,57,Finished,5094214.0,1.0,83.196,232.799
2021,20,Qatar Grand Prix,2021-11-21,losail,Losail International Circuit,Qatar,Lusail,25.49,51.4542,alonso,ALO,14,Fernando,Alonso,1981-07-29,Spanish,alpine,Alpine F1 Team,3,3,3,15.0,57,Finished,5127928.0,10.0,86.682,223.437
2021,20,Qatar Grand Prix,2021-11-21,losail,Losail International Circuit,Qatar,Lusail,25.49,51.4542,perez,PER,11,Sergio,Pérez,1990-01-26,Mexican,red_bull,Red Bull,11,4,4,12.0,57,Finished,5130777.0,3.0,85.613,226.227
2021,20,Qatar Grand Prix,2021-11-21,losail,Losail International Circuit,Qatar,Lusail,25.49,51.4542,ocon,OCO,31,Esteban,Ocon,1996-09-17,French,alpine,Alpine F1 Team,9,5,5,10.0,57,Finished,5149041.0,13.0,87.061,222.464
2021,20,Qatar Grand Prix,2021-11-21,losail,Losail International Circuit,Qatar,Lusail,25.49,51.4542,stroll,STR,18,Lance,Stroll,1998-10-29,Canadian,aston_martin,Aston Martin,12,6,6,8.0,57,Finished,5149745.0,17.0,87.356,221.713
2021,20,Qatar Grand Prix,2021-11-21,losail,Losail International Circuit,Qatar,Lusail,25.49,51.4542,sainz,SAI,55,Carlos,Sainz,1994-09-01,Spanish,ferrari,Ferrari,5,7,7,6.0,57,Finished,5150382.0,9.0,86.57,223.726
2021,20,Qatar Grand Prix,2021-11-21,losail,Losail International Circuit,Qatar,Lusail,25.49,51.4542,leclerc,LEC,16,Charles,Leclerc,1997-10-16,Monegasque,ferrari,Ferrari,13,8,8,4.0,57,Finished,5151597.0,8.0,86.555,223.765
2021,20,Qatar Grand Prix,2021-11-21,losail,Losail International Circuit,Qatar,Lusail,25.49,51.4542,norris,NOR,4,Lando,Norris,1999-11-13,British,mclaren,McLaren,4,9,9,2.0,56,+1 Lap,,4.0,85.746,225.876
2021,20,Qatar Grand Prix,2021-11-21,losail,Losail International Circuit,Qatar,Lusail,25.49,51.4542,vettel,VET,5,Sebastian,Vettel,1987-07-03,German,aston_martin,Aston Martin,10,10,10,1.0,56,+1 Lap,,7.0,86.434,224.078
2021,20,Qatar Grand Prix,2021-11-21,losail,Losail International Circuit,Qatar,Lusail,25.49,51.4542,gasly,GAS,10,Pierre,Gasly,1996-02-07,French,alphatauri,AlphaTauri,2,11,11,0.0,56,+1 Lap,,11.0,87.019,222.572
2021,20,Qatar Grand Prix,2021-11-21,losail,Losail International Circuit,Qatar,Lusail,25.49,51.4542,ricciardo,RIC,3,Daniel,Ricciardo,1989-07-01,Australian,mclaren,McLaren,14,12,12,0.0,56,+1 Lap,,14.0,87.19800000000001,222.115
2021,20,Qatar Grand Prix,2021-11-21,losail,Losail International Circuit,Qatar,Lusail,25.49,51.4542,tsunoda,TSU,22,Yuki,Tsunoda,2000-05-11,Japanese,alphatauri,AlphaTauri,8,13,13,0.0,56,+1 Lap,,12.0,87.043,222.51
2021,20,Qatar Grand Prix,2021-11-21,losail,Losail International Circuit,Qatar,Lusail,25.49,51.4542,raikkonen,RAI,7,Kimi,Räikkönen,1979-10-17,Finnish,alfa,Alfa Romeo,16,14,14,0.0,56,+1 Lap,,6.0,86.358,224.275
2021,20,Qatar Grand Prix,2021-11-21,losail,Losail International Circuit,Qatar,Lusail,25.49,51.4542,giovinazzi,GIO,99,Antonio,Giovinazzi,1993-12-14,Italian,alfa,Alfa Romeo,18,15,15,0.0,56,+1 Lap,,18.0,87.82300000000001,220.534
2021,20,Qatar Grand Prix,2021-11-21,losail,Losail International Circuit,Qatar,Lusail,25.49,51.4542,mick_schumacher,MSC,47,Mick,Schumacher,1999-03-22,German,haas,Haas F1 Team,19,16,16,0.0,56,+1 Lap,,19.0,88.412,219.065
2021,20,Qatar Grand Prix,2021-11-21,losail,Losail International Circuit,Qatar,Lusail,25.49,51.4542,russell,RUS,63,George,Russell,1998-02-15,British,williams,Williams,15,17,17,0.0,55,+2 Laps,,5.0,85.768,225.818
2021,20,Qatar Grand Prix,2021-11-21,losail,Losail International Circuit,Qatar,Lusail,25.49,51.4542,mazepin,MAZ,9,Nikita,Mazepin,1999-03-02,Russian,haas,Haas F1 Team,20,18,18,0.0,55,+2 Laps,,16.0,87.34,221.754
2021,20,Qatar Grand Prix,2021-11-21,losail,Losail International Circuit,Qatar,Lusail,25.49,51.4542,latifi,LAT,6,Nicholas,Latifi,1995-06-29,Canadian,williams,Williams,17,19,R,0.0,50,Puncture,,20.0,88.732,218.275
2021,20,Qatar Grand Prix,2021-11-21,losail,Losail International Circuit,Qatar,Lusail,25.49,51.4542,bottas,BOT,77,Valtteri,Bottas,1989-08-28,Finnish,mercedes,Mercedes,6,20,R,0.0,48,Damage,,15.0,87.246,221.992
2021,21,Saudi Arabian Grand Prix,2021-12-05,jeddah,Jeddah Corniche Circuit,Saudi Arabia,Jeddah,21.6319,39.1044,hamilton,HAM,44,Lewis,Hamilton,1985-01-07,British,mercedes,Mercedes,1,1,1,26.0,50,Finished,7575118.0,1.0,90.73400000000001,244.962
2021,21,Saudi Arabian Grand Prix,2021-12-05,jeddah,Jeddah Corniche Circuit,Saudi Arabia,Jeddah,21.6319,39.1044,max_verstappen,VER,33,Max,Verstappen,1997-09-30,Dutch,red_bull,Red Bull,3,2,2,18.0,50,Finished,7586943.0,3.0,91.488,242.943
2021,21,Saudi Arabian Grand Prix,2021-12-05,jeddah,Jeddah Corniche Circuit,Saudi Arabia,Jeddah,21.6319,39.1044,bottas,BOT,77,Valtteri,Bottas,1989-08-28,Finnish,mercedes,Mercedes,2,3,3,15.0,50,Finished,7602649.0,2.0,91.408,243.155
2021,21,Saudi Arabian Grand Prix,2021-12-05,jeddah,Jeddah Corniche Circuit,Saudi Arabia,Jeddah,21.6319,39.1044,ocon,OCO,31,Esteban,Ocon,1996-09-17,French,alpine,Alpine F1 Team,9,4,4,12.0,50,Finished,7602751.0,6.0,91.797,242.125
2021,21,Saudi Arabian Grand Prix,2021-12-05,jeddah,Jeddah Corniche Circuit,Saudi Arabia,Jeddah,21.6319,39.1044,ricciardo,RIC,3,Daniel,Ricciardo,1989-07-01,Australian,mclaren,McLaren,11,5,5,10.0,50,Finished,7615239.0,11.0,92.71600000000001,239.725
2021,21,Saudi Arabian Grand Prix,2021-12-05,jeddah,Jeddah Corniche Circuit,Saudi Arabia,Jeddah,21.6319,39.1044,gasly,GAS,10,Pierre,Gasly,1996-02-07,French,alphatauri,AlphaTauri,6,6,6,8.0,50,Finished,7616731.0,9.0,92.297,240.813
2021,21,Saudi Arabian Grand Prix,2021-12-05,jeddah,Jeddah Corniche Circuit,Saudi Arabia,Jeddah,21.6319,39.1044,leclerc,LEC,16,Charles,Leclerc,1997-10-16,Monegasque,ferrari,Ferrari,4,7,7,6.0,50,Finished,7619593.0,4.0,91.601,242.643
2021,21,Saudi Arabian Grand Prix,2021-12-05,jeddah,Jeddah Corniche Circuit,Saudi Arabia,Jeddah,21.6319,39.1044,sainz,SAI,55,Carlos,Sainz,1994-09-01,Spanish,ferrari,Ferrari,15,8,8,4.0,50,Finished,7621724.0,7.0,91.851,241.983
2021,21,Saudi Arabian Grand Prix,2021-12-05,jeddah,Jeddah Corniche Circuit,Saudi Arabia,Jeddah,21.6319,39.1044,giovinazzi,GIO,99,Antonio,Giovinazzi,1993-12-14,Italian,alfa,Alfa Romeo,10,9,9,2.0,50,Finished,7633623.0,15.0,92.86500000000001,239.34
2021,21,Saudi Arabian Grand Prix,2021-12-05,jeddah,Jeddah Corniche Circuit,Saudi Arabia,Jeddah,21.6319,39.1044,norris,NOR,4,Lando,Norris,1999-11-13,British,mclaren,McLaren,7,10,10,1.0,50,Finished,7636476.0,8.0,91.914,241.817
2021,21,Saudi Arabian Grand Prix,2021-12-05,jeddah,Jeddah Corniche Circuit,Saudi Arabia,Jeddah,21.6319,39.1044,stroll,STR,18,Lance,Stroll,1998-10-29,Canadian,aston_martin,Aston Martin,18,11,11,0.0,50,Finished,7652330.0,14.0,92.804,239.498
2021,21,Saudi Arabian Grand Prix,2021-12-05,jeddah,Jeddah Corniche Circuit,Saudi Arabia,Jeddah,21.6319,39.1044,latifi,LAT,6,Nicholas,Latifi,1995-06-29,Canadian,williams,Williams,16,12,12,0.0,50,Finished,7658367.0,12.0,92.751,239.635
2021,21,Saudi Arabian Grand Prix,2021-12-05,jeddah,Jeddah Corniche Circuit,Saudi Arabia,Jeddah,21.6319,39.1044,alonso,ALO,14,Fernando,Alonso,1981-07-29,Spanish,alpine,Alpine F1 Team,13,13,13,0.0,49,+1 Lap,,5.0,91.633,242.558
2021,21,Saudi Arabian Grand Prix,2021-12-05,jeddah,Jeddah Corniche Circuit,Saudi Arabia,Jeddah,21.6319,39.1044,tsunoda,TSU,22,Yuki,Tsunoda,2000-05-11,Japanese,alphatauri,AlphaTauri,8,14,14,0.0,49,+1 Lap,,10.0,92.506,240.269
2021,21,Saudi Arabian Grand Prix,2021-12-05,jeddah,Jeddah Corniche Circuit,Saudi Arabia,Jeddah,21.6319,39.1044,raikkonen,RAI,7,Kimi,Räikkönen,1979-10-17,Finnish,alfa,Alfa Romeo,12,15,15,0.0,49,+1 Lap,,13.0,92.77799999999999,239.565
2021,21,Saudi Arabian Grand Prix,2021-12-05,jeddah,Jeddah Corniche Circuit,Saudi Arabia,Jeddah,21.6319,39.1044,vettel,VET,5,Sebastian,Vettel,1987-07-03,German,aston_martin,Aston Martin,17,16,R,0.0,44,Collision damage,,16.0,94.03,236.375
2021,21,Saudi Arabian Grand Prix,2021-12-05,jeddah,Jeddah Corniche Circuit,Saudi Arabia,Jeddah,21.6319,39.1044,perez,PER,11,Sergio,Pérez,1990-01-26,Mexican,red_bull,Red Bull,5,17,R,0.0,14,Collision,,17.0,94.138,236.104
2021,21,Saudi Arabian Grand Prix,2021-12-05,jeddah,Jeddah Corniche Circuit,Saudi Arabia,Jeddah,21.6319,39.1044,mazepin,MAZ,9,Nikita,Mazepin,1999-03-02,Russian,haas,Haas F1 Team,20,18,R,0.0,14,Collision,,20.0,97.043,229.036
2021,21,Saudi Arabian Grand Prix,2021-12-05,jeddah,Jeddah Corniche Circuit,Saudi Arabia,Jeddah,21.6319,39.1044,russell,RUS,63,George,Russell,1998-02-15,British,williams,Williams,14,19,R,0.0,14,Collision,,19.0,96.13,231.211
2021,21,Saudi Arabian Grand Prix,2021-12-05,jeddah,Jeddah Corniche Circuit,Saudi Arabia,Jeddah,21.6319,39.1044,mick_schumacher,MSC,47,Mick,Schumacher,1999-03-22,German,haas,Haas F1 Team,19,20,R,0.0,8,Accident,,18.0,96.043,231.421
2021,22,Abu Dhabi Grand Prix,2021-12-12,yas_marina,Yas Marina Circuit,UAE,Abu Dhabi,24.4672,54.6031,max_verstappen,VER,33,Max,Verstappen,1997-09-30,Dutch,red_bull,Red Bull,1,1,1,26.0,58,Finished,5417345.0,1.0,86.10300000000001,220.8
2021,22,Abu Dhabi Grand Prix,2021-12-12,yas_marina,Yas Marina Circuit,UAE,Abu Dhabi,24.4672,54.6031,hamilton,HAM,44,Lewis,Hamilton,1985-01-07,British,mercedes,Mercedes,2,2,2,18.0,58,Finished,5419601.0,3.0,86.615,219.495
2021,22,Abu Dhabi Grand Prix,2021-12-12,yas_marina,Yas Marina Circuit,UAE,Abu Dhabi,24.4672,54.6031,sainz,SAI,55,Carlos,Sainz,1994-09-01,Spanish,ferrari,Ferrari,5,3,3,15.0,58,Finished,5422518.0,9.0,87.618,216.982
2021,22,Abu Dhabi Grand Prix,2021-12-12,yas_marina,Yas Marina Circuit,UAE,Abu Dhabi,24.4672,54.6031,tsunoda,TSU,22,Yuki,Tsunoda,2000-05-11,Japanese,alphatauri,AlphaTauri,8,4,4,12.0,58,Finished,5423037.0,7.0,87.496,217.285
2021,22,Abu Dhabi Grand Prix,2021-12-12,yas_marina,Yas Marina Circuit,UAE,Abu Dhabi,24.4672,54.6031,gasly,GAS,10,Pierre,Gasly,1996-02-07,French,alphatauri,AlphaTauri,12,5,5,10.0,58,Finished,5423876.0,6.0,87.342,217.668
2021,22,Abu Dhabi Grand Prix,2021-12-12,yas_marina,Yas Marina Circuit,UAE,Abu Dhabi,24.4672,54.6031,bottas,BOT,77,Valtteri,Bottas,1989-08-28,Finnish,mercedes,Mercedes,6,6,6,8.0,58,Finished,5424808.0,5.0,86.862,218.871
2021,22,Abu Dhabi Grand Prix,2021-12-12,yas_marina,Yas Marina Circuit,UAE,Abu Dhabi,24.4672,54.6031,norris,NOR,4,Lando,Norris,1999-11-13,British,mclaren,McLaren,3,7,7,6.0,58,Finished,5476545.0,4.0,86.762,219.123
2021,22,Abu Dhabi Grand Prix,2021-12-12,yas_marina,Yas Marina Circuit,UAE,Abu Dhabi,24.4672,54.6031,alonso,ALO,14,Fernando,Alonso,1981-07-29,Spanish,alpine,Alpine F1 Team,11,8,8,4.0,58,Finished,5479053.0,8.0,87.607,217.01
2021,22,Abu Dhabi Grand Prix,2021-12-12,yas_marina,Yas Marina Circuit,UAE,Abu Dhabi,24.4672,54.6031,ocon,OCO,31,Esteban,Ocon,1996-09-17,French,alpine,Alpine F1 Team,9,9,9,2.0,58,Finished,5481371.0,10.0,88.249,215.431
2021,22,Abu Dhabi Grand Prix,2021-12-12,yas_marina,Yas Marina Circuit,UAE,Abu Dhabi,24.4672,54.6031,leclerc,LEC,16,Charles,Leclerc,1997-10-16,Monegasque,ferrari,Ferrari,7,10,10,1.0,58,Finished,5483402.0,12.0,88.43299999999999,214.983
2021,22,Abu Dhabi Grand Prix,2021-12-12,yas_marina,Yas Marina Circuit,UAE,Abu Dhabi,24.4672,54.6031,vettel,VET,5,Sebastian,Vettel,1987-07-03,German,aston_martin,Aston Martin,15,11,11,0.0,58,Finished,5484872.0,11.0,88.303,215.299
2021,22,Abu Dhabi Grand Prix,2021-12-12,yas_marina,Yas Marina Circuit,UAE,Abu Dhabi,24.4672,54.6031,ricciardo,RIC,3,Daniel,Ricciardo,1989-07-01,Australian,mclaren,McLaren,10,12,12,0.0,57,+1 Lap,,14.0,88.723,214.28
2021,22,Abu Dhabi Grand Prix,2021-12-12,yas_marina,Yas Marina Circuit,UAE,Abu Dhabi,24.4672,54.6031,stroll,STR,18,Lance,Stroll,1998-10-29,Canadian,aston_martin,Aston Martin,13,13,13,0.0,57,+1 Lap,,13.0,88.56700000000001,214.657
2021,22,Abu Dhabi Grand Prix,2021-12-12,yas_marina,Yas Marina Circuit,UAE,Abu Dhabi,24.4672,54.6031,mick_schumacher,MSC,47,Mick,Schumacher,1999-03-22,German,haas,Haas F1 Team,19,14,14,0.0,57,+1 Lap,,17.0,89.457,212.522
2021,22,Abu Dhabi Grand Prix,2021-12-12,yas_marina,Yas Marina Circuit,UAE,Abu Dhabi,24.4672,54.6031,perez,PER,11,Sergio,Pérez,1990-01-26,Mexican,red_bull,Red Bull,4,15,15,0.0,55,Engine,,2.0,86.419,219.993
2021,22,Abu Dhabi Grand Prix,2021-12-12,yas_marina,Yas Marina Circuit,UAE,Abu Dhabi,24.4672,54.6031,latifi,LAT,6,Nicholas,Latifi,1995-06-29,Canadian,williams,Williams,16,16,R,0.0,50,Accident,,15.0,89.293,212.912
2021,22,Abu Dhabi Grand Prix,2021-12-12,yas_marina,Yas Marina Circuit,UAE,Abu Dhabi,24.4672,54.6031,giovinazzi,GIO,99,Antonio,Giovinazzi,1993-12-14,Italian,alfa,Alfa Romeo,14,17,R,0.0,33,Gearbox,,16.0,89.44200000000001,212.557
2021,22,Abu Dhabi Grand Prix,2021-12-12,yas_marina,Yas Marina Circuit,UAE,Abu Dhabi,24.4672,54.6031,russell,RUS,63,George,Russell,1998-02-15,British,williams,Williams,17,18,R,0.0,26,Gearbox,,19.0,90.64699999999999,209.732
2021,22,Abu Dhabi Grand Prix,2021-12-12,yas_marina,Yas Marina Circuit,UAE,Abu Dhabi,24.4672,54.6031,raikkonen,RAI,7,Kimi,Räikkönen,1979-10-17,Finnish,alfa,Alfa Romeo,18,19,R,0.0,25,Brakes,,18.0,89.69800000000001,211.951
2021,22,Abu Dhabi Grand Prix,2021-12-12,yas_marina,Yas Marina Circuit,UAE,Abu Dhabi,24.4672,54.6031,mazepin,MAZ,9,Nikita,Mazepin,1999-03-02,Russian,haas,Haas F1 Team,20,20,W,0.0,0,Illness,,,,
2022,1,Bahrain Grand Prix,2022-03-20,bahrain,Bahrain International Circuit,Bahrain,Sakhir,26.0325,50.5106,leclerc,LEC,16,Charles,Leclerc,1997-10-16,Monegasque,ferrari,Ferrari,1,1,1,26.0,57,Finished,5853584.0,1.0,94.57,206.018
2022,1,Bahrain Grand Prix,2022-03-20,bahrain,Bahrain International Circuit,Bahrain,Sakhir,26.0325,50.5106,sainz,SAI,55,Carlos,Sainz,1994-09-01,Spanish,ferrari,Ferrari,3,2,2,18.0,57,Finished,5859182.0,3.0,95.74000000000001,203.501
2022,1,Bahrain Grand Prix,2022-03-20,bahrain,Bahrain International Circuit,Bahrain,Sakhir,26.0325,50.5106,hamilton,HAM,44,Lewis,Hamilton,1985-01-07,British,mercedes,Mercedes,5,3,3,15.0,57,Finished,5863259.0,5.0,96.22800000000001,202.469
2022,1,Bahrain Grand Prix,2022-03-20,bahrain,Bahrain International Circuit,Bahrain,Sakhir,26.0325,50.5106,russell,RUS,63,George,Russell,1998-02-15,British,mercedes,Mercedes,9,4,4,12.0,57,Finished,5864795.0,6.0,96.30199999999999,202.313
2022,1,Bahrain Grand Prix,2022-03-20,bahrain,Bahrain International Circuit,Bahrain,Sakhir,26.0325,50.5106,kevin_magnussen,MAG,20,Kevin,Magnussen,1992-10-05,Danish,haas,Haas F1 Team,7,5,5,10.0,57,Finished,5868338.0,8.0,96.62299999999999,201.641
2022,1,Bahrain Grand Prix,2022-03-20,bahrain,Bahrain International Circuit,Bahrain,Sakhir,26.0325,50.5106,bottas,BOT,77,Valtteri,Bottas,1989-08-28,Finnish,alfa,Alfa Romeo,6,6,6,8.0,57,Finished,5869703.0,7.0,96.59899999999999,201.691
2022,1,Bahrain Grand Prix,2022-03-20,bahrain,Bahrain International Circuit,Bahrain,Sakhir,26.0325,50.5106,ocon,OCO,31,Esteban,Ocon,1996-09-17,French,alpine,Alpine F1 Team,11,7,7,6.0,57,Finished,5873007.0,14.0,97.11,200.63
2022,1,Bahrain Grand Prix,2022-03-20,bahrain,Bahrain International Circuit,Bahrain,Sakhir,26.0325,50.5106,tsunoda,TSU,22,Yuki,Tsunoda,2000-05-11,Japanese,alphatauri,AlphaTauri,16,8,8,4.0,57,Finished,5873970.0,13.0,97.104,200.642
2022,1,Bahrain Grand Prix,2022-03-20,bahrain,Bahrain International Circuit,Bahrain,Sakhir,26.0325,50.5106,alonso,ALO,14,Fernando,Alonso,1981-07-29,Spanish,alpine,Alpine F1 Team,8,9,9,2.0,57,Finished,5875974.0,10.0,96.733,201.412
2022,1,Bahrain Grand Prix,2022-03-20,bahrain,Bahrain International Circuit,Bahrain,Sakhir,26.0325,50.5106,zhou,ZHO,24,Guanyu,Zhou,1999-05-30,Chinese,alfa,Alfa Romeo,15,10,10,1.0,57,Finished,5876648.0,9.0,96.685,201.512
2022,1,Bahrain Grand Prix,2022-03-20,bahrain,Bahrain International Circuit,Bahrain,Sakhir,26.0325,50.5106,mick_schumacher,MSC,47,Mick,Schumacher,1999-03-22,German,haas,Haas F1 Team,12,11,11,0.0,57,Finished,5886158.0,11.0,96.956,200.948
2022,1,Bahrain Grand Prix,2022-03-20,bahrain,Bahrain International Circuit,Bahrain,Sakhir,26.0325,50.5106,stroll,STR,18,Lance,Stroll,1998-10-29,Canadian,aston_martin,Aston Martin,19,12,12,0.0,57,Finished,5899457.0,15.0,97.146,200.555
2022,1,Bahrain Grand Prix,2022-03-20,bahrain,Bahrain International Circuit,Bahrain,Sakhir,26.0325,50.5106,albon,ALB,23,Alexander,Albon,1996-03-23,Thai,williams,Williams,14,13,13,0.0,57,Finished,5907516.0,18.0,97.35499999999999,200.125
2022,1,Bahrain Grand Prix,2022-03-20,bahrain,Bahrain International Circuit,Bahrain,Sakhir,26.0325,50.5106,ricciardo,RIC,3,Daniel,Ricciardo,1989-07-01,Australian,mclaren,McLaren,18,14,14,0.0,57,Finished,5908559.0,16.0,97.261,200.318
2022,1,Bahrain Grand Prix,2022-03-20,bahrain,Bahrain International Circuit,Bahrain,Sakhir,26.0325,50.5106,norris,NOR,4,Lando,Norris,1999-11-13,British,mclaren,McLaren,13,15,15,0.0,57,Finished,5909919.0,12.0,96.988,200.882
2022,1,Bahrain Grand Prix,2022-03-20,bahrain,Bahrain International Circuit,Bahrain,Sakhir,26.0325,50.5106,latifi,LAT,6,Nicholas,Latifi,1995-06-29,Canadian,williams,Williams,20,16,16,0.0,57,Finished,5915379.0,20.0,98.251,198.3
2022,1,Bahrain Grand Prix,2022-03-20,bahrain,Bahrain International Circuit,Bahrain,Sakhir,26.0325,50.5106,hulkenberg,HUL,27,Nico,Hülkenberg,1987-08-19,German,aston_martin,Aston Martin,17,17,17,0.0,57,Finished,5917413.0,19.0,98.201,198.401
2022,1,Bahrain Grand Prix,2022-03-20,bahrain,Bahrain International Circuit,Bahrain,Sakhir,26.0325,50.5106,perez,PER,11,Sergio,Pérez,1990-01-26,Mexican,red_bull,Red Bull,4,18,18,0.0,56,Fuel pressure,,4.0,96.089,202.762
2022,1,Bahrain Grand Prix,2022-03-20,bahrain,Bahrain International Circuit,Bahrain,Sakhir,26.0325,50.5106,max_verstappen,VER,1,Max,Verstappen,1997-09-30,Dutch,red_bull,Red Bull,2,19,19,0.0,54,Fuel pressure,,2.0,95.44,204.14
2022,1,Bahrain Grand Prix,2022-03-20,bahrain,Bahrain International Circuit,Bahrain,Sakhir,26.0325,50.5106,gasly,GAS,10,Pierre,Gasly,1996-02-07,French,alphatauri,AlphaTauri,10,20,R,0.0,44,Power Unit,,17.0,97.324,200.189
2022,2,Saudi Arabian Grand Prix,2022-03-27,jeddah,Jeddah Corniche Circuit,Saudi Arabia,Jeddah,21.6319,39.1044,max_verstappen,VER,1,Max,Verstappen,1997-09-30,Dutch,red_bull,Red Bull,4,1,1,25.0,50,Finished,5059293.0,2.0,91.77199999999999,242.191
2022,2,Saudi Arabian Grand Prix,2022-03-27,jeddah,Jeddah Corniche Circuit,Saudi Arabia,Jeddah,21.6319,39.1044,leclerc,LEC,16,Charles,Leclerc,1997-10-16,Monegasque,ferrari,Ferrari,2,2,2,19.0,50,Finished,5059842.0,1.0,91.634,242.556
2022,2,Saudi Arabian Grand Prix,2022-03-27,jeddah,Jeddah Corniche Circuit,Saudi Arabia,Jeddah,21.6319,39.1044,sainz,SAI,55,Carlos,Sainz,1994-09-01,Spanish,ferrari,Ferrari,3,3,3,15.0,50,Finished,5067390.0,3.0,91.905,241.841
2022,2,Saudi Arabian Grand Prix,2022-03-27,jeddah,Jeddah Corniche Circuit,Saudi Arabia,Jeddah,21.6319,39.1044,perez,PER,11,Sergio,Pérez,1990-01-26,Mexican,red_bull,Red Bull,1,4,4,12.0,50,Finished,5070093.0,4.0,92.042,241.481
2022,2,Saudi Arabian Grand Prix,2022-03-27,jeddah,Jeddah Corniche Circuit,Saudi Arabia,Jeddah,21.6319,39.1044,russell,RUS,63,George,Russell,1998-02-15,British,mercedes,Mercedes,6,5,5,10.0,50,Finished,5092025.0,7.0,92.821,239.454
2022,2,Saudi Arabian Grand Prix,2022-03-27,jeddah,Jeddah Corniche Circuit,Saudi Arabia,Jeddah,21.6319,39.1044,ocon,OCO,31,Esteban,Ocon,1996-09-17,French,alpine,Alpine F1 Team,5,6,6,8.0,50,Finished,5115310.0,9.0,93.10300000000001,238.729
2022,2,Saudi Arabian Grand Prix,2022-03-27,jeddah,Jeddah Corniche Circuit,Saudi Arabia,Jeddah,21.6319,39.1044,norris,NOR,4,Lando,Norris,1999-11-13,British,mclaren,McLaren,11,7,7,6.0,50,Finished,5115417.0,5.0,92.753,239.629
2022,2,Saudi Arabian Grand Prix,2022-03-27,jeddah,Jeddah Corniche Circuit,Saudi Arabia,Jeddah,21.6319,39.1044,gasly,GAS,10,Pierre,Gasly,1996-02-07,French,alphatauri,AlphaTauri,9,8,8,4.0,50,Finished,5122239.0,10.0,93.468,237.796
2022,2,Saudi Arabian Grand Prix,2022-03-27,jeddah,Jeddah Corniche Circuit,Saudi Arabia,Jeddah,21.6319,39.1044,kevin_magnussen,MAG,20,Kevin,Magnussen,1992-10-05,Danish,haas,Haas F1 Team,10,9,9,2.0,50,Finished,5123601.0,6.0,92.779,239.562
2022,2,Saudi Arabian Grand Prix,2022-03-27,jeddah,Jeddah Corniche Circuit,Saudi Arabia,Jeddah,21.6319,39.1044,hamilton,HAM,44,Lewis,Hamilton,1985-01-07,British,mercedes,Mercedes,15,10,10,1.0,50,Finished,5133241.0,8.0,92.997,239.001
2022,2,Saudi Arabian Grand Prix,2022-03-27,jeddah,Jeddah Corniche Circuit,Saudi Arabia,Jeddah,21.6319,39.1044,zhou,ZHO,24,Guanyu,Zhou,1999-05-30,Chinese,alfa,Alfa Romeo,12,11,11,0.0,50,Finished,5141508.0,13.0,93.924,236.642
2022,2,Saudi Arabian Grand Prix,2022-03-27,jeddah,Jeddah Corniche Circuit,Saudi Arabia,Jeddah,21.6319,39.1044,hulkenberg,HUL,27,Nico,Hülkenberg,1987-08-19,German,aston_martin,Aston Martin,17,12,12,0.0,50,Finished,5151035.0,11.0,93.65100000000001,237.332
2022,2,Saudi Arabian Grand Prix,2022-03-27,jeddah,Jeddah Corniche Circuit,Saudi Arabia,Jeddah,21.6319,39.1044,stroll,STR,18,Lance,Stroll,1998-10-29,Canadian,aston_martin,Aston Martin,13,13,13,0.0,49,+1 Lap,,16.0,94.446,235.334
2022,2,Saudi Arabian Grand Prix,2022-03-27,jeddah,Jeddah Corniche Circuit,Saudi Arabia,Jeddah,21.6319,39.1044,albon,ALB,23,Alexander,Albon,1996-03-23,Thai,williams,Williams,16,14,14,0.0,47,Collision damage,,15.0,94.368,235.528
2022,2,Saudi Arabian Grand Prix,2022-03-27,jeddah,Jeddah Corniche Circuit,Saudi Arabia,Jeddah,21.6319,39.1044,bottas,BOT,77,Valtteri,Bottas,1989-08-28,Finnish,alfa,Alfa Romeo,8,15,R,0.0,36,Cooling system,,14.0,93.979,236.503
2022,2,Saudi Arabian Grand Prix,2022-03-27,jeddah,Jeddah Corniche Circuit,Saudi Arabia,Jeddah,21.6319,39.1044,alonso,ALO,14,Fernando,Alonso,1981-07-29,Spanish,alpine,Alpine F1 Team,7,16,R,0.0,35,Water pump,,12.0,93.831,236.876
2022,2,Saudi Arabian Grand Prix,2022-03-27,jeddah,Jeddah Corniche Circuit,Saudi Arabia,Jeddah,21.6319,39.1044,ricciardo,RIC,3,Daniel,Ricciardo,1989-07-01,Australian,mclaren,McLaren,14,17,R,0.0,35,Gearbox,,17.0,94.487,235.232
2022,2,Saudi Arabian Grand Prix,2022-03-27,jeddah,Jeddah Corniche Circuit,Saudi Arabia,Jeddah,21.6319,39.1044,latifi,LAT,6,Nicholas,Latifi,1995-06-29,Canadian,williams,Williams,18,18,R,0.0,14,Accident,,18.0,97.53,227.892
2022,2,Saudi Arabian Grand Prix,2022-03-27,jeddah,Jeddah Corniche Circuit,Saudi Arabia,Jeddah,21.6319,39.1044,tsunoda,TSU,22,Yuki,Tsunoda,2000-05-11,Japanese,alphatauri,AlphaTauri,19,19,R,0.0,0,Power Unit,,,,
2022,2,Saudi Arabian Grand Prix,2022-03-27,jeddah,Jeddah Corniche Circuit,Saudi Arabia,Jeddah,21.6319,39.1044,mick_schumacher,MSC,47,Mick,Schumacher,1999-03-22,German,haas,Haas F1 Team,0,20,W,0.0,0,Withdrew,,,,
2022,3,Australian Grand Prix,2022-04-10,albert_park,Albert Park Grand Prix Circuit,Australia,Melbourne,-37.8497,144.968,leclerc,LEC,16,Charles,Leclerc,1997-10-16,Monegasque,ferrari,Ferrari,1,1,1,26.0,58,Finished,5266548.0,1.0,80.26,236.74
2022,3,Australian Grand Prix,2022-04-10,albert_park,Albert Park Grand Prix Circuit,Australia,Melbourne,-37.8497,144.968,perez,PER,11,Sergio,Pérez,1990-01-26,Mexican,red_bull,Red Bull,3,2,2,18.0,58,Finished,5287072.0,3.0,81.094,234.305
2022,3,Australian Grand Prix,2022-04-10,albert_park,Albert Park Grand Prix Circuit,Australia,Melbourne,-37.8497,144.968,russell,RUS,63,George,Russell,1998-02-15,British,mercedes,Mercedes,6,3,3,15.0,58,Finished,5292141.0,4.0,81.495,233.152
2022,3,Australian Grand Prix,2022-04-10,albert_park,Albert Park Grand Prix Circuit,Australia,Melbourne,-37.8497,144.968,hamilton,HAM,44,Lewis,Hamilton,1985-01-07,British,mercedes,Mercedes,5,4,4,12.0,58,Finished,5295091.0,7.0,81.886,232.039
2022,3,Australian Grand Prix,2022-04-10,albert_park,Albert Park Grand Prix Circuit,Australia,Melbourne,-37.8497,144.968,norris,NOR,4,Lando,Norris,1999-11-13,British,mclaren,McLaren,4,5,5,10.0,58,Finished,5319851.0,8.0,82.248,231.018
2022,3,Australian Grand Prix,2022-04-10,albert_park,Albert Park Grand Prix Circuit,Australia,Melbourne,-37.8497,144.968,ricciardo,RIC,3,Daniel,Ricciardo,1989-07-01,Australian,mclaren,McLaren,7,6,6,8.0,58,Finished,5320285.0,9.0,82.451,230.449
2022,3,Australian Grand Prix,2022-04-10,albert_park,Albert Park Grand Prix Circuit,Australia,Melbourne,-37.8497,144.968,ocon,OCO,31,Esteban,Ocon,1996-09-17,French,alpine,Alpine F1 Team,8,7,7,6.0,58,Finished,5328231.0,10.0,82.469,230.399
2022,3,Australian Grand Prix,2022-04-10,albert_park,Albert Park Grand Prix Circuit,Australia,Melbourne,-37.8497,144.968,bottas,BOT,77,Valtteri,Bottas,1989-08-28,Finnish,alfa,Alfa Romeo,12,8,8,4.0,58,Finished,5334987.0,5.0,81.651,232.707
2022,3,Australian Grand Prix,2022-04-10,albert_park,Albert Park Grand Prix Circuit,Australia,Melbourne,-37.8497,144.968,gasly,GAS,10,Pierre,Gasly,1996-02-07,French,alphatauri,AlphaTauri,11,9,9,2.0,58,Finished,5342769.0,13.0,82.731,229.669
2022,3,Australian Grand Prix,2022-04-10,albert_park,Albert Park Grand Prix Circuit,Australia,Melbourne,-37.8497,144.968,albon,ALB,23,Alexander,Albon,1996-03-23,Thai,williams,Williams,20,10,10,1.0,58,Finished,5345930.0,12.0,82.589,230.064
2022,3,Australian Grand Prix,2022-04-10,albert_park,Albert Park Grand Prix Circuit,Australia,Melbourne,-37.8497,144.968,zhou,ZHO,24,Guanyu,Zhou,1999-05-30,Chinese,alfa,Alfa Romeo,14,11,11,0.0,58,Finished,5348243.0,11.0,82.541,230.198
2022,3,Australian Grand Prix,2022-04-10,albert_park,Albert Park Grand Prix Circuit,Australia,Melbourne,-37.8497,144.968,stroll,STR,18,Lance,Stroll,1998-10-29,Canadian,aston_martin,Aston Martin,19,12,12,0.0,58,Finished,5355146.0,17.0,83.592,227.304
2022,3,Australian Grand Prix,2022-04-10,albert_park,Albert Park Grand Prix Circuit,Australia,Melbourne,-37.8497,144.968,mick_schumacher,MSC,47,Mick,Schumacher,1999-03-22,German,haas,Haas F1 Team,15,13,13,0.0,57,+1 Lap,,14.0,83.006,228.908
2022,3,Australian Grand Prix,2022-04-10,albert_park,Albert Park Grand Prix Circuit,Australia,Melbourne,-37.8497,144.968,kevin_magnussen,MAG,20,Kevin,Magnussen,1992-10-05,Danish,haas,Haas F1 Team,16,14,14,0.0,57,+1 Lap,,15.0,83.071,228.729
2022,3,Australian Grand Prix,2022-04-10,albert_park,Albert Park Grand Prix Circuit,Australia,Melbourne,-37.8497,144.968,tsunoda,TSU,22,Yuki,Tsunoda,2000-05-11,Japanese,alphatauri,AlphaTauri,13,15,15,0.0,57,+1 Lap,,16.0,83.342,227.985
2022,3,Australian Grand Prix,2022-04-10,albert_park,Albert Park Grand Prix Circuit,Australia,Melbourne,-37.8497,144.968,latifi,LAT,6,Nicholas,Latifi,1995-06-29,Canadian,williams,Williams,18,16,16,0.0,57,+1 Lap,,18.0,83.882,226.518
2022,3,Australian Grand Prix,2022-04-10,albert_park,Albert Park Grand Prix Circuit,Australia,Melbourne,-37.8497,144.968,alonso,ALO,14,Fernando,Alonso,1981-07-29,Spanish,alpine,Alpine F1 Team,10,17,17,0.0,57,+1 Lap,,2.0,80.846,235.024
2022,3,Australian Grand Prix,2022-04-10,albert_park,Albert Park Grand Prix Circuit,Australia,Melbourne,-37.8497,144.968,max_verstappen,VER,1,Max,Verstappen,1997-09-30,Dutch,red_bull,Red Bull,2,18,R,0.0,38,Fuel leak,,6.0,81.67699999999999,232.633
2022,3,Australian Grand Prix,2022-04-10,albert_park,Albert Park Grand Prix Circuit,Australia,Melbourne,-37.8497,144.968,vettel,VET,5,Sebastian,Vettel,1987-07-03,German,aston_martin,Aston Martin,17,19,R,0.0,22,Accident,,19.0,85.189,223.042
2022,3,Australian Grand Prix,2022-04-10,albert_park,Albert Park Grand Prix Circuit,Australia,Melbourne,-37.8497,144.968,sainz,SAI,55,Carlos,Sainz,1994-09-01,Spanish,ferrari,Ferrari,9,20,R,0.0,1,Spun off,,,,
2022,4,Emilia Romagna Grand Prix,2022-04-24,imola,Autodromo Enzo e Dino Ferrari,Italy,Imola,44.3439,11.7167,max_verstappen,VER,1,Max,Verstappen,1997-09-30,Dutch,red_bull,Red Bull,1,1,1,26.0,63,Finished,5527986.0,1.0,78.446,225.281
2022,4,Emilia Romagna Grand Prix,2022-04-24,imola,Autodromo Enzo e Dino Ferrari,Italy,Imola,44.3439,11.7167,perez,PER,11,Sergio,Pérez,1990-01-26,Mexican,red_bull,Red Bull,3,2,2,18.0,63,Finished,5544513.0,3.0,78.949,223.845
2022,4,Emilia Romagna Grand Prix,2022-04-24,imola,Autodromo Enzo e Dino Ferrari,Italy,Imola,44.3439,11.7167,norris,NOR,4,Lando,Norris,1999-11-13,British,mclaren,McLaren,5,3,3,15.0,63,Finished,5562820.0,7.0,80.90299999999999,218.439
2022,4,Emilia Romagna Grand Prix,2022-04-24,imola,Autodromo Enzo e Dino Ferrari,Italy,Imola,44.3439,11.7167,russell,RUS,63,George,Russell,1998-02-15,British,mercedes,Mercedes,11,4,4,12.0,63,Finished,5570492.0,8.0,80.962,218.28
2022,4,Emilia Romagna Grand Prix,2022-04-24,imola,Autodromo Enzo e Dino Ferrari,Italy,Imola,44.3439,11.7167,bottas,BOT,77,Valtteri,Bottas,1989-08-28,Finnish,alfa,Alfa Romeo,7,5,5,10.0,63,Finished,5571167.0,6.0,80.758,218.831
2022,4,Emilia Romagna Grand Prix,2022-04-24,imola,Autodromo Enzo e Dino Ferrari,Italy,Imola,44.3439,11.7167,leclerc,LEC,16,Charles,Leclerc,1997-10-16,Monegasque,ferrari,Ferrari,2,6,6,8.0,63,Finished,5584058.0,2.0,78.574,224.914
2022,4,Emilia Romagna Grand Prix,2022-04-24,imola,Autodromo Enzo e Dino Ferrari,Italy,Imola,44.3439,11.7167,tsunoda,TSU,22,Yuki,Tsunoda,2000-05-11,Japanese,alphatauri,AlphaTauri,12,7,7,6.0,63,Finished,5589096.0,5.0,80.544,219.412
2022,4,Emilia Romagna Grand Prix,2022-04-24,imola,Autodromo Enzo e Dino Ferrari,Italy,Imola,44.3439,11.7167,vettel,VET,5,Sebastian,Vettel,1987-07-03,German,aston_martin,Aston Martin,13,8,8,4.0,63,Finished,5598878.0,9.0,81.211,217.61
2022,4,Emilia Romagna Grand Prix,2022-04-24,imola,Autodromo Enzo e Dino Ferrari,Italy,Imola,44.3439,11.7167,kevin_magnussen,MAG,20,Kevin,Magnussen,1992-10-05,Danish,haas,Haas F1 Team,8,9,9,2.0,63,Finished,5603246.0,10.0,81.238,217.538
2022,4,Emilia Romagna Grand Prix,2022-04-24,imola,Autodromo Enzo e Dino Ferrari,Italy,Imola,44.3439,11.7167,stroll,STR,18,Lance,Stroll,1998-10-29,Canadian,aston_martin,Aston Martin,15,10,10,1.0,62,+1 Lap,,16.0,81.75,216.176
2022,4,Emilia Romagna Grand Prix,2022-04-24,imola,Autodromo Enzo e Dino Ferrari,Italy,Imola,44.3439,11.7167,albon,ALB,23,Alexander,Albon,1996-03-23,Thai,williams,Williams,18,11,11,0.0,62,+1 Lap,,17.0,81.757,216.157
2022,4,Emilia Romagna Grand Prix,2022-04-24,imola,Autodromo Enzo e Dino Ferrari,Italy,Imola,44.3439,11.7167,gasly,GAS,10,Pierre,Gasly,1996-02-07,French,alphatauri,AlphaTauri,17,12,12,0.0,62,+1 Lap,,15.0,81.713,216.274
2022,4,Emilia Romagna Grand Prix,2022-04-24,imola,Autodromo Enzo e Dino Ferrari,Italy,Imola,44.3439,11.7167,hamilton,HAM,44,Lewis,Hamilton,1985-01-07,British,mercedes,Mercedes,14,13,13,0.0,62,+1 Lap,,13.0,81.419,217.054
2022,4,Emilia Romagna Grand Prix,2022-04-24,imola,Autodromo Enzo e Dino Ferrari,Italy,Imola,44.3439,11.7167,ocon,OCO,31,Esteban,Ocon,1996-09-17,French,alpine,Alpine F1 Team,16,14,14,0.0,62,+1 Lap,,18.0,81.887,215.814
2022,4,Emilia Romagna Grand Prix,2022-04-24,imola,Autodromo Enzo e Dino Ferrari,Italy,Imola,44.3439,11.7167,zhou,ZHO,24,Guanyu,Zhou,1999-05-30,Chinese,alfa,Alfa Romeo,0,15,15,0.0,62,+1 Lap,,11.0,81.286,217.41
2022,4,Emilia Romagna Grand Prix,2022-04-24,imola,Autodromo Enzo e Dino Ferrari,Italy,Imola,44.3439,11.7167,latifi,LAT,6,Nicholas,Latifi,1995-06-29,Canadian,williams,Williams,19,16,16,0.0,62,+1 Lap,,12.0,81.338,217.271
2022,4,Emilia Romagna Grand Prix,2022-04-24,imola,Autodromo Enzo e Dino Ferrari,Italy,Imola,44.3439,11.7167,mick_schumacher,MSC,47,Mick,Schumacher,1999-03-22,German,haas,Haas F1 Team,10,17,17,0.0,62,+1 Lap,,4.0,78.999,223.704
2022,4,Emilia Romagna Grand Prix,2022-04-24,imola,Autodromo Enzo e Dino Ferrari,Italy,Imola,44.3439,11.7167,ricciardo,RIC,3,Daniel,Ricciardo,1989-07-01,Australian,mclaren,McLaren,6,18,18,0.0,62,+1 Lap,,14.0,81.577,216.634
2022,4,Emilia Romagna Grand Prix,2022-04-24,imola,Autodromo Enzo e Dino Ferrari,Italy,Imola,44.3439,11.7167,alonso,ALO,14,Fernando,Alonso,1981-07-29,Spanish,alpine,Alpine F1 Team,9,19,R,0.0,6,Collision damage,,19.0,99.685,177.282
2022,4,Emilia Romagna Grand Prix,2022-04-24,imola,Autodromo Enzo e Dino Ferrari,Italy,Imola,44.3439,11.7167,sainz,SAI,55,Carlos,Sainz,1994-09-01,Spanish,ferrari,Ferrari,4,20,R,0.0,0,Collision,,,,
2022,5,Miami Grand Prix,2022-05-08,miami,Miami International Autodrome,USA,Miami,25.9581,-80.2389,max_verstappen,VER,1,Max,Verstappen,1997-09-30,Dutch,red_bull,Red Bull,3,1,1,26.0,57,Finished,5664258.0,1.0,91.361,213.255
2022,5,Miami Grand Prix,2022-05-08,miami,Miami International Autodrome,USA,Miami,25.9581,-80.2389,leclerc,LEC,16,Charles,Leclerc,1997-10-16,Monegasque,ferrari,Ferrari,1,2,2,18.0,57,Finished,5668044.0,2.0,91.488,212.959
2022,5,Miami Grand Prix,2022-05-08,miami,Miami International Autodrome,USA,Miami,25.9581,-80.2389,sainz,SAI,55,Carlos,Sainz,1994-09-01,Spanish,ferrari,Ferrari,2,3,3,15.0,57,Finished,5672487.0,3.0,91.78999999999999,212.258
2022,5,Miami Grand Prix,2022-05-08,miami,Miami International Autodrome,USA,Miami,25.9581,-80.2389,perez,PER,11,Sergio,Pérez,1990-01-26,Mexican,red_bull,Red Bull,4,4,4,12.0,57,Finished,5674896.0,4.0,91.819,212.191
2022,5,Miami Grand Prix,2022-05-08,miami,Miami International Autodrome,USA,Miami,25.9581,-80.2389,russell,RUS,63,George,Russell,1998-02-15,British,mercedes,Mercedes,12,5,5,10.0,57,Finished,5682840.0,5.0,92.195,211.325
2022,5,Miami Grand Prix,2022-05-08,miami,Miami International Autodrome,USA,Miami,25.9581,-80.2389,hamilton,HAM,44,Lewis,Hamilton,1985-01-07,British,mercedes,Mercedes,6,6,6,8.0,57,Finished,5685626.0,7.0,92.941,209.629
2022,5,Miami Grand Prix,2022-05-08,miami,Miami International Autodrome,USA,Miami,25.9581,-80.2389,bottas,BOT,77,Valtteri,Bottas,1989-08-28,Finnish,alfa,Alfa Romeo,5,7,7,6.0,57,Finished,5689331.0,10.0,93.184,209.083
2022,5,Miami Grand Prix,2022-05-08,miami,Miami International Autodrome,USA,Miami,25.9581,-80.2389,ocon,OCO,31,Esteban,Ocon,1996-09-17,French,alpine,Alpine F1 Team,20,8,8,4.0,57,Finished,5692644.0,9.0,93.163,209.13
2022,5,Miami Grand Prix,2022-05-08,miami,Miami International Autodrome,USA,Miami,25.9581,-80.2389,albon,ALB,23,Alexander,Albon,1996-03-23,Thai,williams,Williams,18,9,9,2.0,57,Finished,5696623.0,15.0,93.447,208.494
2022,5,Miami Grand Prix,2022-05-08,miami,Miami International Autodrome,USA,Miami,25.9581,-80.2389,stroll,STR,18,Lance,Stroll,1998-10-29,Canadian,aston_martin,Aston Martin,0,10,10,1.0,57,Finished,5701284.0,12.0,93.312,208.796
2022,5,Miami Grand Prix,2022-05-08,miami,Miami International Autodrome,USA,Miami,25.9581,-80.2389,alonso,ALO,14,Fernando,Alonso,1981-07-29,Spanish,alpine,Alpine F1 Team,11,11,11,0.0,57,Finished,5701386.0,13.0,93.331,208.753
2022,5,Miami Grand Prix,2022-05-08,miami,Miami International Autodrome,USA,Miami,25.9581,-80.2389,tsunoda,TSU,22,Yuki,Tsunoda,2000-05-11,Japanese,alphatauri,AlphaTauri,9,12,12,0.0,57,Finished,5704404.0,8.0,93.035,209.417
2022,5,Miami Grand Prix,2022-05-08,miami,Miami International Autodrome,USA,Miami,25.9581,-80.2389,ricciardo,RIC,3,Daniel,Ricciardo,1989-07-01,Australian,mclaren,McLaren,14,13,13,0.0,57,Finished,5705160.0,11.0,93.265,208.901
2022,5,Miami Grand Prix,2022-05-08,miami,Miami International Autodrome,USA,Miami,25.9581,-80.2389,latifi,LAT,6,Nicholas,Latifi,1995-06-29,Canadian,williams,Williams,19,14,14,0.0,57,Finished,5714194.0,18.0,94.169,206.896
2022,5,Miami Grand Prix,2022-05-08,miami,Miami International Autodrome,USA,Miami,25.9581,-80.2389,mick_schumacher,MSC,47,Mick,Schumacher,1999-03-22,German,haas,Haas F1 Team,15,15,15,0.0,57,Finished,5737563.0,6.0,92.52799999999999,210.565
2022,5,Miami Grand Prix,2022-05-08,miami,Miami International Autodrome,USA,Miami,25.9581,-80.2389,kevin_magnussen,MAG,20,Kevin,Magnussen,1992-10-05,Danish,haas,Haas F1 Team,16,16,16,0.0,56,Front wing,,17.0,93.511,208.351
2022,5,Miami Grand Prix,2022-05-08,miami,Miami International Autodrome,USA,Miami,25.9581,-80.2389,vettel,VET,5,Sebastian,Vettel,1987-07-03,German,aston_martin,Aston Martin,0,17,17,0.0,54,Collision,,16.0,93.479,208.423
2022,5,Miami Grand Prix,2022-05-08,miami,Miami International Autodrome,USA,Miami,25.9581,-80.2389,gasly,GAS,10,Pierre,Gasly,1996-02-07,French,alphatauri,AlphaTauri,7,18,R,0.0,45,Suspension,,19.0,94.487,206.199
2022,5,Miami Grand Prix,2022-05-08,miami,Miami International Autodrome,USA,Miami,25.9581,-80.2389,norris,NOR,4,Lando,Norris,1999-11-13,British,mclaren,McLaren,8,19,R,0.0,39,Collision,,14.0,93.411,208.575
2022,5,Miami Grand Prix,2022-05-08,miami,Miami International Autodrome,USA,Miami,25.9581,-80.2389,zhou,ZHO,24,Guanyu,Zhou,1999-05-30,Chinese,alfa,Alfa Romeo,17,20,R,0.0,6,Water leak,,20.0,95.731,203.52
2022,6,Spanish Grand Prix,2022-05-22,catalunya,Circuit de Barcelona-Catalunya,Spain,Barcelona,41.57,2.26111,max_verstappen,VER,1,Max,Verstappen,1997-09-30,Dutch,red_bull,Red Bull,2,1,1,25.0,66,Finished,5840475.0,4.0,85.456,196.943
2022,6,Spanish Grand Prix,2022-05-22,catalunya,Circuit de Barcelona-Catalunya,Spain,Barcelona,41.57,2.26111,perez,PER,11,Sergio,Pérez,1990-01-26,Mexican,red_bull,Red Bull,5,2,2,19.0,66,Finished,5853547.0,1.0,84.108,200.099
2022,6,Spanish Grand Prix,2022-05-22,catalunya,Circuit de Barcelona-Catalunya,Spain,Barcelona,41.57,2.26111,russell,RUS,63,George,Russell,1998-02-15,British,mercedes,Mercedes,4,3,3,15.0,66,Finished,5873402.0,3.0,84.636,198.851
2022,6,Spanish Grand Prix,2022-05-22,catalunya,Circuit de Barcelona-Catalunya,Spain,Barcelona,41.57,2.26111,sainz,SAI,55,Carlos,Sainz,1994-09-01,Spanish,ferrari,Ferrari,3,4,4,12.0,66,Finished,5885683.0,7.0,85.985,195.731
2022,6,Spanish Grand Prix,2022-05-22,catalunya,Circuit de Barcelona-Catalunya,Spain,Barcelona,41.57,2.26111,hamilton,HAM,44,Lewis,Hamilton,1985-01-07,British,mercedes,Mercedes,6,5,5,10.0,66,Finished,5895009.0,2.0,84.253,199.755
2022,6,Spanish Grand Prix,2022-05-22,catalunya,Circuit de Barcelona-Catalunya,Spain,Barcelona,41.57,2.26111,bottas,BOT,77,Valtteri,Bottas,1989-08-28,Finnish,alfa,Alfa Romeo,7,6,6,8.0,66,Finished,5900451.0,8.0,86.395,194.802
2022,6,Spanish Grand Prix,2022-05-22,catalunya,Circuit de Barcelona-Catalunya,Spain,Barcelona,41.57,2.26111,ocon,OCO,31,Esteban,Ocon,1996-09-17,French,alpine,Alpine F1 Team,12,7,7,6.0,66,Finished,5915872.0,6.0,85.935,195.845
2022,6,Spanish Grand Prix,2022-05-22,catalunya,Circuit de Barcelona-Catalunya,Spain,Barcelona,41.57,2.26111,norris,NOR,4,Lando,Norris,1999-11-13,British,mclaren,McLaren,11,8,8,4.0,66,Finished,5923710.0,5.0,85.619,196.568
2022,6,Spanish Grand Prix,2022-05-22,catalunya,Circuit de Barcelona-Catalunya,Spain,Barcelona,41.57,2.26111,alonso,ALO,14,Fernando,Alonso,1981-07-29,Spanish,alpine,Alpine F1 Team,20,9,9,2.0,65,+1 Lap,,9.0,86.599,194.344
2022,6,Spanish Grand Prix,2022-05-22,catalunya,Circuit de Barcelona-Catalunya,Spain,Barcelona,41.57,2.26111,tsunoda,TSU,22,Yuki,Tsunoda,2000-05-11,Japanese,alphatauri,AlphaTauri,13,10,10,1.0,65,+1 Lap,,10.0,86.828,193.831
2022,6,Spanish Grand Prix,2022-05-22,catalunya,Circuit de Barcelona-Catalunya,Spain,Barcelona,41.57,2.26111,vettel,VET,5,Sebastian,Vettel,1987-07-03,German,aston_martin,Aston Martin,16,11,11,0.0,65,+1 Lap,,18.0,87.629,192.059
2022,6,Spanish Grand Prix,2022-05-22,catalunya,Circuit de Barcelona-Catalunya,Spain,Barcelona,41.57,2.26111,ricciardo,RIC,3,Daniel,Ricciardo,1989-07-01,Australian,mclaren,McLaren,9,12,12,0.0,65,+1 Lap,,15.0,87.285,192.816
2022,6,Spanish Grand Prix,2022-05-22,catalunya,Circuit de Barcelona-Catalunya,Spain,Barcelona,41.57,2.26111,gasly,GAS,10,Pierre,Gasly,1996-02-07,French,alphatauri,AlphaTauri,14,13,13,0.0,65,+1 Lap,,12.0,86.987,193.477
2022,6,Spanish Grand Prix,2022-05-22,catalunya,Circuit de Barcelona-Catalunya,Spain,Barcelona,41.57,2.26111,mick_schumacher,MSC,47,Mick,Schumacher,1999-03-22,German,haas,Haas F1 Team,10,14,14,0.0,65,+1 Lap,,16.0,87.447,192.459
2022,6,Spanish Grand Prix,2022-05-22,catalunya,Circuit de Barcelona-Catalunya,Spain,Barcelona,41.57,2.26111,stroll,STR,18,Lance,Stroll,1998-10-29,Canadian,aston_martin,Aston Martin,17,15,15,0.0,65,+1 Lap,,11.0,86.876,193.724
2022,6,Spanish Grand Prix,2022-05-22,catalunya,Circuit de Barcelona-Catalunya,Spain,Barcelona,41.57,2.26111,latifi,LAT,6,Nicholas,Latifi,1995-06-29,Canadian,williams,Williams,19,16,16,0.0,64,+2 Laps,,14.0,87.246,192.902
2022,6,Spanish Grand Prix,2022-05-22,catalunya,Circuit de Barcelona-Catalunya,Spain,Barcelona,41.57,2.26111,kevin_magnussen,MAG,20,Kevin,Magnussen,1992-10-05,Danish,haas,Haas F1 Team,8,17,17,0.0,64,+2 Laps,,17.0,87.537,192.261
2022,6,Spanish Grand Prix,2022-05-22,catalunya,Circuit de Barcelona-Catalunya,Spain,Barcelona,41.57,2.26111,albon,ALB,23,Alexander,Albon,1996-03-23,Thai,williams,Williams,18,18,18,0.0,64,+2 Laps,,19.0,88.281,190.641
2022,6,Spanish Grand Prix,2022-05-22,catalunya,Circuit de Barcelona-Catalunya,Spain,Barcelona,41.57,2.26111,zhou,ZHO,24,Guanyu,Zhou,1999-05-30,Chinese,alfa,Alfa Romeo,15,19,R,0.0,28,Power loss,,20.0,88.41499999999999,190.352
2022,6,Spanish Grand Prix,2022-05-22,catalunya,Circuit de Barcelona-Catalunya,Spain,Barcelona,41.57,2.26111,leclerc,LEC,16,Charles,Leclerc,1997-10-16,Monegasque,ferrari,Ferrari,1,20,R,0.0,27,Turbo,,13.0,87.03,193.381
2022,7,Monaco Grand Prix,2022-05-29,monaco,Circuit de Monaco,Monaco,Monte Carlo,43.7347,7.42056,perez,PER,11,Sergio,Pérez,1990-01-26,Mexican,red_bull,Red Bull,3,1,1,25.0,64,Finished,6990265.0,4.0,76.02799999999999,158.01
2022,7,Monaco Grand Prix,2022-05-29,monaco,Circuit de Monaco,Monaco,Monte Carlo,43.7347,7.42056,sainz,SAI,55,Carlos,Sainz,1994-09-01,Spanish,ferrari,Ferrari,2,2,2,18.0,64,Finished,6991419.0,7.0,76.42099999999999,157.197
2022,7,Monaco Grand Prix,2022-05-29,monaco,Circuit de Monaco,Monaco,Monte Carlo,43.7347,7.42056,max_verstappen,VER,1,Max,Verstappen,1997-09-30,Dutch,red_bull,Red Bull,4,3,3,15.0,64,Finished,6991756.0,5.0,76.05199999999999,157.96
2022,7,Monaco Grand Prix,2022-05-29,monaco,Circuit de Monaco,Monaco,Monte Carlo,43.7347,7.42056,leclerc,LEC,16,Charles,Leclerc,1997-10-16,Monegasque,ferrari,Ferrari,1,4,4,12.0,64,Finished,6993187.0,6.0,76.249,157.552
2022,7,Monaco Grand Prix,2022-05-29,monaco,Circuit de Monaco,Monaco,Monte Carlo,43.7347,7.42056,russell,RUS,63,George,Russell,1998-02-15,British,mercedes,Mercedes,6,5,5,10.0,64,Finished,7002233.0,8.0,76.83,156.36
2022,7,Monaco Grand Prix,2022-05-29,monaco,Circuit de Monaco,Monaco,Monte Carlo,43.7347,7.42056,norris,NOR,4,Lando,Norris,1999-11-13,British,mclaren,McLaren,5,6,6,9.0,64,Finished,7002496.0,1.0,74.693,160.834
2022,7,Monaco Grand Prix,2022-05-29,monaco,Circuit de Monaco,Monaco,Monte Carlo,43.7347,7.42056,alonso,ALO,14,Fernando,Alonso,1981-07-29,Spanish,alpine,Alpine F1 Team,7,7,7,6.0,64,Finished,7036623.0,3.0,75.882,158.314
2022,7,Monaco Grand Prix,2022-05-29,monaco,Circuit de Monaco,Monaco,Monte Carlo,43.7347,7.42056,hamilton,HAM,44,Lewis,Hamilton,1985-01-07,British,mercedes,Mercedes,8,8,8,4.0,64,Finished,7040653.0,9.0,77.203,155.605
2022,7,Monaco Grand Prix,2022-05-29,monaco,Circuit de Monaco,Monaco,Monte Carlo,43.7347,7.42056,bottas,BOT,77,Valtteri,Bottas,1989-08-28,Finnish,alfa,Alfa Romeo,12,9,9,2.0,64,Finished,7042790.0,14.0,77.6,154.809
2022,7,Monaco Grand Prix,2022-05-29,monaco,Circuit de Monaco,Monaco,Monte Carlo,43.7347,7.42056,vettel,VET,5,Sebastian,Vettel,1987-07-03,German,aston_martin,Aston Martin,9,10,10,1.0,64,Finished,7043801.0,12.0,77.55799999999999,154.893
2022,7,Monaco Grand Prix,2022-05-29,monaco,Circuit de Monaco,Monaco,Monte Carlo,43.7347,7.42056,gasly,GAS,10,Pierre,Gasly,1996-02-07,French,alphatauri,AlphaTauri,17,11,11,0.0,64,Finished,7044554.0,10.0,77.344,155.321
2022,7,Monaco Grand Prix,2022-05-29,monaco,Circuit de Monaco,Monaco,Monte Carlo,43.7347,7.42056,ocon,OCO,31,Esteban,Ocon,1996-09-17,French,alpine,Alpine F1 Team,10,12,12,0.0,64,Finished,7045909.0,13.0,77.571,154.867
2022,7,Monaco Grand Prix,2022-05-29,monaco,Circuit de Monaco,Monaco,Monte Carlo,43.7347,7.42056,ricciardo,RIC,3,Daniel,Ricciardo,1989-07-01,Australian,mclaren,McLaren,14,13,13,0.0,64,Finished,7047900.0,11.0,77.532,154.945
2022,7,Monaco Grand Prix,2022-05-29,monaco,Circuit de Monaco,Monaco,Monte Carlo,43.7347,7.42056,stroll,STR,18,Lance,Stroll,1998-10-29,Canadian,aston_martin,Aston Martin,18,14,14,0.0,64,Finished,7051067.0,15.0,77.672,154.665
2022,7,Monaco Grand Prix,2022-05-29,monaco,Circuit de Monaco,Monaco,Monte Carlo,43.7347,7.42056,latifi,LAT,6,Nicholas,Latifi,1995-06-29,Canadian,williams,Williams,19,15,15,0.0,63,+1 Lap,,18.0,78.57900000000001,152.88
2022,7,Monaco Grand Prix,2022-05-29,monaco,Circuit de Monaco,Monaco,Monte Carlo,43.7347,7.42056,zhou,ZHO,24,Guanyu,Zhou,1999-05-30,Chinese,alfa,Alfa Romeo,20,16,16,0.0,63,+1 Lap,,17.0,78.2,153.621
2022,7,Monaco Grand Prix,2022-05-29,monaco,Circuit de Monaco,Monaco,Monte Carlo,43.7347,7.42056,tsunoda,TSU,22,Yuki,Tsunoda,2000-05-11,Japanese,alphatauri,AlphaTauri,11,17,17,0.0,63,+1 Lap,,2.0,75.334,159.465
2022,7,Monaco Grand Prix,2022-05-29,monaco,Circuit de Monaco,Monaco,Monte Carlo,43.7347,7.42056,albon,ALB,23,Alexander,Albon,1996-03-23,Thai,williams,Williams,16,18,R,0.0,48,Mechanical,,16.0,78.023,153.969
2022,7,Monaco Grand Prix,2022-05-29,monaco,Circuit de Monaco,Monaco,Monte Carlo,43.7347,7.42056,mick_schumacher,MSC,47,Mick,Schumacher,1999-03-22,German,haas,Haas F1 Team,15,19,R,0.0,24,Accident,,19.0,84.77799999999999,141.701
2022,7,Monaco Grand Prix,2022-05-29,monaco,Circuit de Monaco,Monaco,Monte Carlo,43.7347,7.42056,kevin_magnussen,MAG,20,Kevin,Magnussen,1992-10-05,Danish,haas,Haas F1 Team,13,20,R,0.0,19,Water pressure,,20.0,93.75399999999999,128.135
2022,8,Azerbaijan Grand Prix,2022-06-12,baku,Baku City Circuit,Azerbaijan,Baku,40.3725,49.8533,max_verstappen,VER,1,Max,Verstappen,1997-09-30,Dutch,red_bull,Red Bull,3,1,1,25.0,51,Finished,5645941.0,2.0,106.05,203.779
2022,8,Azerbaijan Grand Prix,2022-06-12,baku,Baku City Circuit,Azerbaijan,Baku,40.3725,49.8533,perez,PER,11,Sergio,Pérez,1990-01-26,Mexican,red_bull,Red Bull,2,2,2,19.0,51,Finished,5666764.0,1.0,106.04599999999999,203.787
2022,8,Azerbaijan Grand Prix,2022-06-12,baku,Baku City Circuit,Azerbaijan,Baku,40.3725,49.8533,russell,RUS,63,George,Russell,1998-02-15,British,mercedes,Mercedes,5,3,3,15.0,51,Finished,5691936.0,4.0,107.17699999999999,201.636
2022,8,Azerbaijan Grand Prix,2022-06-12,baku,Baku City Circuit,Azerbaijan,Baku,40.3725,49.8533,hamilton,HAM,44,Lewis,Hamilton,1985-01-07,British,mercedes,Mercedes,7,4,4,12.0,51,Finished,5717620.0,3.0,107.044,201.887
2022,8,Azerbaijan Grand Prix,2022-06-12,baku,Baku City Circuit,Azerbaijan,Baku,40.3725,49.8533,gasly,GAS,10,Pierre,Gasly,1996-02-07,French,alphatauri,AlphaTauri,6,5,5,10.0,51,Finished,5723240.0,16.0,108.519,199.143
2022,8,Azerbaijan Grand Prix,2022-06-12,baku,Baku City Circuit,Azerbaijan,Baku,40.3725,49.8533,vettel,VET,5,Sebastian,Vettel,1987-07-03,German,aston_martin,Aston Martin,9,6,6,8.0,51,Finished,5730040.0,12.0,108.206,199.719
2022,8,Azerbaijan Grand Prix,2022-06-12,baku,Baku City Circuit,Azerbaijan,Baku,40.3725,49.8533,alonso,ALO,14,Fernando,Alonso,1981-07-29,Spanish,alpine,Alpine F1 Team,10,7,7,6.0,51,Finished,5734537.0,8.0,107.989,200.12
2022,8,Azerbaijan Grand Prix,2022-06-12,baku,Baku City Circuit,Azerbaijan,Baku,40.3725,49.8533,ricciardo,RIC,3,Daniel,Ricciardo,1989-07-01,Australian,mclaren,McLaren,12,8,8,4.0,51,Finished,5738148.0,13.0,108.27600000000001,199.589
2022,8,Azerbaijan Grand Prix,2022-06-12,baku,Baku City Circuit,Azerbaijan,Baku,40.3725,49.8533,norris,NOR,4,Lando,Norris,1999-11-13,British,mclaren,McLaren,11,9,9,2.0,51,Finished,5738497.0,9.0,107.997,200.105
2022,8,Azerbaijan Grand Prix,2022-06-12,baku,Baku City Circuit,Azerbaijan,Baku,40.3725,49.8533,ocon,OCO,31,Esteban,Ocon,1996-09-17,French,alpine,Alpine F1 Team,13,10,10,1.0,51,Finished,5754125.0,14.0,108.297,199.551
2022,8,Azerbaijan Grand Prix,2022-06-12,baku,Baku City Circuit,Azerbaijan,Baku,40.3725,49.8533,bottas,BOT,77,Valtteri,Bottas,1989-08-28,Finnish,alfa,Alfa Romeo,15,11,11,0.0,50,+1 Lap,,11.0,108.179,199.768
2022,8,Azerbaijan Grand Prix,2022-06-12,baku,Baku City Circuit,Azerbaijan,Baku,40.3725,49.8533,albon,ALB,23,Alexander,Albon,1996-03-23,Thai,williams,Williams,17,12,12,0.0,50,+1 Lap,,7.0,107.96600000000001,200.163
2022,8,Azerbaijan Grand Prix,2022-06-12,baku,Baku City Circuit,Azerbaijan,Baku,40.3725,49.8533,tsunoda,TSU,22,Yuki,Tsunoda,2000-05-11,Japanese,alphatauri,AlphaTauri,8,13,13,0.0,50,+1 Lap,,5.0,107.523,200.987
2022,8,Azerbaijan Grand Prix,2022-06-12,baku,Baku City Circuit,Azerbaijan,Baku,40.3725,49.8533,mick_schumacher,MSC,47,Mick,Schumacher,1999-03-22,German,haas,Haas F1 Team,20,14,14,0.0,50,+1 Lap,,15.0,108.41,199.343
2022,8,Azerbaijan Grand Prix,2022-06-12,baku,Baku City Circuit,Azerbaijan,Baku,40.3725,49.8533,latifi,LAT,6,Nicholas,Latifi,1995-06-29,Canadian,williams,Williams,18,15,15,0.0,50,+1 Lap,,20.0,109.583,197.209
2022,8,Azerbaijan Grand Prix,2022-06-12,baku,Baku City Circuit,Azerbaijan,Baku,40.3725,49.8533,stroll,STR,18,Lance,Stroll,1998-10-29,Canadian,aston_martin,Aston Martin,19,16,16,0.0,46,Vibrations,,10.0,108.038,200.029
2022,8,Azerbaijan Grand Prix,2022-06-12,baku,Baku City Circuit,Azerbaijan,Baku,40.3725,49.8533,kevin_magnussen,MAG,20,Kevin,Magnussen,1992-10-05,Danish,haas,Haas F1 Team,16,17,R,0.0,31,Power Unit,,18.0,108.789,198.648
2022,8,Azerbaijan Grand Prix,2022-06-12,baku,Baku City Circuit,Azerbaijan,Baku,40.3725,49.8533,zhou,ZHO,24,Guanyu,Zhou,1999-05-30,Chinese,alfa,Alfa Romeo,14,18,R,0.0,23,Hydraulics,,17.0,108.723,198.769
2022,8,Azerbaijan Grand Prix,2022-06-12,baku,Baku City Circuit,Azerbaijan,Baku,40.3725,49.8533,leclerc,LEC,16,Charles,Leclerc,1997-10-16,Monegasque,ferrari,Ferrari,1,19,R,0.0,21,Power Unit,,6.0,107.531,200.972
2022,8,Azerbaijan Grand Prix,2022-06-12,baku,Baku City Circuit,Azerbaijan,Baku,40.3725,49.8533,sainz,SAI,55,Carlos,Sainz,1994-09-01,Spanish,ferrari,Ferrari,4,20,R,0.0,8,Hydraulics,,19.0,108.97800000000001,198.304
2022,9,Canadian Grand Prix,2022-06-19,villeneuve,Circuit Gilles Villeneuve,Canada,Montreal,45.5,-73.5228,max_verstappen,VER,1,Max,Verstappen,1997-09-30,Dutch,red_bull,Red Bull,1,1,1,25.0,70,Finished,5781757.0,2.0,75.839,207.012
2022,9,Canadian Grand Prix,2022-06-19,villeneuve,Circuit Gilles Villeneuve,Canada,Montreal,45.5,-73.5228,sainz,SAI,55,Carlos,Sainz,1994-09-01,Spanish,ferrari,Ferrari,3,2,2,19.0,70,Finished,5782750.0,1.0,75.749,207.258
2022,9,Canadian Grand Prix,2022-06-19,villeneuve,Circuit Gilles Villeneuve,Canada,Montreal,45.5,-73.5228,hamilton,HAM,44,Lewis,Hamilton,1985-01-07,British,mercedes,Mercedes,4,3,3,15.0,70,Finished,5788763.0,4.0,76.167,206.12
2022,9,Canadian Grand Prix,2022-06-19,villeneuve,Circuit Gilles Villeneuve,Canada,Montreal,45.5,-73.5228,russell,RUS,63,George,Russell,1998-02-15,British,mercedes,Mercedes,8,4,4,12.0,70,Finished,5794070.0,5.0,76.418,205.443
2022,9,Canadian Grand Prix,2022-06-19,villeneuve,Circuit Gilles Villeneuve,Canada,Montreal,45.5,-73.5228,leclerc,LEC,16,Charles,Leclerc,1997-10-16,Monegasque,ferrari,Ferrari,19,5,5,10.0,70,Finished,5796925.0,3.0,75.901,206.843
2022,9,Canadian Grand Prix,2022-06-19,villeneuve,Circuit Gilles Villeneuve,Canada,Montreal,45.5,-73.5228,ocon,OCO,31,Esteban,Ocon,1996-09-17,French,alpine,Alpine F1 Team,7,6,6,8.0,70,Finished,5805647.0,9.0,77.11,203.6
2022,9,Canadian Grand Prix,2022-06-19,villeneuve,Circuit Gilles Villeneuve,Canada,Montreal,45.5,-73.5228,bottas,BOT,77,Valtteri,Bottas,1989-08-28,Finnish,alfa,Alfa Romeo,11,7,7,6.0,70,Finished,5807004.0,8.0,77.01,203.864
2022,9,Canadian Grand Prix,2022-06-19,villeneuve,Circuit Gilles Villeneuve,Canada,Montreal,45.5,-73.5228,zhou,ZHO,24,Guanyu,Zhou,1999-05-30,Chinese,alfa,Alfa Romeo,10,8,8,4.0,70,Finished,5808709.0,7.0,76.92699999999999,204.084
2022,9,Canadian Grand Prix,2022-06-19,villeneuve,Circuit Gilles Villeneuve,Canada,Montreal,45.5,-73.5228,alonso,ALO,14,Fernando,Alonso,1981-07-29,Spanish,alpine,Alpine F1 Team,2,9,9,2.0,70,Finished,5811702.0,6.0,76.578,205.014
2022,9,Canadian Grand Prix,2022-06-19,villeneuve,Circuit Gilles Villeneuve,Canada,Montreal,45.5,-73.5228,stroll,STR,18,Lance,Stroll,1998-10-29,Canadian,aston_martin,Aston Martin,17,10,10,1.0,70,Finished,5819979.0,10.0,77.42099999999999,202.782
2022,9,Canadian Grand Prix,2022-06-19,villeneuve,Circuit Gilles Villeneuve,Canada,Montreal,45.5,-73.5228,ricciardo,RIC,3,Daniel,Ricciardo,1989-07-01,Australian,mclaren,McLaren,9,11,11,0.0,70,Finished,5824804.0,13.0,77.932,201.452
2022,9,Canadian Grand Prix,2022-06-19,villeneuve,Circuit Gilles Villeneuve,Canada,Montreal,45.5,-73.5228,vettel,VET,5,Sebastian,Vettel,1987-07-03,German,aston_martin,Aston Martin,16,12,12,0.0,70,Finished,5826002.0,15.0,77.956,201.39
2022,9,Canadian Grand Prix,2022-06-19,villeneuve,Circuit Gilles Villeneuve,Canada,Montreal,45.5,-73.5228,albon,ALB,23,Alexander,Albon,1996-03-23,Thai,williams,Williams,12,13,13,0.0,70,Finished,5826650.0,14.0,77.951,201.403
2022,9,Canadian Grand Prix,2022-06-19,villeneuve,Circuit Gilles Villeneuve,Canada,Montreal,45.5,-73.5228,gasly,GAS,10,Pierre,Gasly,1996-02-07,French,alphatauri,AlphaTauri,15,14,14,0.0,70,Finished,5826940.0,12.0,77.81,201.768
2022,9,Canadian Grand Prix,2022-06-19,villeneuve,Circuit Gilles Villeneuve,Canada,Montreal,45.5,-73.5228,norris,NOR,4,Lando,Norris,1999-11-13,British,mclaren,McLaren,14,15,15,0.0,70,Finished,5833902.0,11.0,77.495,202.588
2022,9,Canadian Grand Prix,2022-06-19,villeneuve,Circuit Gilles Villeneuve,Canada,Montreal,45.5,-73.5228,latifi,LAT,6,Nicholas,Latifi,1995-06-29,Canadian,williams,Williams,18,16,16,0.0,70,Finished,5841735.0,18.0,78.53999999999999,199.893
2022,9,Canadian Grand Prix,2022-06-19,villeneuve,Circuit Gilles Villeneuve,Canada,Montreal,45.5,-73.5228,kevin_magnussen,MAG,20,Kevin,Magnussen,1992-10-05,Danish,haas,Haas F1 Team,5,17,17,0.0,70,Finished,5849937.0,16.0,78.04599999999999,201.158
2022,9,Canadian Grand Prix,2022-06-19,villeneuve,Circuit Gilles Villeneuve,Canada,Montreal,45.5,-73.5228,tsunoda,TSU,22,Yuki,Tsunoda,2000-05-11,Japanese,alphatauri,AlphaTauri,20,18,R,0.0,47,Accident,,17.0,78.309,200.482
2022,9,Canadian Grand Prix,2022-06-19,villeneuve,Circuit Gilles Villeneuve,Canada,Montreal,45.5,-73.5228,mick_schumacher,MSC,47,Mick,Schumacher,1999-03-22,German,haas,Haas F1 Team,6,19,R,0.0,18,Engine,,20.0,78.967,198.812
2022,9,Canadian Grand Prix,2022-06-19,villeneuve,Circuit Gilles Villeneuve,Canada,Montreal,45.5,-73.5228,perez,PER,11,Sergio,Pérez,1990-01-26,Mexican,red_bull,Red Bull,13,20,R,0.0,7,Gearbox,,19.0,78.844,199.122
2022,10,British Grand Prix,2022-07-03,silverstone,Silverstone Circuit,UK,Silverstone,52.0786,-1.01694,sainz,SAI,55,Carlos,Sainz,1994-09-01,Spanish,ferrari,Ferrari,1,1,1,25.0,52,Finished,8270311.0,2.0,90.813,233.53
2022,10,British Grand Prix,2022-07-03,silverstone,Silverstone Circuit,UK,Silverstone,52.0786,-1.01694,perez,PER,11,Sergio,Pérez,1990-01-26,Mexican,red_bull,Red Bull,4,2,2,18.0,52,Finished,8274090.0,3.0,90.937,233.212
2022,10,British Grand Prix,2022-07-03,silverstone,Silverstone Circuit,UK,Silverstone,52.0786,-1.01694,hamilton,HAM,44,Lewis,Hamilton,1985-01-07,British,mercedes,Mercedes,5,3,3,16.0,52,Finished,8276536.0,1.0,90.51,234.312
2022,10,British Grand Prix,2022-07-03,silverstone,Silverstone Circuit,UK,Silverstone,52.0786,-1.01694,leclerc,LEC,16,Charles,Leclerc,1997-10-16,Monegasque,ferrari,Ferrari,3,4,4,12.0,52,Finished,8278857.0,4.0,91.282,232.33
2022,10,British Grand Prix,2022-07-03,silverstone,Silverstone Circuit,UK,Silverstone,52.0786,-1.01694,alonso,ALO,14,Fernando,Alonso,1981-07-29,Spanish,alpine,Alpine F1 Team,7,5,5,10.0,52,Finished,8279882.0,5.0,91.60900000000001,231.501
2022,10,British Grand Prix,2022-07-03,silverstone,Silverstone Circuit,UK,Silverstone,52.0786,-1.01694,norris,NOR,4,Lando,Norris,1999-11-13,British,mclaren,McLaren,6,6,6,8.0,52,Finished,8282254.0,6.0,91.645,231.41
2022,10,British Grand Prix,2022-07-03,silverstone,Silverstone Circuit,UK,Silverstone,52.0786,-1.01694,max_verstappen,VER,1,Max,Verstappen,1997-09-30,Dutch,red_bull,Red Bull,2,7,7,6.0,52,Finished,8289088.0,8.0,92.354,229.633
2022,10,British Grand Prix,2022-07-03,silverstone,Silverstone Circuit,UK,Silverstone,52.0786,-1.01694,mick_schumacher,MSC,47,Mick,Schumacher,1999-03-22,German,haas,Haas F1 Team,19,8,8,4.0,52,Finished,8289306.0,7.0,92.10900000000001,230.244
2022,10,British Grand Prix,2022-07-03,silverstone,Silverstone Circuit,UK,Silverstone,52.0786,-1.01694,vettel,VET,5,Sebastian,Vettel,1987-07-03,German,aston_martin,Aston Martin,18,9,9,2.0,52,Finished,8292666.0,10.0,92.471,229.343
2022,10,British Grand Prix,2022-07-03,silverstone,Silverstone Circuit,UK,Silverstone,52.0786,-1.01694,kevin_magnussen,MAG,20,Kevin,Magnussen,1992-10-05,Danish,haas,Haas F1 Team,17,10,10,1.0,52,Finished,8294901.0,12.0,92.661,228.872
2022,10,British Grand Prix,2022-07-03,silverstone,Silverstone Circuit,UK,Silverstone,52.0786,-1.01694,stroll,STR,18,Lance,Stroll,1998-10-29,Canadian,aston_martin,Aston Martin,20,11,11,0.0,52,Finished,8296458.0,9.0,92.37899999999999,229.571
2022,10,British Grand Prix,2022-07-03,silverstone,Silverstone Circuit,UK,Silverstone,52.0786,-1.01694,latifi,LAT,6,Nicholas,Latifi,1995-06-29,Canadian,williams,Williams,10,12,12,0.0,52,Finished,8302822.0,13.0,93.286,227.339
2022,10,British Grand Prix,2022-07-03,silverstone,Silverstone Circuit,UK,Silverstone,52.0786,-1.01694,ricciardo,RIC,3,Daniel,Ricciardo,1989-07-01,Australian,mclaren,McLaren,14,13,13,0.0,52,Finished,8303128.0,11.0,92.644,228.914
2022,10,British Grand Prix,2022-07-03,silverstone,Silverstone Circuit,UK,Silverstone,52.0786,-1.01694,tsunoda,TSU,22,Yuki,Tsunoda,2000-05-11,Japanese,alphatauri,AlphaTauri,13,14,14,0.0,52,Finished,8311221.0,15.0,93.832,226.016
2022,10,British Grand Prix,2022-07-03,silverstone,Silverstone Circuit,UK,Silverstone,52.0786,-1.01694,ocon,OCO,31,Esteban,Ocon,1996-09-17,French,alpine,Alpine F1 Team,15,15,R,0.0,37,Fuel pump,,14.0,93.537,226.729
2022,10,British Grand Prix,2022-07-03,silverstone,Silverstone Circuit,UK,Silverstone,52.0786,-1.01694,gasly,GAS,10,Pierre,Gasly,1996-02-07,French,alphatauri,AlphaTauri,11,16,R,0.0,26,Collision damage,,16.0,94.614,224.148
2022,10,British Grand Prix,2022-07-03,silverstone,Silverstone Circuit,UK,Silverstone,52.0786,-1.01694,bottas,BOT,77,Valtteri,Bottas,1989-08-28,Finnish,alfa,Alfa Romeo,12,17,R,0.0,20,Gearbox,,17.0,95.10300000000001,222.996
2022,10,British Grand Prix,2022-07-03,silverstone,Silverstone Circuit,UK,Silverstone,52.0786,-1.01694,russell,RUS,63,George,Russell,1998-02-15,British,mercedes,Mercedes,8,18,R,0.0,0,Collision,,,,
2022,10,British Grand Prix,2022-07-03,silverstone,Silverstone Circuit,UK,Silverstone,52.0786,-1.01694,zhou,ZHO,24,Guanyu,Zhou,1999-05-30,Chinese,alfa,Alfa Romeo,9,19,R,0.0,0,Collision,,,,
2022,10,British Grand Prix,2022-07-03,silverstone,Silverstone Circuit,UK,Silverstone,52.0786,-1.01694,albon,ALB,23,Alexander,Albon,1996-03-23,Thai,williams,Williams,16,20,R,0.0,0,Collision,,,,
2022,11,Austrian Grand Prix,2022-07-10,red_bull_ring,Red Bull Ring,Austria,Spielberg,47.2197,14.7647,leclerc,LEC,16,Charles,Leclerc,1997-10-16,Monegasque,ferrari,Ferrari,2,1,1,25.0,71,Finished,5064312.0,2.0,67.583,230.01
2022,11,Austrian Grand Prix,2022-07-10,red_bull_ring,Red Bull Ring,Austria,Spielberg,47.2197,14.7647,max_verstappen,VER,1,Max,Verstappen,1997-09-30,Dutch,red_bull,Red Bull,1,2,2,19.0,71,Finished,5065844.0,1.0,67.275,231.063
2022,11,Austrian Grand Prix,2022-07-10,red_bull_ring,Red Bull Ring,Austria,Spielberg,47.2197,14.7647,hamilton,HAM,44,Lewis,Hamilton,1985-01-07,British,mercedes,Mercedes,8,3,3,15.0,71,Finished,5105529.0,5.0,69.0,225.286
2022,11,Austrian Grand Prix,2022-07-10,red_bull_ring,Red Bull Ring,Austria,Spielberg,47.2197,14.7647,russell,RUS,63,George,Russell,1998-02-15,British,mercedes,Mercedes,4,4,4,12.0,71,Finished,5123284.0,6.0,69.075,225.042
2022,11,Austrian Grand Prix,2022-07-10,red_bull_ring,Red Bull Ring,Austria,Spielberg,47.2197,14.7647,ocon,OCO,31,Esteban,Ocon,1996-09-17,French,alpine,Alpine F1 Team,6,5,5,10.0,71,Finished,5132748.0,10.0,69.559,223.476
2022,11,Austrian Grand Prix,2022-07-10,red_bull_ring,Red Bull Ring,Austria,Spielberg,47.2197,14.7647,mick_schumacher,MSC,47,Mick,Schumacher,1999-03-22,German,haas,Haas F1 Team,9,6,6,8.0,70,+1 Lap,,11.0,69.625,223.264
2022,11,Austrian Grand Prix,2022-07-10,red_bull_ring,Red Bull Ring,Austria,Spielberg,47.2197,14.7647,norris,NOR,4,Lando,Norris,1999-11-13,British,mclaren,McLaren,10,7,7,6.0,70,+1 Lap,,8.0,69.304,224.298
2022,11,Austrian Grand Prix,2022-07-10,red_bull_ring,Red Bull Ring,Austria,Spielberg,47.2197,14.7647,kevin_magnussen,MAG,20,Kevin,Magnussen,1992-10-05,Danish,haas,Haas F1 Team,7,8,8,4.0,70,+1 Lap,,14.0,69.938,222.265
2022,11,Austrian Grand Prix,2022-07-10,red_bull_ring,Red Bull Ring,Austria,Spielberg,47.2197,14.7647,ricciardo,RIC,3,Daniel,Ricciardo,1989-07-01,Australian,mclaren,McLaren,11,9,9,2.0,70,+1 Lap,,13.0,69.924,222.309
2022,11,Austrian Grand Prix,2022-07-10,red_bull_ring,Red Bull Ring,Austria,Spielberg,47.2197,14.7647,alonso,ALO,14,Fernando,Alonso,1981-07-29,Spanish,alpine,Alpine F1 Team,19,10,10,1.0,70,+1 Lap,,3.0,68.55799999999999,226.739
2022,11,Austrian Grand Prix,2022-07-10,red_bull_ring,Red Bull Ring,Austria,Spielberg,47.2197,14.7647,bottas,BOT,77,Valtteri,Bottas,1989-08-28,Finnish,alfa,Alfa Romeo,0,11,11,0.0,70,+1 Lap,,7.0,69.266,224.421
2022,11,Austrian Grand Prix,2022-07-10,red_bull_ring,Red Bull Ring,Austria,Spielberg,47.2197,14.7647,albon,ALB,23,Alexander,Albon,1996-03-23,Thai,williams,Williams,15,12,12,0.0,70,+1 Lap,,12.0,69.669,223.123
2022,11,Austrian Grand Prix,2022-07-10,red_bull_ring,Red Bull Ring,Austria,Spielberg,47.2197,14.7647,stroll,STR,18,Lance,Stroll,1998-10-29,Canadian,aston_martin,Aston Martin,12,13,13,0.0,70,+1 Lap,,17.0,70.048,221.916
2022,11,Austrian Grand Prix,2022-07-10,red_bull_ring,Red Bull Ring,Austria,Spielberg,47.2197,14.7647,zhou,ZHO,24,Guanyu,Zhou,1999-05-30,Chinese,alfa,Alfa Romeo,13,14,14,0.0,70,+1 Lap,,9.0,69.38,224.053
2022,11,Austrian Grand Prix,2022-07-10,red_bull_ring,Red Bull Ring,Austria,Spielberg,47.2197,14.7647,gasly,GAS,10,Pierre,Gasly,1996-02-07,French,alphatauri,AlphaTauri,14,15,15,0.0,70,+1 Lap,,18.0,70.104,221.739
2022,11,Austrian Grand Prix,2022-07-10,red_bull_ring,Red Bull Ring,Austria,Spielberg,47.2197,14.7647,tsunoda,TSU,22,Yuki,Tsunoda,2000-05-11,Japanese,alphatauri,AlphaTauri,16,16,16,0.0,70,+1 Lap,,16.0,70.023,221.995
2022,11,Austrian Grand Prix,2022-07-10,red_bull_ring,Red Bull Ring,Austria,Spielberg,47.2197,14.7647,vettel,VET,5,Sebastian,Vettel,1987-07-03,German,aston_martin,Aston Martin,18,17,17,0.0,70,+1 Lap,,15.0,70.001,222.065
2022,11,Austrian Grand Prix,2022-07-10,red_bull_ring,Red Bull Ring,Austria,Spielberg,47.2197,14.7647,sainz,SAI,55,Carlos,Sainz,1994-09-01,Spanish,ferrari,Ferrari,3,18,R,0.0,56,Power Unit,,4.0,68.649,226.438
2022,11,Austrian Grand Prix,2022-07-10,red_bull_ring,Red Bull Ring,Austria,Spielberg,47.2197,14.7647,latifi,LAT,6,Nicholas,Latifi,1995-06-29,Canadian,williams,Williams,17,19,R,0.0,48,Undertray,,19.0,70.89,219.28
2022,11,Austrian Grand Prix,2022-07-10,red_bull_ring,Red Bull Ring,Austria,Spielberg,47.2197,14.7647,perez,PER,11,Sergio,Pérez,1990-01-26,Mexican,red_bull,Red Bull,5,20,R,0.0,24,Collision damage,,20.0,71.843,216.371
2022,12,French Grand Prix,2022-07-24,ricard,Circuit Paul Ricard,France,Le Castellet,43.2506,5.79167,max_verstappen,VER,1,Max,Verstappen,1997-09-30,Dutch,red_bull,Red Bull,2,1,1,25.0,53,Finished,5402112.0,2.0,97.491,215.724
2022,12,French Grand Prix,2022-07-24,ricard,Circuit Paul Ricard,France,Le Castellet,43.2506,5.79167,hamilton,HAM,44,Lewis,Hamilton,1985-01-07,British,mercedes,Mercedes,4,2,2,18.0,53,Finished,5412699.0,4.0,97.668,215.333
2022,12,French Grand Prix,2022-07-24,ricard,Circuit Paul Ricard,France,Le Castellet,43.2506,5.79167,russell,RUS,63,George,Russell,1998-02-15,British,mercedes,Mercedes,6,3,3,15.0,53,Finished,5418607.0,3.0,97.548,215.598
2022,12,French Grand Prix,2022-07-24,ricard,Circuit Paul Ricard,France,Le Castellet,43.2506,5.79167,perez,PER,11,Sergio,Pérez,1990-01-26,Mexican,red_bull,Red Bull,3,4,4,12.0,53,Finished,5419422.0,5.0,97.78,215.086
2022,12,French Grand Prix,2022-07-24,ricard,Circuit Paul Ricard,France,Le Castellet,43.2506,5.79167,sainz,SAI,55,Carlos,Sainz,1994-09-01,Spanish,ferrari,Ferrari,19,5,5,11.0,53,Finished,5430984.0,1.0,95.781,219.575
2022,12,French Grand Prix,2022-07-24,ricard,Circuit Paul Ricard,France,Le Castellet,43.2506,5.79167,alonso,ALO,14,Fernando,Alonso,1981-07-29,Spanish,alpine,Alpine F1 Team,7,6,6,8.0,53,Finished,5444991.0,8.0,98.16,214.254
2022,12,French Grand Prix,2022-07-24,ricard,Circuit Paul Ricard,France,Le Castellet,43.2506,5.79167,norris,NOR,4,Lando,Norris,1999-11-13,British,mclaren,McLaren,5,7,7,6.0,53,Finished,5454138.0,11.0,99.037,212.356
2022,12,French Grand Prix,2022-07-24,ricard,Circuit Paul Ricard,France,Le Castellet,43.2506,5.79167,ocon,OCO,31,Esteban,Ocon,1996-09-17,French,alpine,Alpine F1 Team,10,8,8,4.0,53,Finished,5459071.0,9.0,98.684,213.116
2022,12,French Grand Prix,2022-07-24,ricard,Circuit Paul Ricard,France,Le Castellet,43.2506,5.79167,ricciardo,RIC,3,Daniel,Ricciardo,1989-07-01,Australian,mclaren,McLaren,9,9,9,2.0,53,Finished,5462484.0,14.0,99.13300000000001,212.151
2022,12,French Grand Prix,2022-07-24,ricard,Circuit Paul Ricard,France,Le Castellet,43.2506,5.79167,stroll,STR,18,Lance,Stroll,1998-10-29,Canadian,aston_martin,Aston Martin,15,10,10,1.0,53,Finished,5464661.0,15.0,99.185,212.04
2022,12,French Grand Prix,2022-07-24,ricard,Circuit Paul Ricard,France,Le Castellet,43.2506,5.79167,vettel,VET,5,Sebastian,Vettel,1987-07-03,German,aston_martin,Aston Martin,12,11,11,0.0,53,Finished,5466606.0,12.0,99.044,212.341
2022,12,French Grand Prix,2022-07-24,ricard,Circuit Paul Ricard,France,Le Castellet,43.2506,5.79167,gasly,GAS,10,Pierre,Gasly,1996-02-07,French,alphatauri,AlphaTauri,14,12,12,0.0,53,Finished,5467560.0,10.0,98.786,212.896
2022,12,French Grand Prix,2022-07-24,ricard,Circuit Paul Ricard,France,Le Castellet,43.2506,5.79167,albon,ALB,23,Alexander,Albon,1996-03-23,Thai,williams,Williams,13,13,13,0.0,53,Finished,5470677.0,16.0,99.199,212.01
2022,12,French Grand Prix,2022-07-24,ricard,Circuit Paul Ricard,France,Le Castellet,43.2506,5.79167,bottas,BOT,77,Valtteri,Bottas,1989-08-28,Finnish,alfa,Alfa Romeo,11,14,14,0.0,53,Finished,5478778.0,6.0,97.963,214.685
2022,12,French Grand Prix,2022-07-24,ricard,Circuit Paul Ricard,France,Le Castellet,43.2506,5.79167,mick_schumacher,MSC,47,Mick,Schumacher,1999-03-22,German,haas,Haas F1 Team,17,15,15,0.0,53,Finished,5482506.0,13.0,99.068,212.29
2022,12,French Grand Prix,2022-07-24,ricard,Circuit Paul Ricard,France,Le Castellet,43.2506,5.79167,zhou,ZHO,24,Guanyu,Zhou,1999-05-30,Chinese,alfa,Alfa Romeo,16,16,16,0.0,47,+6 Laps,,18.0,99.368,211.649
2022,12,French Grand Prix,2022-07-24,ricard,Circuit Paul Ricard,France,Le Castellet,43.2506,5.79167,latifi,LAT,6,Nicholas,Latifi,1995-06-29,Canadian,williams,Williams,18,17,R,0.0,40,Collision damage,,19.0,99.65,211.05
2022,12,French Grand Prix,2022-07-24,ricard,Circuit Paul Ricard,France,Le Castellet,43.2506,5.79167,kevin_magnussen,MAG,20,Kevin,Magnussen,1992-10-05,Danish,haas,Haas F1 Team,20,18,R,0.0,37,Collision damage,,17.0,99.265,211.869
2022,12,French Grand Prix,2022-07-24,ricard,Circuit Paul Ricard,France,Le Castellet,43.2506,5.79167,leclerc,LEC,16,Charles,Leclerc,1997-10-16,Monegasque,ferrari,Ferrari,1,19,R,0.0,17,Accident,,7.0,98.088,214.411
2022,12,French Grand Prix,2022-07-24,ricard,Circuit Paul Ricard,France,Le Castellet,43.2506,5.79167,tsunoda,TSU,22,Yuki,Tsunoda,2000-05-11,Japanese,alphatauri,AlphaTauri,8,20,R,0.0,17,Undertray,,20.0,100.21600000000001,209.858
2022,13,Hungarian Grand Prix,2022-07-31,hungaroring,Hungaroring,Hungary,Budapest,47.5789,19.2486,max_verstappen,VER,1,Max,Verstappen,1997-09-30,Dutch,red_bull,Red Bull,10,1,1,25.0,70,Finished,5975912.0,6.0,82.126,192.041
2022,13,Hungarian Grand Prix,2022-07-31,hungaroring,Hungaroring,Hungary,Budapest,47.5789,19.2486,hamilton,HAM,44,Lewis,Hamilton,1985-01-07,British,mercedes,Mercedes,7,2,2,19.0,70,Finished,5983746.0,1.0,81.386,193.787
2022,13,Hungarian Grand Prix,2022-07-31,hungaroring,Hungaroring,Hungary,Budapest,47.5789,19.2486,russell,RUS,63,George,Russell,1998-02-15,British,mercedes,Mercedes,1,3,3,15.0,70,Finished,5988249.0,9.0,82.76599999999999,190.556
2022,13,Hungarian Grand Prix,2022-07-31,hungaroring,Hungaroring,Hungary,Budapest,47.5789,19.2486,sainz,SAI,55,Carlos,Sainz,1994-09-01,Spanish,ferrari,Ferrari,2,4,4,12.0,70,Finished,5990491.0,4.0,82.0,192.336
2022,13,Hungarian Grand Prix,2022-07-31,hungaroring,Hungaroring,Hungary,Budapest,47.5789,19.2486,perez,PER,11,Sergio,Pérez,1990-01-26,Mexican,red_bull,Red Bull,11,5,5,10.0,70,Finished,5991600.0,3.0,81.94,192.477
2022,13,Hungarian Grand Prix,2022-07-31,hungaroring,Hungaroring,Hungary,Budapest,47.5789,19.2486,leclerc,LEC,16,Charles,Leclerc,1997-10-16,Monegasque,ferrari,Ferrari,3,6,6,8.0,70,Finished,5991959.0,2.0,81.622,193.227
2022,13,Hungarian Grand Prix,2022-07-31,hungaroring,Hungaroring,Hungary,Budapest,47.5789,19.2486,norris,NOR,4,Lando,Norris,1999-11-13,British,mclaren,McLaren,4,7,7,6.0,70,Finished,6054212.0,11.0,83.043,189.92
2022,13,Hungarian Grand Prix,2022-07-31,hungaroring,Hungaroring,Hungary,Budapest,47.5789,19.2486,alonso,ALO,14,Fernando,Alonso,1981-07-29,Spanish,alpine,Alpine F1 Team,6,8,8,4.0,69,+1 Lap,,18.0,83.979,187.804
2022,13,Hungarian Grand Prix,2022-07-31,hungaroring,Hungaroring,Hungary,Budapest,47.5789,19.2486,ocon,OCO,31,Esteban,Ocon,1996-09-17,French,alpine,Alpine F1 Team,5,9,9,2.0,69,+1 Lap,,20.0,84.149,187.424
2022,13,Hungarian Grand Prix,2022-07-31,hungaroring,Hungaroring,Hungary,Budapest,47.5789,19.2486,vettel,VET,5,Sebastian,Vettel,1987-07-03,German,aston_martin,Aston Martin,18,10,10,1.0,69,+1 Lap,,10.0,82.824,190.423
2022,13,Hungarian Grand Prix,2022-07-31,hungaroring,Hungaroring,Hungary,Budapest,47.5789,19.2486,stroll,STR,18,Lance,Stroll,1998-10-29,Canadian,aston_martin,Aston Martin,14,11,11,0.0,69,+1 Lap,,7.0,82.437,191.317
2022,13,Hungarian Grand Prix,2022-07-31,hungaroring,Hungaroring,Hungary,Budapest,47.5789,19.2486,gasly,GAS,10,Pierre,Gasly,1996-02-07,French,alphatauri,AlphaTauri,0,12,12,0.0,69,+1 Lap,,14.0,83.199,189.564
2022,13,Hungarian Grand Prix,2022-07-31,hungaroring,Hungaroring,Hungary,Budapest,47.5789,19.2486,zhou,ZHO,24,Guanyu,Zhou,1999-05-30,Chinese,alfa,Alfa Romeo,12,13,13,0.0,69,+1 Lap,,5.0,82.029,192.268
2022,13,Hungarian Grand Prix,2022-07-31,hungaroring,Hungaroring,Hungary,Budapest,47.5789,19.2486,mick_schumacher,MSC,47,Mick,Schumacher,1999-03-22,German,haas,Haas F1 Team,15,14,14,0.0,69,+1 Lap,,13.0,83.151,189.674
2022,13,Hungarian Grand Prix,2022-07-31,hungaroring,Hungaroring,Hungary,Budapest,47.5789,19.2486,ricciardo,RIC,3,Daniel,Ricciardo,1989-07-01,Australian,mclaren,McLaren,9,15,15,0.0,69,+1 Lap,,17.0,83.654,188.533
2022,13,Hungarian Grand Prix,2022-07-31,hungaroring,Hungaroring,Hungary,Budapest,47.5789,19.2486,kevin_magnussen,MAG,20,Kevin,Magnussen,1992-10-05,Danish,haas,Haas F1 Team,13,16,16,0.0,69,+1 Lap,,15.0,83.511,188.856
2022,13,Hungarian Grand Prix,2022-07-31,hungaroring,Hungaroring,Hungary,Budapest,47.5789,19.2486,albon,ALB,23,Alexander,Albon,1996-03-23,Thai,williams,Williams,17,17,17,0.0,69,+1 Lap,,12.0,83.047,189.911
2022,13,Hungarian Grand Prix,2022-07-31,hungaroring,Hungaroring,Hungary,Budapest,47.5789,19.2486,latifi,LAT,6,Nicholas,Latifi,1995-06-29,Canadian,williams,Williams,19,18,18,0.0,69,+1 Lap,,8.0,82.47800000000001,191.221
2022,13,Hungarian Grand Prix,2022-07-31,hungaroring,Hungaroring,Hungary,Budapest,47.5789,19.2486,tsunoda,TSU,22,Yuki,Tsunoda,2000-05-11,Japanese,alphatauri,AlphaTauri,16,19,19,0.0,68,+2 Laps,,16.0,83.538,188.795
2022,13,Hungarian Grand Prix,2022-07-31,hungaroring,Hungaroring,Hungary,Budapest,47.5789,19.2486,bottas,BOT,77,Valtteri,Bottas,1989-08-28,Finnish,alfa,Alfa Romeo,8,20,20,0.0,65,Power Unit,,19.0,84.002,187.752
2022,14,Belgian Grand Prix,2022-08-28,spa,Circuit de Spa-Francorchamps,Belgium,Spa,50.4372,5.97139,max_verstappen,VER,1,Max,Verstappen,1997-09-30,Dutch,red_bull,Red Bull,14,1,1,26.0,44,Finished,5152894.0,1.0,109.354,230.575
2022,14,Belgian Grand Prix,2022-08-28,spa,Circuit de Spa-Francorchamps,Belgium,Spa,50.4372,5.97139,perez,PER,11,Sergio,Pérez,1990-01-26,Mexican,red_bull,Red Bull,2,2,2,18.0,44,Finished,5170735.0,3.0,110.76400000000001,227.64
2022,14,Belgian Grand Prix,2022-08-28,spa,Circuit de Spa-Francorchamps,Belgium,Spa,50.4372,5.97139,sainz,SAI,55,Carlos,Sainz,1994-09-01,Spanish,ferrari,Ferrari,1,3,3,15.0,44,Finished,5179780.0,7.0,111.977,225.174
2022,14,Belgian Grand Prix,2022-08-28,spa,Circuit de Spa-Francorchamps,Belgium,Spa,50.4372,5.97139,russell,RUS,63,George,Russell,1998-02-15,British,mercedes,Mercedes,5,4,4,12.0,44,Finished,5182034.0,4.0,110.793,227.581
2022,14,Belgian Grand Prix,2022-08-28,spa,Circuit de Spa-Francorchamps,Belgium,Spa,50.4372,5.97139,alonso,ALO,14,Fernando,Alonso,1981-07-29,Spanish,alpine,Alpine F1 Team,3,5,5,10.0,44,Finished,5226150.0,13.0,112.868,223.397
2022,14,Belgian Grand Prix,2022-08-28,spa,Circuit de Spa-Francorchamps,Belgium,Spa,50.4372,5.97139,leclerc,LEC,16,Charles,Leclerc,1997-10-16,Monegasque,ferrari,Ferrari,15,6,6,8.0,44,Finished,5227830.0,2.0,109.98400000000001,229.255
2022,14,Belgian Grand Prix,2022-08-28,spa,Circuit de Spa-Francorchamps,Belgium,Spa,50.4372,5.97139,ocon,OCO,31,Esteban,Ocon,1996-09-17,French,alpine,Alpine F1 Team,16,7,7,6.0,44,Finished,5228534.0,6.0,111.717,225.698
2022,14,Belgian Grand Prix,2022-08-28,spa,Circuit de Spa-Francorchamps,Belgium,Spa,50.4372,5.97139,vettel,VET,5,Sebastian,Vettel,1987-07-03,German,aston_martin,Aston Martin,10,8,8,4.0,44,Finished,5231001.0,11.0,112.515,224.098
2022,14,Belgian Grand Prix,2022-08-28,spa,Circuit de Spa-Francorchamps,Belgium,Spa,50.4372,5.97139,gasly,GAS,10,Pierre,Gasly,1996-02-07,French,alphatauri,AlphaTauri,0,9,9,2.0,44,Finished,5245075.0,15.0,113.00200000000001,223.132
2022,14,Belgian Grand Prix,2022-08-28,spa,Circuit de Spa-Francorchamps,Belgium,Spa,50.4372,5.97139,albon,ALB,23,Alexander,Albon,1996-03-23,Thai,williams,Williams,6,10,10,1.0,44,Finished,5254794.0,16.0,113.055,223.027
2022,14,Belgian Grand Prix,2022-08-28,spa,Circuit de Spa-Francorchamps,Belgium,Spa,50.4372,5.97139,stroll,STR,18,Lance,Stroll,1998-10-29,Canadian,aston_martin,Aston Martin,9,11,11,0.0,44,Finished,5255972.0,14.0,112.88,223.373
2022,14,Belgian Grand Prix,2022-08-28,spa,Circuit de Spa-Francorchamps,Belgium,Spa,50.4372,5.97139,norris,NOR,4,Lando,Norris,1999-11-13,British,mclaren,McLaren,17,12,12,0.0,44,Finished,5257633.0,5.0,111.678,225.777
2022,14,Belgian Grand Prix,2022-08-28,spa,Circuit de Spa-Francorchamps,Belgium,Spa,50.4372,5.97139,tsunoda,TSU,22,Yuki,Tsunoda,2000-05-11,Japanese,alphatauri,AlphaTauri,0,13,13,0.0,44,Finished,5258111.0,10.0,112.436,224.255
2022,14,Belgian Grand Prix,2022-08-28,spa,Circuit de Spa-Francorchamps,Belgium,Spa,50.4372,5.97139,zhou,ZHO,24,Guanyu,Zhou,1999-05-30,Chinese,alfa,Alfa Romeo,18,14,14,0.0,44,Finished,5259146.0,9.0,112.31700000000001,224.493
2022,14,Belgian Grand Prix,2022-08-28,spa,Circuit de Spa-Francorchamps,Belgium,Spa,50.4372,5.97139,ricciardo,RIC,3,Daniel,Ricciardo,1989-07-01,Australian,mclaren,McLaren,7,15,15,0.0,44,Finished,5260057.0,17.0,113.08,222.978
2022,14,Belgian Grand Prix,2022-08-28,spa,Circuit de Spa-Francorchamps,Belgium,Spa,50.4372,5.97139,kevin_magnussen,MAG,20,Kevin,Magnussen,1992-10-05,Danish,haas,Haas F1 Team,12,16,16,0.0,43,+1 Lap,,18.0,113.332,222.482
2022,14,Belgian Grand Prix,2022-08-28,spa,Circuit de Spa-Francorchamps,Belgium,Spa,50.4372,5.97139,mick_schumacher,MSC,47,Mick,Schumacher,1999-03-22,German,haas,Haas F1 Team,19,17,17,0.0,43,+1 Lap,,12.0,112.646,223.837
2022,14,Belgian Grand Prix,2022-08-28,spa,Circuit de Spa-Francorchamps,Belgium,Spa,50.4372,5.97139,latifi,LAT,6,Nicholas,Latifi,1995-06-29,Canadian,williams,Williams,11,18,18,0.0,43,+1 Lap,,8.0,112.256,224.615
2022,14,Belgian Grand Prix,2022-08-28,spa,Circuit de Spa-Francorchamps,Belgium,Spa,50.4372,5.97139,bottas,BOT,77,Valtteri,Bottas,1989-08-28,Finnish,alfa,Alfa Romeo,13,19,R,0.0,1,Accident,,,,
2022,14,Belgian Grand Prix,2022-08-28,spa,Circuit de Spa-Francorchamps,Belgium,Spa,50.4372,5.97139,hamilton,HAM,44,Lewis,Hamilton,1985-01-07,British,mercedes,Mercedes,4,20,R,0.0,0,Collision damage,,,,
2022,15,Dutch Grand Prix,2022-09-04,zandvoort,Circuit Park Zandvoort,Netherlands,Zandvoort,52.3888,4.54092,max_verstappen,VER,1,Max,Verstappen,1997-09-30,Dutch,red_bull,Red Bull,1,1,1,26.0,72,Finished,5802773.0,1.0,73.652,208.173
2022,15,Dutch Grand Prix,2022-09-04,zandvoort,Circuit Park Zandvoort,Netherlands,Zandvoort,52.3888,4.54092,russell,RUS,63,George,Russell,1998-02-15,British,mercedes,Mercedes,6,2,2,18.0,72,Finished,5806844.0,2.0,73.67099999999999,208.119
2022,15,Dutch Grand Prix,2022-09-04,zandvoort,Circuit Park Zandvoort,Netherlands,Zandvoort,52.3888,4.54092,leclerc,LEC,16,Charles,Leclerc,1997-10-16,Monegasque,ferrari,Ferrari,2,3,3,15.0,72,Finished,5813702.0,6.0,74.413,206.044
2022,15,Dutch Grand Prix,2022-09-04,zandvoort,Circuit Park Zandvoort,Netherlands,Zandvoort,52.3888,4.54092,hamilton,HAM,44,Lewis,Hamilton,1985-01-07,British,mercedes,Mercedes,4,4,4,12.0,72,Finished,5815789.0,3.0,73.854,207.604
2022,15,Dutch Grand Prix,2022-09-04,zandvoort,Circuit Park Zandvoort,Netherlands,Zandvoort,52.3888,4.54092,perez,PER,11,Sergio,Pérez,1990-01-26,Mexican,red_bull,Red Bull,5,5,5,10.0,72,Finished,5820941.0,5.0,74.404,206.069
2022,15,Dutch Grand Prix,2022-09-04,zandvoort,Circuit Park Zandvoort,Netherlands,Zandvoort,52.3888,4.54092,alonso,ALO,14,Fernando,Alonso,1981-07-29,Spanish,alpine,Alpine F1 Team,13,6,6,8.0,72,Finished,5821527.0,4.0,74.144,206.792
2022,15,Dutch Grand Prix,2022-09-04,zandvoort,Circuit Park Zandvoort,Netherlands,Zandvoort,52.3888,4.54092,norris,NOR,4,Lando,Norris,1999-11-13,British,mclaren,McLaren,7,7,7,6.0,72,Finished,5822079.0,8.0,74.706,205.236
2022,15,Dutch Grand Prix,2022-09-04,zandvoort,Circuit Park Zandvoort,Netherlands,Zandvoort,52.3888,4.54092,sainz,SAI,55,Carlos,Sainz,1994-09-01,Spanish,ferrari,Ferrari,3,8,8,4.0,72,Finished,5823689.0,7.0,74.643,205.409
2022,15,Dutch Grand Prix,2022-09-04,zandvoort,Circuit Park Zandvoort,Netherlands,Zandvoort,52.3888,4.54092,ocon,OCO,31,Esteban,Ocon,1996-09-17,French,alpine,Alpine F1 Team,12,9,9,2.0,72,Finished,5823890.0,11.0,75.084,204.203
2022,15,Dutch Grand Prix,2022-09-04,zandvoort,Circuit Park Zandvoort,Netherlands,Zandvoort,52.3888,4.54092,stroll,STR,18,Lance,Stroll,1998-10-29,Canadian,aston_martin,Aston Martin,10,10,10,1.0,72,Finished,5825232.0,10.0,75.043,204.314
2022,15,Dutch Grand Prix,2022-09-04,zandvoort,Circuit Park Zandvoort,Netherlands,Zandvoort,52.3888,4.54092,gasly,GAS,10,Pierre,Gasly,1996-02-07,French,alphatauri,AlphaTauri,11,11,11,0.0,72,Finished,5829782.0,12.0,75.16499999999999,203.983
2022,15,Dutch Grand Prix,2022-09-04,zandvoort,Circuit Park Zandvoort,Netherlands,Zandvoort,52.3888,4.54092,albon,ALB,23,Alexander,Albon,1996-03-23,Thai,williams,Williams,15,12,12,0.0,72,Finished,5833163.0,15.0,75.534,202.986
2022,15,Dutch Grand Prix,2022-09-04,zandvoort,Circuit Park Zandvoort,Netherlands,Zandvoort,52.3888,4.54092,mick_schumacher,MSC,47,Mick,Schumacher,1999-03-22,German,haas,Haas F1 Team,8,13,13,0.0,72,Finished,5835768.0,13.0,75.233,203.798
2022,15,Dutch Grand Prix,2022-09-04,zandvoort,Circuit Park Zandvoort,Netherlands,Zandvoort,52.3888,4.54092,vettel,VET,5,Sebastian,Vettel,1987-07-03,German,aston_martin,Aston Martin,19,14,14,0.0,72,Finished,5838780.0,9.0,74.862,204.808
2022,15,Dutch Grand Prix,2022-09-04,zandvoort,Circuit Park Zandvoort,Netherlands,Zandvoort,52.3888,4.54092,kevin_magnussen,MAG,20,Kevin,Magnussen,1992-10-05,Danish,haas,Haas F1 Team,18,15,15,0.0,72,Finished,5839642.0,14.0,75.369,203.431
2022,15,Dutch Grand Prix,2022-09-04,zandvoort,Circuit Park Zandvoort,Netherlands,Zandvoort,52.3888,4.54092,zhou,ZHO,24,Guanyu,Zhou,1999-05-30,Chinese,alfa,Alfa Romeo,14,16,16,0.0,72,Finished,5840093.0,17.0,75.94,201.901
2022,15,Dutch Grand Prix,2022-09-04,zandvoort,Circuit Park Zandvoort,Netherlands,Zandvoort,52.3888,4.54092,ricciardo,RIC,3,Daniel,Ricciardo,1989-07-01,Australian,mclaren,McLaren,17,17,17,0.0,72,Finished,5840537.0,16.0,75.577,202.871
2022,15,Dutch Grand Prix,2022-09-04,zandvoort,Circuit Park Zandvoort,Netherlands,Zandvoort,52.3888,4.54092,latifi,LAT,6,Nicholas,Latifi,1995-06-29,Canadian,williams,Williams,20,18,18,0.0,71,+1 Lap,,18.0,76.066,201.567
2022,15,Dutch Grand Prix,2022-09-04,zandvoort,Circuit Park Zandvoort,Netherlands,Zandvoort,52.3888,4.54092,bottas,BOT,77,Valtteri,Bottas,1989-08-28,Finnish,alfa,Alfa Romeo,16,19,R,0.0,53,Engine,,19.0,76.844,199.526
2022,15,Dutch Grand Prix,2022-09-04,zandvoort,Circuit Park Zandvoort,Netherlands,Zandvoort,52.3888,4.54092,tsunoda,TSU,22,Yuki,Tsunoda,2000-05-11,Japanese,alphatauri,AlphaTauri,9,20,R,0.0,43,Differential,,20.0,77.138,198.765
2022,16,Italian Grand Prix,2022-09-11,monza,Autodromo Nazionale di Monza,Italy,Monza,45.6156,9.28111,max_verstappen,VER,1,Max,Verstappen,1997-09-30,Dutch,red_bull,Red Bull,7,1,1,25.0,53,Finished,4827511.0,6.0,84.745,246.088
2022,16,Italian Grand Prix,2022-09-11,monza,Autodromo Nazionale di Monza,Italy,Monza,45.6156,9.28111,leclerc,LEC,16,Charles,Leclerc,1997-10-16,Monegasque,ferrari,Ferrari,1,2,2,18.0,53,Finished,4829957.0,2.0,84.336,247.282
2022,16,Italian Grand Prix,2022-09-11,monza,Autodromo Nazionale di Monza,Italy,Monza,45.6156,9.28111,russell,RUS,63,George,Russell,1998-02-15,British,mercedes,Mercedes,2,3,3,15.0,53,Finished,4830916.0,7.0,85.288,244.522
2022,16,Italian Grand Prix,2022-09-11,monza,Autodromo Nazionale di Monza,Italy,Monza,45.6156,9.28111,sainz,SAI,55,Carlos,Sainz,1994-09-01,Spanish,ferrari,Ferrari,18,4,4,12.0,53,Finished,4832572.0,4.0,84.446,246.96
2022,16,Italian Grand Prix,2022-09-11,monza,Autodromo Nazionale di Monza,Italy,Monza,45.6156,9.28111,hamilton,HAM,44,Lewis,Hamilton,1985-01-07,British,mercedes,Mercedes,19,5,5,10.0,53,Finished,4832891.0,3.0,84.434,246.995
2022,16,Italian Grand Prix,2022-09-11,monza,Autodromo Nazionale di Monza,Italy,Monza,45.6156,9.28111,perez,PER,11,Sergio,Pérez,1990-01-26,Mexican,red_bull,Red Bull,13,6,6,9.0,53,Finished,4833602.0,1.0,84.03,248.182
2022,16,Italian Grand Prix,2022-09-11,monza,Autodromo Nazionale di Monza,Italy,Monza,45.6156,9.28111,norris,NOR,4,Lando,Norris,1999-11-13,British,mclaren,McLaren,3,7,7,6.0,53,Finished,4833718.0,5.0,84.718,246.167
2022,16,Italian Grand Prix,2022-09-11,monza,Autodromo Nazionale di Monza,Italy,Monza,45.6156,9.28111,gasly,GAS,10,Pierre,Gasly,1996-02-07,French,alphatauri,AlphaTauri,5,8,8,4.0,53,Finished,4833907.0,14.0,86.718,240.489
2022,16,Italian Grand Prix,2022-09-11,monza,Autodromo Nazionale di Monza,Italy,Monza,45.6156,9.28111,de_vries,DEV,45,Nyck,de Vries,1995-02-06,Dutch,williams,Williams,8,9,9,2.0,53,Finished,4834633.0,13.0,86.624,240.75
2022,16,Italian Grand Prix,2022-09-11,monza,Autodromo Nazionale di Monza,Italy,Monza,45.6156,9.28111,zhou,ZHO,24,Guanyu,Zhou,1999-05-30,Chinese,alfa,Alfa Romeo,9,10,10,1.0,53,Finished,4835421.0,10.0,86.361,241.484
2022,16,Italian Grand Prix,2022-09-11,monza,Autodromo Nazionale di Monza,Italy,Monza,45.6156,9.28111,ocon,OCO,31,Esteban,Ocon,1996-09-17,French,alpine,Alpine F1 Team,14,11,11,0.0,53,Finished,4835834.0,11.0,86.593,240.837
2022,16,Italian Grand Prix,2022-09-11,monza,Autodromo Nazionale di Monza,Italy,Monza,45.6156,9.28111,mick_schumacher,MSC,47,Mick,Schumacher,1999-03-22,German,haas,Haas F1 Team,17,12,12,0.0,53,Finished,4836060.0,8.0,85.298,244.493
2022,16,Italian Grand Prix,2022-09-11,monza,Autodromo Nazionale di Monza,Italy,Monza,45.6156,9.28111,bottas,BOT,77,Valtteri,Bottas,1989-08-28,Finnish,alfa,Alfa Romeo,15,13,13,0.0,52,+1 Lap,,9.0,85.706,243.329
2022,16,Italian Grand Prix,2022-09-11,monza,Autodromo Nazionale di Monza,Italy,Monza,45.6156,9.28111,tsunoda,TSU,22,Yuki,Tsunoda,2000-05-11,Japanese,alphatauri,AlphaTauri,20,14,14,0.0,52,+1 Lap,,17.0,86.857,240.105
2022,16,Italian Grand Prix,2022-09-11,monza,Autodromo Nazionale di Monza,Italy,Monza,45.6156,9.28111,latifi,LAT,6,Nicholas,Latifi,1995-06-29,Canadian,williams,Williams,10,15,15,0.0,52,+1 Lap,,15.0,86.798,240.268
2022,16,Italian Grand Prix,2022-09-11,monza,Autodromo Nazionale di Monza,Italy,Monza,45.6156,9.28111,kevin_magnussen,MAG,20,Kevin,Magnussen,1992-10-05,Danish,haas,Haas F1 Team,16,16,16,0.0,52,+1 Lap,,16.0,86.798,240.268
2022,16,Italian Grand Prix,2022-09-11,monza,Autodromo Nazionale di Monza,Italy,Monza,45.6156,9.28111,ricciardo,RIC,3,Daniel,Ricciardo,1989-07-01,Australian,mclaren,McLaren,4,17,R,0.0,45,Oil leak,,12.0,86.60300000000001,240.809
2022,16,Italian Grand Prix,2022-09-11,monza,Autodromo Nazionale di Monza,Italy,Monza,45.6156,9.28111,stroll,STR,18,Lance,Stroll,1998-10-29,Canadian,aston_martin,Aston Martin,12,18,R,0.0,39,Engine,,19.0,87.467,238.43
2022,16,Italian Grand Prix,2022-09-11,monza,Autodromo Nazionale di Monza,Italy,Monza,45.6156,9.28111,alonso,ALO,14,Fernando,Alonso,1981-07-29,Spanish,alpine,Alpine F1 Team,6,19,R,0.0,31,Water pressure,,18.0,87.203,239.152
2022,16,Italian Grand Prix,2022-09-11,monza,Autodromo Nazionale di Monza,Italy,Monza,45.6156,9.28111,vettel,VET,5,Sebastian,Vettel,1987-07-03,German,aston_martin,Aston Martin,11,20,R,0.0,10,Engine,,20.0,87.501,238.337
2022,17,Singapore Grand Prix,2022-10-02,marina_bay,Marina Bay Street Circuit,Singapore,Marina Bay,1.2914,103.864,perez,PER,11,Sergio,Pérez,1990-01-26,Mexican,red_bull,Red Bull,2,1,1,25.0,59,Finished,7340238.0,2.0,108.16499999999999,168.509
2022,17,Singapore Grand Prix,2022-10-02,marina_bay,Marina Bay Street Circuit,Singapore,Marina Bay,1.2914,103.864,leclerc,LEC,16,Charles,Leclerc,1997-10-16,Monegasque,ferrari,Ferrari,1,2,2,18.0,59,Finished,7342833.0,4.0,108.753,167.598
2022,17,Singapore Grand Prix,2022-10-02,marina_bay,Marina Bay Street Circuit,Singapore,Marina Bay,1.2914,103.864,sainz,SAI,55,Carlos,Sainz,1994-09-01,Spanish,ferrari,Ferrari,4,3,3,15.0,59,Finished,7350543.0,3.0,108.414,168.122
2022,17,Singapore Grand Prix,2022-10-02,marina_bay,Marina Bay Street Circuit,Singapore,Marina Bay,1.2914,103.864,norris,NOR,4,Lando,Norris,1999-11-13,British,mclaren,McLaren,6,4,4,12.0,59,Finished,7361371.0,6.0,109.212,166.893
2022,17,Singapore Grand Prix,2022-10-02,marina_bay,Marina Bay Street Circuit,Singapore,Marina Bay,1.2914,103.864,ricciardo,RIC,3,Daniel,Ricciardo,1989-07-01,Australian,mclaren,McLaren,16,5,5,10.0,59,Finished,7393520.0,12.0,111.006,164.196
2022,17,Singapore Grand Prix,2022-10-02,marina_bay,Marina Bay Street Circuit,Singapore,Marina Bay,1.2914,103.864,stroll,STR,18,Lance,Stroll,1998-10-29,Canadian,aston_martin,Aston Martin,11,6,6,8.0,59,Finished,7396568.0,7.0,110.283,165.272
2022,17,Singapore Grand Prix,2022-10-02,marina_bay,Marina Bay Street Circuit,Singapore,Marina Bay,1.2914,103.864,max_verstappen,VER,1,Max,Verstappen,1997-09-30,Dutch,red_bull,Red Bull,8,7,7,6.0,59,Finished,7399063.0,5.0,109.142,167.0
2022,17,Singapore Grand Prix,2022-10-02,marina_bay,Marina Bay Street Circuit,Singapore,Marina Bay,1.2914,103.864,vettel,VET,5,Sebastian,Vettel,1987-07-03,German,aston_martin,Aston Martin,13,8,8,4.0,59,Finished,7400270.0,11.0,110.669,164.696
2022,17,Singapore Grand Prix,2022-10-02,marina_bay,Marina Bay Street Circuit,Singapore,Marina Bay,1.2914,103.864,hamilton,HAM,44,Lewis,Hamilton,1985-01-07,British,mercedes,Mercedes,3,9,9,2.0,59,Finished,7401753.0,10.0,110.622,164.766
2022,17,Singapore Grand Prix,2022-10-02,marina_bay,Marina Bay Street Circuit,Singapore,Marina Bay,1.2914,103.864,gasly,GAS,10,Pierre,Gasly,1996-02-07,French,alphatauri,AlphaTauri,7,10,10,1.0,59,Finished,7409814.0,9.0,110.569,164.845
2022,17,Singapore Grand Prix,2022-10-02,marina_bay,Marina Bay Street Circuit,Singapore,Marina Bay,1.2914,103.864,bottas,BOT,77,Valtteri,Bottas,1989-08-28,Finnish,alfa,Alfa Romeo,15,11,11,0.0,59,Finished,7429082.0,13.0,111.864,162.937
2022,17,Singapore Grand Prix,2022-10-02,marina_bay,Marina Bay Street Circuit,Singapore,Marina Bay,1.2914,103.864,kevin_magnussen,MAG,20,Kevin,Magnussen,1992-10-05,Danish,haas,Haas F1 Team,9,12,12,0.0,59,Finished,7432848.0,14.0,112.06700000000001,162.641
2022,17,Singapore Grand Prix,2022-10-02,marina_bay,Marina Bay Street Circuit,Singapore,Marina Bay,1.2914,103.864,mick_schumacher,MSC,47,Mick,Schumacher,1999-03-22,German,haas,Haas F1 Team,12,13,13,0.0,58,+1 Lap,,8.0,110.28999999999999,165.262
2022,17,Singapore Grand Prix,2022-10-02,marina_bay,Marina Bay Street Circuit,Singapore,Marina Bay,1.2914,103.864,russell,RUS,63,George,Russell,1998-02-15,British,mercedes,Mercedes,0,14,14,0.0,57,+2 Laps,,1.0,106.458,171.211
2022,17,Singapore Grand Prix,2022-10-02,marina_bay,Marina Bay Street Circuit,Singapore,Marina Bay,1.2914,103.864,tsunoda,TSU,22,Yuki,Tsunoda,2000-05-11,Japanese,alphatauri,AlphaTauri,10,15,R,0.0,34,Accident,,15.0,118.71600000000001,153.532
2022,17,Singapore Grand Prix,2022-10-02,marina_bay,Marina Bay Street Circuit,Singapore,Marina Bay,1.2914,103.864,ocon,OCO,31,Esteban,Ocon,1996-09-17,French,alpine,Alpine F1 Team,17,16,R,0.0,26,Engine,,17.0,121.105,150.504
2022,17,Singapore Grand Prix,2022-10-02,marina_bay,Marina Bay Street Circuit,Singapore,Marina Bay,1.2914,103.864,albon,ALB,23,Alexander,Albon,1996-03-23,Thai,williams,Williams,18,17,R,0.0,25,Collision damage,,18.0,122.121,149.251
2022,17,Singapore Grand Prix,2022-10-02,marina_bay,Marina Bay Street Circuit,Singapore,Marina Bay,1.2914,103.864,alonso,ALO,14,Fernando,Alonso,1981-07-29,Spanish,alpine,Alpine F1 Team,5,18,R,0.0,20,Engine,,16.0,120.463,151.306
2022,17,Singapore Grand Prix,2022-10-02,marina_bay,Marina Bay Street Circuit,Singapore,Marina Bay,1.2914,103.864,latifi,LAT,6,Nicholas,Latifi,1995-06-29,Canadian,williams,Williams,19,19,R,0.0,7,Collision damage,,20.0,125.585,145.135
2022,17,Singapore Grand Prix,2022-10-02,marina_bay,Marina Bay Street Circuit,Singapore,Marina Bay,1.2914,103.864,zhou,ZHO,24,Guanyu,Zhou,1999-05-30,Chinese,alfa,Alfa Romeo,14,20,R,0.0,6,Collision,,19.0,125.556,145.168
2022,18,Japanese Grand Prix,2022-10-09,suzuka,Suzuka Circuit,Japan,Suzuka,34.8431,136.541,max_verstappen,VER,1,Max,Verstappen,1997-09-30,Dutch,red_bull,Red Bull,1,1,1,25.0,28,Finished,10904004.0,4.0,104.911,199.266
2022,18,Japanese Grand Prix,2022-10-09,suzuka,Suzuka Circuit,Japan,Suzuka,34.8431,136.541,perez,PER,11,Sergio,Pérez,1990-01-26,Mexican,red_bull,Red Bull,4,2,2,18.0,28,Finished,10931070.0,9.0,106.12,196.995
2022,18,Japanese Grand Prix,2022-10-09,suzuka,Suzuka Circuit,Japan,Suzuka,34.8431,136.541,leclerc,LEC,16,Charles,Leclerc,1997-10-16,Monegasque,ferrari,Ferrari,2,3,3,15.0,28,Finished,10935767.0,3.0,104.489,200.07
2022,18,Japanese Grand Prix,2022-10-09,suzuka,Suzuka Circuit,Japan,Suzuka,34.8431,136.541,ocon,OCO,31,Esteban,Ocon,1996-09-17,French,alpine,Alpine F1 Team,5,4,4,12.0,28,Finished,10943689.0,11.0,106.559,196.184
2022,18,Japanese Grand Prix,2022-10-09,suzuka,Suzuka Circuit,Japan,Suzuka,34.8431,136.541,hamilton,HAM,44,Lewis,Hamilton,1985-01-07,British,mercedes,Mercedes,6,5,5,10.0,28,Finished,10944330.0,7.0,105.53,198.097
2022,18,Japanese Grand Prix,2022-10-09,suzuka,Suzuka Circuit,Japan,Suzuka,34.8431,136.541,vettel,VET,5,Sebastian,Vettel,1987-07-03,German,aston_martin,Aston Martin,9,6,6,8.0,28,Finished,10950362.0,12.0,106.964,195.441
2022,18,Japanese Grand Prix,2022-10-09,suzuka,Suzuka Circuit,Japan,Suzuka,34.8431,136.541,alonso,ALO,14,Fernando,Alonso,1981-07-29,Spanish,alpine,Alpine F1 Team,7,7,7,6.0,28,Finished,10950373.0,2.0,104.412,200.218
2022,18,Japanese Grand Prix,2022-10-09,suzuka,Suzuka Circuit,Japan,Suzuka,34.8431,136.541,russell,RUS,63,George,Russell,1998-02-15,British,mercedes,Mercedes,8,8,8,4.0,28,Finished,10951665.0,13.0,107.00399999999999,195.368
2022,18,Japanese Grand Prix,2022-10-09,suzuka,Suzuka Circuit,Japan,Suzuka,34.8431,136.541,latifi,LAT,6,Nicholas,Latifi,1995-06-29,Canadian,williams,Williams,20,9,9,2.0,28,Finished,10974147.0,18.0,108.37100000000001,192.904
2022,18,Japanese Grand Prix,2022-10-09,suzuka,Suzuka Circuit,Japan,Suzuka,34.8431,136.541,norris,NOR,4,Lando,Norris,1999-11-13,British,mclaren,McLaren,10,10,10,1.0,28,Finished,10974786.0,17.0,108.175,193.253
2022,18,Japanese Grand Prix,2022-10-09,suzuka,Suzuka Circuit,Japan,Suzuka,34.8431,136.541,ricciardo,RIC,3,Daniel,Ricciardo,1989-07-01,Australian,mclaren,McLaren,11,11,11,0.0,28,Finished,10976881.0,15.0,107.843,193.848
2022,18,Japanese Grand Prix,2022-10-09,suzuka,Suzuka Circuit,Japan,Suzuka,34.8431,136.541,stroll,STR,18,Lance,Stroll,1998-10-29,Canadian,aston_martin,Aston Martin,19,12,12,0.0,28,Finished,10977908.0,5.0,105.205,198.709
2022,18,Japanese Grand Prix,2022-10-09,suzuka,Suzuka Circuit,Japan,Suzuka,34.8431,136.541,tsunoda,TSU,22,Yuki,Tsunoda,2000-05-11,Japanese,alphatauri,AlphaTauri,13,13,13,0.0,28,Finished,10979603.0,8.0,105.893,197.418
2022,18,Japanese Grand Prix,2022-10-09,suzuka,Suzuka Circuit,Japan,Suzuka,34.8431,136.541,kevin_magnussen,MAG,20,Kevin,Magnussen,1992-10-05,Danish,haas,Haas F1 Team,18,14,14,0.0,28,Finished,10990020.0,16.0,108.072,193.437
2022,18,Japanese Grand Prix,2022-10-09,suzuka,Suzuka Circuit,Japan,Suzuka,34.8431,136.541,bottas,BOT,77,Valtteri,Bottas,1989-08-28,Finnish,alfa,Alfa Romeo,12,15,15,0.0,28,Finished,10990500.0,14.0,107.82,193.889
2022,18,Japanese Grand Prix,2022-10-09,suzuka,Suzuka Circuit,Japan,Suzuka,34.8431,136.541,zhou,ZHO,24,Guanyu,Zhou,1999-05-30,Chinese,alfa,Alfa Romeo,14,16,16,0.0,28,Finished,10991047.0,1.0,104.411,200.22
2022,18,Japanese Grand Prix,2022-10-09,suzuka,Suzuka Circuit,Japan,Suzuka,34.8431,136.541,mick_schumacher,MSC,47,Mick,Schumacher,1999-03-22,German,haas,Haas F1 Team,15,17,17,0.0,28,Finished,10996527.0,6.0,105.387,198.366
2022,18,Japanese Grand Prix,2022-10-09,suzuka,Suzuka Circuit,Japan,Suzuka,34.8431,136.541,gasly,GAS,10,Pierre,Gasly,1996-02-07,French,alphatauri,AlphaTauri,17,18,18,0.0,28,Finished,11012095.0,10.0,106.545,196.21
2022,18,Japanese Grand Prix,2022-10-09,suzuka,Suzuka Circuit,Japan,Suzuka,34.8431,136.541,sainz,SAI,55,Carlos,Sainz,1994-09-01,Spanish,ferrari,Ferrari,3,19,R,0.0,0,Accident,,,,
2022,18,Japanese Grand Prix,2022-10-09,suzuka,Suzuka Circuit,Japan,Suzuka,34.8431,136.541,albon,ALB,23,Alexander,Albon,1996-03-23,Thai,williams,Williams,16,20,R,0.0,0,Hydraulics,,,,
2022,19,United States Grand Prix,2022-10-23,americas,Circuit of the Americas,USA,Austin,30.1328,-97.6411,max_verstappen,VER,1,Max,Verstappen,1997-09-30,Dutch,red_bull,Red Bull,2,1,1,25.0,56,Finished,6131687.0,2.0,99.541,199.383
2022,19,United States Grand Prix,2022-10-23,americas,Circuit of the Americas,USA,Austin,30.1328,-97.6411,hamilton,HAM,44,Lewis,Hamilton,1985-01-07,British,mercedes,Mercedes,3,2,2,18.0,56,Finished,6136710.0,5.0,99.83,198.805
2022,19,United States Grand Prix,2022-10-23,americas,Circuit of the Americas,USA,Austin,30.1328,-97.6411,leclerc,LEC,16,Charles,Leclerc,1997-10-16,Monegasque,ferrari,Ferrari,12,3,3,15.0,56,Finished,6139188.0,4.0,99.731,199.003
2022,19,United States Grand Prix,2022-10-23,americas,Circuit of the Americas,USA,Austin,30.1328,-97.6411,perez,PER,11,Sergio,Pérez,1990-01-26,Mexican,red_bull,Red Bull,9,4,4,12.0,56,Finished,6139980.0,3.0,99.563,199.339
2022,19,United States Grand Prix,2022-10-23,americas,Circuit of the Americas,USA,Austin,30.1328,-97.6411,russell,RUS,63,George,Russell,1998-02-15,British,mercedes,Mercedes,4,5,5,11.0,56,Finished,6176502.0,1.0,98.788,200.902
2022,19,United States Grand Prix,2022-10-23,americas,Circuit of the Americas,USA,Austin,30.1328,-97.6411,norris,NOR,4,Lando,Norris,1999-11-13,British,mclaren,McLaren,6,6,6,8.0,56,Finished,6185472.0,7.0,101.322,195.878
2022,19,United States Grand Prix,2022-10-23,americas,Circuit of the Americas,USA,Austin,30.1328,-97.6411,alonso,ALO,14,Fernando,Alonso,1981-07-29,Spanish,alpine,Alpine F1 Team,14,7,7,6.0,56,Finished,6186765.0,8.0,101.538,195.461
2022,19,United States Grand Prix,2022-10-23,americas,Circuit of the Americas,USA,Austin,30.1328,-97.6411,vettel,VET,5,Sebastian,Vettel,1987-07-03,German,aston_martin,Aston Martin,10,8,8,4.0,56,Finished,6197041.0,16.0,102.54599999999999,193.54
2022,19,United States Grand Prix,2022-10-23,americas,Circuit of the Americas,USA,Austin,30.1328,-97.6411,kevin_magnussen,MAG,20,Kevin,Magnussen,1992-10-05,Danish,haas,Haas F1 Team,13,9,9,2.0,56,Finished,6197521.0,11.0,102.206,194.184
2022,19,United States Grand Prix,2022-10-23,americas,Circuit of the Americas,USA,Austin,30.1328,-97.6411,tsunoda,TSU,22,Yuki,Tsunoda,2000-05-11,Japanese,alphatauri,AlphaTauri,19,10,10,1.0,56,Finished,6202606.0,6.0,101.243,196.031
2022,19,United States Grand Prix,2022-10-23,americas,Circuit of the Americas,USA,Austin,30.1328,-97.6411,ocon,OCO,31,Esteban,Ocon,1996-09-17,French,alpine,Alpine F1 Team,0,11,11,0.0,56,Finished,6204562.0,13.0,102.394,193.827
2022,19,United States Grand Prix,2022-10-23,americas,Circuit of the Americas,USA,Austin,30.1328,-97.6411,zhou,ZHO,24,Guanyu,Zhou,1999-05-30,Chinese,alfa,Alfa Romeo,18,12,12,0.0,56,Finished,6207851.0,15.0,102.471,193.682
2022,19,United States Grand Prix,2022-10-23,americas,Circuit of the Americas,USA,Austin,30.1328,-97.6411,albon,ALB,23,Alexander,Albon,1996-03-23,Thai,williams,Williams,8,13,13,0.0,56,Finished,6211744.0,9.0,101.674,195.2
2022,19,United States Grand Prix,2022-10-23,americas,Circuit of the Americas,USA,Austin,30.1328,-97.6411,gasly,GAS,10,Pierre,Gasly,1996-02-07,French,alphatauri,AlphaTauri,11,14,14,0.0,56,Finished,6213450.0,12.0,102.32,193.967
2022,19,United States Grand Prix,2022-10-23,americas,Circuit of the Americas,USA,Austin,30.1328,-97.6411,mick_schumacher,MSC,47,Mick,Schumacher,1999-03-22,German,haas,Haas F1 Team,16,15,15,0.0,56,Finished,6216177.0,10.0,101.804,194.951
2022,19,United States Grand Prix,2022-10-23,americas,Circuit of the Americas,USA,Austin,30.1328,-97.6411,ricciardo,RIC,3,Daniel,Ricciardo,1989-07-01,Australian,mclaren,McLaren,15,16,16,0.0,56,Finished,6222174.0,14.0,102.42,193.778
2022,19,United States Grand Prix,2022-10-23,americas,Circuit of the Americas,USA,Austin,30.1328,-97.6411,latifi,LAT,6,Nicholas,Latifi,1995-06-29,Canadian,williams,Williams,17,17,17,0.0,56,Finished,6235275.0,19.0,103.485,191.784
2022,19,United States Grand Prix,2022-10-23,americas,Circuit of the Americas,USA,Austin,30.1328,-97.6411,stroll,STR,18,Lance,Stroll,1998-10-29,Canadian,aston_martin,Aston Martin,5,18,R,0.0,21,Collision,,17.0,103.08,192.537
2022,19,United States Grand Prix,2022-10-23,americas,Circuit of the Americas,USA,Austin,30.1328,-97.6411,bottas,BOT,77,Valtteri,Bottas,1989-08-28,Finnish,alfa,Alfa Romeo,7,19,R,0.0,16,Spun off,,18.0,103.39099999999999,191.958
2022,19,United States Grand Prix,2022-10-23,americas,Circuit of the Americas,USA,Austin,30.1328,-97.6411,sainz,SAI,55,Carlos,Sainz,1994-09-01,Spanish,ferrari,Ferrari,1,20,R,0.0,1,Collision damage,,,,
2022,20,Mexico City Grand Prix,2022-10-30,rodriguez,Autódromo Hermanos Rodríguez,Mexico,Mexico City,19.4042,-99.0907,max_verstappen,VER,1,Max,Verstappen,1997-09-30,Dutch,red_bull,Red Bull,1,1,1,25.0,71,Finished,5916729.0,4.0,82.04599999999999,188.85
2022,20,Mexico City Grand Prix,2022-10-30,rodriguez,Autódromo Hermanos Rodríguez,Mexico,Mexico City,19.4042,-99.0907,hamilton,HAM,44,Lewis,Hamilton,1985-01-07,British,mercedes,Mercedes,3,2,2,18.0,71,Finished,5931915.0,5.0,82.062,188.813
2022,20,Mexico City Grand Prix,2022-10-30,rodriguez,Autódromo Hermanos Rodríguez,Mexico,Mexico City,19.4042,-99.0907,perez,PER,11,Sergio,Pérez,1990-01-26,Mexican,red_bull,Red Bull,4,3,3,15.0,71,Finished,5934826.0,2.0,81.775,189.476
2022,20,Mexico City Grand Prix,2022-10-30,rodriguez,Autódromo Hermanos Rodríguez,Mexico,Mexico City,19.4042,-99.0907,russell,RUS,63,George,Russell,1998-02-15,British,mercedes,Mercedes,2,4,4,13.0,71,Finished,5966160.0,1.0,80.15299999999999,193.31
2022,20,Mexico City Grand Prix,2022-10-30,rodriguez,Autódromo Hermanos Rodríguez,Mexico,Mexico City,19.4042,-99.0907,sainz,SAI,55,Carlos,Sainz,1994-09-01,Spanish,ferrari,Ferrari,5,5,5,10.0,71,Finished,5974852.0,6.0,82.199,188.498
2022,20,Mexico City Grand Prix,2022-10-30,rodriguez,Autódromo Hermanos Rodríguez,Mexico,Mexico City,19.4042,-99.0907,leclerc,LEC,16,Charles,Leclerc,1997-10-16,Monegasque,ferrari,Ferrari,7,6,6,8.0,71,Finished,5985503.0,10.0,82.60300000000001,187.576
2022,20,Mexico City Grand Prix,2022-10-30,rodriguez,Autódromo Hermanos Rodríguez,Mexico,Mexico City,19.4042,-99.0907,ricciardo,RIC,3,Daniel,Ricciardo,1989-07-01,Australian,mclaren,McLaren,11,7,7,6.0,70,+1 Lap,,3.0,82.02199999999999,188.905
2022,20,Mexico City Grand Prix,2022-10-30,rodriguez,Autódromo Hermanos Rodríguez,Mexico,Mexico City,19.4042,-99.0907,ocon,OCO,31,Esteban,Ocon,1996-09-17,French,alpine,Alpine F1 Team,10,8,8,4.0,70,+1 Lap,,14.0,83.279,186.054
2022,20,Mexico City Grand Prix,2022-10-30,rodriguez,Autódromo Hermanos Rodríguez,Mexico,Mexico City,19.4042,-99.0907,norris,NOR,4,Lando,Norris,1999-11-13,British,mclaren,McLaren,8,9,9,2.0,70,+1 Lap,,17.0,83.402,185.779
2022,20,Mexico City Grand Prix,2022-10-30,rodriguez,Autódromo Hermanos Rodríguez,Mexico,Mexico City,19.4042,-99.0907,bottas,BOT,77,Valtteri,Bottas,1989-08-28,Finnish,alfa,Alfa Romeo,6,10,10,1.0,70,+1 Lap,,16.0,83.363,185.866
2022,20,Mexico City Grand Prix,2022-10-30,rodriguez,Autódromo Hermanos Rodríguez,Mexico,Mexico City,19.4042,-99.0907,gasly,GAS,10,Pierre,Gasly,1996-02-07,French,alphatauri,AlphaTauri,14,11,11,0.0,70,+1 Lap,,8.0,82.277,188.319
2022,20,Mexico City Grand Prix,2022-10-30,rodriguez,Autódromo Hermanos Rodríguez,Mexico,Mexico City,19.4042,-99.0907,albon,ALB,23,Alexander,Albon,1996-03-23,Thai,williams,Williams,17,12,12,0.0,70,+1 Lap,,12.0,82.914,186.873
2022,20,Mexico City Grand Prix,2022-10-30,rodriguez,Autódromo Hermanos Rodríguez,Mexico,Mexico City,19.4042,-99.0907,zhou,ZHO,24,Guanyu,Zhou,1999-05-30,Chinese,alfa,Alfa Romeo,12,13,13,0.0,70,+1 Lap,,7.0,82.26,188.358
2022,20,Mexico City Grand Prix,2022-10-30,rodriguez,Autódromo Hermanos Rodríguez,Mexico,Mexico City,19.4042,-99.0907,vettel,VET,5,Sebastian,Vettel,1987-07-03,German,aston_martin,Aston Martin,16,14,14,0.0,70,+1 Lap,,13.0,83.086,186.486
2022,20,Mexico City Grand Prix,2022-10-30,rodriguez,Autódromo Hermanos Rodríguez,Mexico,Mexico City,19.4042,-99.0907,stroll,STR,18,Lance,Stroll,1998-10-29,Canadian,aston_martin,Aston Martin,20,15,15,0.0,70,+1 Lap,,9.0,82.463,187.895
2022,20,Mexico City Grand Prix,2022-10-30,rodriguez,Autódromo Hermanos Rodríguez,Mexico,Mexico City,19.4042,-99.0907,mick_schumacher,MSC,47,Mick,Schumacher,1999-03-22,German,haas,Haas F1 Team,15,16,16,0.0,70,+1 Lap,,19.0,83.64099999999999,185.248
2022,20,Mexico City Grand Prix,2022-10-30,rodriguez,Autódromo Hermanos Rodríguez,Mexico,Mexico City,19.4042,-99.0907,kevin_magnussen,MAG,20,Kevin,Magnussen,1992-10-05,Danish,haas,Haas F1 Team,19,17,17,0.0,70,+1 Lap,,15.0,83.3,186.007
2022,20,Mexico City Grand Prix,2022-10-30,rodriguez,Autódromo Hermanos Rodríguez,Mexico,Mexico City,19.4042,-99.0907,latifi,LAT,6,Nicholas,Latifi,1995-06-29,Canadian,williams,Williams,18,18,18,0.0,69,+2 Laps,,20.0,83.709,185.098
2022,20,Mexico City Grand Prix,2022-10-30,rodriguez,Autódromo Hermanos Rodríguez,Mexico,Mexico City,19.4042,-99.0907,alonso,ALO,14,Fernando,Alonso,1981-07-29,Spanish,alpine,Alpine F1 Team,9,19,19,0.0,63,Engine,,11.0,82.866,186.981
2022,20,Mexico City Grand Prix,2022-10-30,rodriguez,Autódromo Hermanos Rodríguez,Mexico,Mexico City,19.4042,-99.0907,tsunoda,TSU,22,Yuki,Tsunoda,2000-05-11,Japanese,alphatauri,AlphaTauri,13,20,R,0.0,50,Collision damage,,18.0,83.40299999999999,185.777
2022,21,São Paulo Grand Prix,2022-11-13,interlagos,Autódromo José Carlos Pace,Brazil,São Paulo,-23.7036,-46.6997,russell,RUS,63,George,Russell,1998-02-15,British,mercedes,Mercedes,1,1,1,26.0,71,Finished,5914044.0,1.0,73.785,210.237
2022,21,São Paulo Grand Prix,2022-11-13,interlagos,Autódromo José Carlos Pace,Brazil,São Paulo,-23.7036,-46.6997,hamilton,HAM,44,Lewis,Hamilton,1985-01-07,British,mercedes,Mercedes,2,2,2,18.0,71,Finished,5915573.0,2.0,73.94200000000001,209.791
2022,21,São Paulo Grand Prix,2022-11-13,interlagos,Autódromo José Carlos Pace,Brazil,São Paulo,-23.7036,-46.6997,sainz,SAI,55,Carlos,Sainz,1994-09-01,Spanish,ferrari,Ferrari,7,3,3,15.0,71,Finished,5918095.0,3.0,73.953,209.76
2022,21,São Paulo Grand Prix,2022-11-13,interlagos,Autódromo José Carlos Pace,Brazil,São Paulo,-23.7036,-46.6997,leclerc,LEC,16,Charles,Leclerc,1997-10-16,Monegasque,ferrari,Ferrari,5,4,4,12.0,71,Finished,5922485.0,6.0,74.253,208.912
2022,21,São Paulo Grand Prix,2022-11-13,interlagos,Autódromo José Carlos Pace,Brazil,São Paulo,-23.7036,-46.6997,alonso,ALO,14,Fernando,Alonso,1981-07-29,Spanish,alpine,Alpine F1 Team,17,5,5,10.0,71,Finished,5923605.0,4.0,74.164,209.163
2022,21,São Paulo Grand Prix,2022-11-13,interlagos,Autódromo José Carlos Pace,Brazil,São Paulo,-23.7036,-46.6997,max_verstappen,VER,1,Max,Verstappen,1997-09-30,Dutch,red_bull,Red Bull,3,6,6,8.0,71,Finished,5924100.0,5.0,74.195,209.076
2022,21,São Paulo Grand Prix,2022-11-13,interlagos,Autódromo José Carlos Pace,Brazil,São Paulo,-23.7036,-46.6997,perez,PER,11,Sergio,Pérez,1990-01-26,Mexican,red_bull,Red Bull,4,7,7,6.0,71,Finished,5928124.0,7.0,74.283,208.828
2022,21,São Paulo Grand Prix,2022-11-13,interlagos,Autódromo José Carlos Pace,Brazil,São Paulo,-23.7036,-46.6997,ocon,OCO,31,Esteban,Ocon,1996-09-17,French,alpine,Alpine F1 Team,16,8,8,4.0,71,Finished,5932734.0,9.0,75.093,206.575
2022,21,São Paulo Grand Prix,2022-11-13,interlagos,Autódromo José Carlos Pace,Brazil,São Paulo,-23.7036,-46.6997,bottas,BOT,77,Valtteri,Bottas,1989-08-28,Finnish,alfa,Alfa Romeo,14,9,9,2.0,71,Finished,5936596.0,14.0,75.511,205.432
2022,21,São Paulo Grand Prix,2022-11-13,interlagos,Autódromo José Carlos Pace,Brazil,São Paulo,-23.7036,-46.6997,stroll,STR,18,Lance,Stroll,1998-10-29,Canadian,aston_martin,Aston Martin,15,10,10,1.0,71,Finished,5937596.0,8.0,74.831,207.299
2022,21,São Paulo Grand Prix,2022-11-13,interlagos,Autódromo José Carlos Pace,Brazil,São Paulo,-23.7036,-46.6997,vettel,VET,5,Sebastian,Vettel,1987-07-03,German,aston_martin,Aston Martin,9,11,11,0.0,71,Finished,5940227.0,15.0,75.549,205.328
2022,21,São Paulo Grand Prix,2022-11-13,interlagos,Autódromo José Carlos Pace,Brazil,São Paulo,-23.7036,-46.6997,zhou,ZHO,24,Guanyu,Zhou,1999-05-30,Chinese,alfa,Alfa Romeo,13,12,12,0.0,71,Finished,5943369.0,17.0,75.80199999999999,204.643
2022,21,São Paulo Grand Prix,2022-11-13,interlagos,Autódromo José Carlos Pace,Brazil,São Paulo,-23.7036,-46.6997,mick_schumacher,MSC,47,Mick,Schumacher,1999-03-22,German,haas,Haas F1 Team,12,13,13,0.0,71,Finished,5943943.0,10.0,75.251,206.142
2022,21,São Paulo Grand Prix,2022-11-13,interlagos,Autódromo José Carlos Pace,Brazil,São Paulo,-23.7036,-46.6997,gasly,GAS,10,Pierre,Gasly,1996-02-07,French,alphatauri,AlphaTauri,10,14,14,0.0,71,Finished,5945911.0,12.0,75.327,205.934
2022,21,São Paulo Grand Prix,2022-11-13,interlagos,Autódromo José Carlos Pace,Brazil,São Paulo,-23.7036,-46.6997,albon,ALB,23,Alexander,Albon,1996-03-23,Thai,williams,Williams,19,15,15,0.0,71,Finished,5950060.0,16.0,75.613,205.155
2022,21,São Paulo Grand Prix,2022-11-13,interlagos,Autódromo José Carlos Pace,Brazil,São Paulo,-23.7036,-46.6997,latifi,LAT,6,Nicholas,Latifi,1995-06-29,Canadian,williams,Williams,18,16,16,0.0,71,Finished,5951082.0,11.0,75.327,205.934
2022,21,São Paulo Grand Prix,2022-11-13,interlagos,Autódromo José Carlos Pace,Brazil,São Paulo,-23.7036,-46.6997,tsunoda,TSU,22,Yuki,Tsunoda,2000-05-11,Japanese,alphatauri,AlphaTauri,0,17,17,0.0,70,+1 Lap,,13.0,75.508,205.44
2022,21,São Paulo Grand Prix,2022-11-13,interlagos,Autódromo José Carlos Pace,Brazil,São Paulo,-23.7036,-46.6997,norris,NOR,4,Lando,Norris,1999-11-13,British,mclaren,McLaren,6,18,R,0.0,50,Gearbox,,18.0,75.855,204.5
2022,21,São Paulo Grand Prix,2022-11-13,interlagos,Autódromo José Carlos Pace,Brazil,São Paulo,-23.7036,-46.6997,kevin_magnussen,MAG,20,Kevin,Magnussen,1992-10-05,Danish,haas,Haas F1 Team,8,19,R,0.0,0,Collision,,,,
2022,21,São Paulo Grand Prix,2022-11-13,interlagos,Autódromo José Carlos Pace,Brazil,São Paulo,-23.7036,-46.6997,ricciardo,RIC,3,Daniel,Ricciardo,1989-07-01,Australian,mclaren,McLaren,11,20,R,0.0,0,Collision,,,,
2022,22,Abu Dhabi Grand Prix,2022-11-20,yas_marina,Yas Marina Circuit,UAE,Abu Dhabi,24.4672,54.6031,max_verstappen,VER,1,Max,Verstappen,1997-09-30,Dutch,red_bull,Red Bull,1,1,1,25.0,58,Finished,5265914.0,6.0,89.392,212.676
2022,22,Abu Dhabi Grand Prix,2022-11-20,yas_marina,Yas Marina Circuit,UAE,Abu Dhabi,24.4672,54.6031,leclerc,LEC,16,Charles,Leclerc,1997-10-16,Monegasque,ferrari,Ferrari,3,2,2,18.0,58,Finished,5274685.0,10.0,89.719,211.901
2022,22,Abu Dhabi Grand Prix,2022-11-20,yas_marina,Yas Marina Circuit,UAE,Abu Dhabi,24.4672,54.6031,perez,PER,11,Sergio,Pérez,1990-01-26,Mexican,red_bull,Red Bull,2,3,3,15.0,58,Finished,5276007.0,4.0,88.97200000000001,213.68
2022,22,Abu Dhabi Grand Prix,2022-11-20,yas_marina,Yas Marina Circuit,UAE,Abu Dhabi,24.4672,54.6031,sainz,SAI,55,Carlos,Sainz,1994-09-01,Spanish,ferrari,Ferrari,4,4,4,12.0,58,Finished,5290806.0,3.0,88.879,213.904
2022,22,Abu Dhabi Grand Prix,2022-11-20,yas_marina,Yas Marina Circuit,UAE,Abu Dhabi,24.4672,54.6031,russell,RUS,63,George,Russell,1998-02-15,British,mercedes,Mercedes,6,5,5,10.0,58,Finished,5301802.0,2.0,88.836,214.007
2022,22,Abu Dhabi Grand Prix,2022-11-20,yas_marina,Yas Marina Circuit,UAE,Abu Dhabi,24.4672,54.6031,norris,NOR,4,Lando,Norris,1999-11-13,British,mclaren,McLaren,7,6,6,9.0,58,Finished,5322148.0,1.0,88.39099999999999,215.085
2022,22,Abu Dhabi Grand Prix,2022-11-20,yas_marina,Yas Marina Circuit,UAE,Abu Dhabi,24.4672,54.6031,ocon,OCO,31,Esteban,Ocon,1996-09-17,French,alpine,Alpine F1 Team,8,7,7,6.0,58,Finished,5323154.0,5.0,89.333,212.817
2022,22,Abu Dhabi Grand Prix,2022-11-20,yas_marina,Yas Marina Circuit,UAE,Abu Dhabi,24.4672,54.6031,stroll,STR,18,Lance,Stroll,1998-10-29,Canadian,aston_martin,Aston Martin,14,8,8,4.0,58,Finished,5342845.0,9.0,89.62,212.135
2022,22,Abu Dhabi Grand Prix,2022-11-20,yas_marina,Yas Marina Circuit,UAE,Abu Dhabi,24.4672,54.6031,ricciardo,RIC,3,Daniel,Ricciardo,1989-07-01,Australian,mclaren,McLaren,13,9,9,2.0,58,Finished,5349182.0,18.0,90.785,209.413
2022,22,Abu Dhabi Grand Prix,2022-11-20,yas_marina,Yas Marina Circuit,UAE,Abu Dhabi,24.4672,54.6031,vettel,VET,5,Sebastian,Vettel,1987-07-03,German,aston_martin,Aston Martin,9,10,10,1.0,58,Finished,5349812.0,15.0,90.312,210.51
2022,22,Abu Dhabi Grand Prix,2022-11-20,yas_marina,Yas Marina Circuit,UAE,Abu Dhabi,24.4672,54.6031,tsunoda,TSU,22,Yuki,Tsunoda,2000-05-11,Japanese,alphatauri,AlphaTauri,11,11,11,0.0,58,Finished,5355285.0,7.0,89.489,212.446
2022,22,Abu Dhabi Grand Prix,2022-11-20,yas_marina,Yas Marina Circuit,UAE,Abu Dhabi,24.4672,54.6031,zhou,ZHO,24,Guanyu,Zhou,1999-05-30,Chinese,alfa,Alfa Romeo,15,12,12,0.0,57,+1 Lap,,8.0,89.6,212.183
2022,22,Abu Dhabi Grand Prix,2022-11-20,yas_marina,Yas Marina Circuit,UAE,Abu Dhabi,24.4672,54.6031,albon,ALB,23,Alexander,Albon,1996-03-23,Thai,williams,Williams,19,13,13,0.0,57,+1 Lap,,13.0,89.939,211.383
2022,22,Abu Dhabi Grand Prix,2022-11-20,yas_marina,Yas Marina Circuit,UAE,Abu Dhabi,24.4672,54.6031,gasly,GAS,10,Pierre,Gasly,1996-02-07,French,alphatauri,AlphaTauri,17,14,14,0.0,57,+1 Lap,,19.0,91.081,208.732
2022,22,Abu Dhabi Grand Prix,2022-11-20,yas_marina,Yas Marina Circuit,UAE,Abu Dhabi,24.4672,54.6031,bottas,BOT,77,Valtteri,Bottas,1989-08-28,Finnish,alfa,Alfa Romeo,18,15,15,0.0,57,+1 Lap,,16.0,90.352,210.417
2022,22,Abu Dhabi Grand Prix,2022-11-20,yas_marina,Yas Marina Circuit,UAE,Abu Dhabi,24.4672,54.6031,mick_schumacher,MSC,47,Mick,Schumacher,1999-03-22,German,haas,Haas F1 Team,12,16,16,0.0,57,+1 Lap,,12.0,89.833,211.632
2022,22,Abu Dhabi Grand Prix,2022-11-20,yas_marina,Yas Marina Circuit,UAE,Abu Dhabi,24.4672,54.6031,kevin_magnussen,MAG,20,Kevin,Magnussen,1992-10-05,Danish,haas,Haas F1 Team,16,17,17,0.0,57,+1 Lap,,20.0,91.158,208.556
2022,22,Abu Dhabi Grand Prix,2022-11-20,yas_marina,Yas Marina Circuit,UAE,Abu Dhabi,24.4672,54.6031,hamilton,HAM,44,Lewis,Hamilton,1985-01-07,British,mercedes,Mercedes,5,18,18,0.0,55,Hydraulics,,11.0,89.788,211.738
2022,22,Abu Dhabi Grand Prix,2022-11-20,yas_marina,Yas Marina Circuit,UAE,Abu Dhabi,24.4672,54.6031,latifi,LAT,6,Nicholas,Latifi,1995-06-29,Canadian,williams,Williams,20,19,19,0.0,55,Collision damage,,14.0,90.309,210.517
2022,22,Abu Dhabi Grand Prix,2022-11-20,yas_marina,Yas Marina Circuit,UAE,Abu Dhabi,24.4672,54.6031,alonso,ALO,14,Fernando,Alonso,1981-07-29,Spanish,alpine,Alpine F1 Team,10,20,R,0.0,27,Water leak,,17.0,90.57900000000001,209.889
2023,1,Bahrain Grand Prix,2023-03-05,bahrain,Bahrain International Circuit,Bahrain,Sakhir,26.0325,50.5106,max_verstappen,VER,1,Max,Verstappen,1997-09-30,Dutch,red_bull,Red Bull,1,1,1,25.0,57,Finished,5636736.0,6.0,96.23599999999999,202.452
2023,1,Bahrain Grand Prix,2023-03-05,bahrain,Bahrain International Circuit,Bahrain,Sakhir,26.0325,50.5106,perez,PER,11,Sergio,Pérez,1990-01-26,Mexican,red_bull,Red Bull,2,2,2,18.0,57,Finished,5648723.0,7.0,96.344,202.225
2023,1,Bahrain Grand Prix,2023-03-05,bahrain,Bahrain International Circuit,Bahrain,Sakhir,26.0325,50.5106,alonso,ALO,14,Fernando,Alonso,1981-07-29,Spanish,aston_martin,Aston Martin,5,3,3,15.0,57,Finished,5675373.0,5.0,96.156,202.62
2023,1,Bahrain Grand Prix,2023-03-05,bahrain,Bahrain International Circuit,Bahrain,Sakhir,26.0325,50.5106,sainz,SAI,55,Carlos,Sainz,1994-09-01,Spanish,ferrari,Ferrari,4,4,4,12.0,57,Finished,5684788.0,14.0,97.13,200.588
2023,1,Bahrain Grand Prix,2023-03-05,bahrain,Bahrain International Circuit,Bahrain,Sakhir,26.0325,50.5106,hamilton,HAM,44,Lewis,Hamilton,1985-01-07,British,mercedes,Mercedes,7,5,5,10.0,57,Finished,5687713.0,10.0,96.54599999999999,201.802
2023,1,Bahrain Grand Prix,2023-03-05,bahrain,Bahrain International Circuit,Bahrain,Sakhir,26.0325,50.5106,stroll,STR,18,Lance,Stroll,1998-10-29,Canadian,aston_martin,Aston Martin,8,6,6,8.0,57,Finished,5691238.0,9.0,96.54599999999999,201.802
2023,1,Bahrain Grand Prix,2023-03-05,bahrain,Bahrain International Circuit,Bahrain,Sakhir,26.0325,50.5106,russell,RUS,63,George,Russell,1998-02-15,British,mercedes,Mercedes,6,7,7,6.0,57,Finished,5692609.0,17.0,97.221,200.401
2023,1,Bahrain Grand Prix,2023-03-05,bahrain,Bahrain International Circuit,Bahrain,Sakhir,26.0325,50.5106,bottas,BOT,77,Valtteri,Bottas,1989-08-28,Finnish,alfa,Alfa Romeo,12,8,8,4.0,57,Finished,5709383.0,18.0,97.37899999999999,200.075
2023,1,Bahrain Grand Prix,2023-03-05,bahrain,Bahrain International Circuit,Bahrain,Sakhir,26.0325,50.5106,gasly,GAS,10,Pierre,Gasly,1996-02-07,French,alpine,Alpine F1 Team,20,9,9,2.0,57,Finished,5710489.0,2.0,95.068,204.939
2023,1,Bahrain Grand Prix,2023-03-05,bahrain,Bahrain International Circuit,Bahrain,Sakhir,26.0325,50.5106,albon,ALB,23,Alexander,Albon,1996-03-23,Thai,williams,Williams,15,10,10,1.0,57,Finished,5726510.0,15.0,97.144,200.559
2023,1,Bahrain Grand Prix,2023-03-05,bahrain,Bahrain International Circuit,Bahrain,Sakhir,26.0325,50.5106,tsunoda,TSU,22,Yuki,Tsunoda,2000-05-11,Japanese,alphatauri,AlphaTauri,14,11,11,0.0,57,Finished,5727606.0,12.0,96.637,201.612
2023,1,Bahrain Grand Prix,2023-03-05,bahrain,Bahrain International Circuit,Bahrain,Sakhir,26.0325,50.5106,sargeant,SAR,2,Logan,Sargeant,2000-12-31,American,williams,Williams,16,12,12,0.0,56,Lapped,5637872.0,4.0,96.037,202.871
2023,1,Bahrain Grand Prix,2023-03-05,bahrain,Bahrain International Circuit,Bahrain,Sakhir,26.0325,50.5106,kevin_magnussen,MAG,20,Kevin,Magnussen,1992-10-05,Danish,haas,Haas F1 Team,17,13,13,0.0,56,Lapped,5653493.0,8.0,96.471,201.959
2023,1,Bahrain Grand Prix,2023-03-05,bahrain,Bahrain International Circuit,Bahrain,Sakhir,26.0325,50.5106,de_vries,DEV,21,Nyck,de Vries,1995-02-06,Dutch,alphatauri,AlphaTauri,19,14,14,0.0,56,Lapped,5659259.0,19.0,97.709,199.4
2023,1,Bahrain Grand Prix,2023-03-05,bahrain,Bahrain International Circuit,Bahrain,Sakhir,26.0325,50.5106,hulkenberg,HUL,27,Nico,Hülkenberg,1987-08-19,German,haas,Haas F1 Team,10,15,15,0.0,56,Lapped,5675647.0,11.0,96.616,201.656
2023,1,Bahrain Grand Prix,2023-03-05,bahrain,Bahrain International Circuit,Bahrain,Sakhir,26.0325,50.5106,zhou,ZHO,24,Guanyu,Zhou,1999-05-30,Chinese,alfa,Alfa Romeo,13,16,16,0.0,56,Lapped,5676385.0,1.0,93.99600000000001,207.276
2023,1,Bahrain Grand Prix,2023-03-05,bahrain,Bahrain International Circuit,Bahrain,Sakhir,26.0325,50.5106,norris,NOR,4,Lando,Norris,1999-11-13,British,mclaren,McLaren,11,17,17,0.0,55,Lapped,5643372.0,3.0,95.822,203.327
2023,1,Bahrain Grand Prix,2023-03-05,bahrain,Bahrain International Circuit,Bahrain,Sakhir,26.0325,50.5106,ocon,OCO,31,Esteban,Ocon,1996-09-17,French,alpine,Alpine F1 Team,9,18,R,0.0,41,Retired,,13.0,96.797,201.278
2023,1,Bahrain Grand Prix,2023-03-05,bahrain,Bahrain International Circuit,Bahrain,Sakhir,26.0325,50.5106,leclerc,LEC,16,Charles,Leclerc,1997-10-16,Monegasque,ferrari,Ferrari,3,19,R,0.0,39,Retired,,16.0,97.17,200.506
2023,1,Bahrain Grand Prix,2023-03-05,bahrain,Bahrain International Circuit,Bahrain,Sakhir,26.0325,50.5106,piastri,PIA,81,Oscar,Piastri,2001-04-06,Australian,mclaren,McLaren,18,20,R,0.0,13,Retired,,20.0,100.691,193.494
2023,2,Saudi Arabian Grand Prix,2023-03-19,jeddah,Jeddah Corniche Circuit,Saudi Arabia,Jeddah,21.6319,39.1044,perez,PER,11,Sergio,Pérez,1990-01-26,Mexican,red_bull,Red Bull,1,1,1,25.0,50,Finished,4874894.0,2.0,92.188,241.098
2023,2,Saudi Arabian Grand Prix,2023-03-19,jeddah,Jeddah Corniche Circuit,Saudi Arabia,Jeddah,21.6319,39.1044,max_verstappen,VER,1,Max,Verstappen,1997-09-30,Dutch,red_bull,Red Bull,15,2,2,19.0,50,Finished,4880249.0,1.0,91.906,241.838
2023,2,Saudi Arabian Grand Prix,2023-03-19,jeddah,Jeddah Corniche Circuit,Saudi Arabia,Jeddah,21.6319,39.1044,alonso,ALO,14,Fernando,Alonso,1981-07-29,Spanish,aston_martin,Aston Martin,2,3,3,15.0,50,Finished,4895622.0,3.0,92.24000000000001,240.962
2023,2,Saudi Arabian Grand Prix,2023-03-19,jeddah,Jeddah Corniche Circuit,Saudi Arabia,Jeddah,21.6319,39.1044,russell,RUS,63,George,Russell,1998-02-15,British,mercedes,Mercedes,3,4,4,12.0,50,Finished,4900760.0,4.0,92.43299999999999,240.459
2023,2,Saudi Arabian Grand Prix,2023-03-19,jeddah,Jeddah Corniche Circuit,Saudi Arabia,Jeddah,21.6319,39.1044,hamilton,HAM,44,Lewis,Hamilton,1985-01-07,British,mercedes,Mercedes,7,5,5,10.0,50,Finished,4905959.0,6.0,92.941,239.145
2023,2,Saudi Arabian Grand Prix,2023-03-19,jeddah,Jeddah Corniche Circuit,Saudi Arabia,Jeddah,21.6319,39.1044,sainz,SAI,55,Carlos,Sainz,1994-09-01,Spanish,ferrari,Ferrari,4,6,6,8.0,50,Finished,4910770.0,5.0,92.822,239.451
2023,2,Saudi Arabian Grand Prix,2023-03-19,jeddah,Jeddah Corniche Circuit,Saudi Arabia,Jeddah,21.6319,39.1044,leclerc,LEC,16,Charles,Leclerc,1997-10-16,Monegasque,ferrari,Ferrari,12,7,7,6.0,50,Finished,4918056.0,7.0,93.056,238.849
2023,2,Saudi Arabian Grand Prix,2023-03-19,jeddah,Jeddah Corniche Circuit,Saudi Arabia,Jeddah,21.6319,39.1044,ocon,OCO,31,Esteban,Ocon,1996-09-17,French,alpine,Alpine F1 Team,6,8,8,4.0,50,Finished,4927726.0,8.0,93.22200000000001,238.424
2023,2,Saudi Arabian Grand Prix,2023-03-19,jeddah,Jeddah Corniche Circuit,Saudi Arabia,Jeddah,21.6319,39.1044,gasly,GAS,10,Pierre,Gasly,1996-02-07,French,alpine,Alpine F1 Team,9,9,9,2.0,50,Finished,4929641.0,10.0,93.392,237.99
2023,2,Saudi Arabian Grand Prix,2023-03-19,jeddah,Jeddah Corniche Circuit,Saudi Arabia,Jeddah,21.6319,39.1044,kevin_magnussen,MAG,20,Kevin,Magnussen,1992-10-05,Danish,haas,Haas F1 Team,13,10,10,1.0,50,Finished,4939720.0,9.0,93.374,238.036
2023,2,Saudi Arabian Grand Prix,2023-03-19,jeddah,Jeddah Corniche Circuit,Saudi Arabia,Jeddah,21.6319,39.1044,tsunoda,TSU,22,Yuki,Tsunoda,2000-05-11,Japanese,alphatauri,AlphaTauri,16,11,11,0.0,50,Finished,4942388.0,14.0,93.931,236.624
2023,2,Saudi Arabian Grand Prix,2023-03-19,jeddah,Jeddah Corniche Circuit,Saudi Arabia,Jeddah,21.6319,39.1044,hulkenberg,HUL,27,Nico,Hülkenberg,1987-08-19,German,haas,Haas F1 Team,10,12,12,0.0,50,Finished,4945482.0,12.0,93.78,237.005
2023,2,Saudi Arabian Grand Prix,2023-03-19,jeddah,Jeddah Corniche Circuit,Saudi Arabia,Jeddah,21.6319,39.1044,zhou,ZHO,24,Guanyu,Zhou,1999-05-30,Chinese,alfa,Alfa Romeo,11,13,13,0.0,50,Finished,4950954.0,13.0,93.894,236.718
2023,2,Saudi Arabian Grand Prix,2023-03-19,jeddah,Jeddah Corniche Circuit,Saudi Arabia,Jeddah,21.6319,39.1044,de_vries,DEV,21,Nyck,de Vries,1995-02-06,Dutch,alphatauri,AlphaTauri,18,14,14,0.0,50,Finished,4952372.0,11.0,93.60900000000001,237.438
2023,2,Saudi Arabian Grand Prix,2023-03-19,jeddah,Jeddah Corniche Circuit,Saudi Arabia,Jeddah,21.6319,39.1044,piastri,PIA,81,Oscar,Piastri,2001-04-06,Australian,mclaren,McLaren,8,15,15,0.0,50,Finished,4959915.0,16.0,94.287,235.731
2023,2,Saudi Arabian Grand Prix,2023-03-19,jeddah,Jeddah Corniche Circuit,Saudi Arabia,Jeddah,21.6319,39.1044,sargeant,SAR,2,Logan,Sargeant,2000-12-31,American,williams,Williams,20,16,16,0.0,50,Finished,4961187.0,18.0,94.469,235.277
2023,2,Saudi Arabian Grand Prix,2023-03-19,jeddah,Jeddah Corniche Circuit,Saudi Arabia,Jeddah,21.6319,39.1044,norris,NOR,4,Lando,Norris,1999-11-13,British,mclaren,McLaren,19,17,17,0.0,50,Finished,4961339.0,15.0,94.122,236.144
2023,2,Saudi Arabian Grand Prix,2023-03-19,jeddah,Jeddah Corniche Circuit,Saudi Arabia,Jeddah,21.6319,39.1044,bottas,BOT,77,Valtteri,Bottas,1989-08-28,Finnish,alfa,Alfa Romeo,14,18,18,0.0,49,Lapped,4904478.0,17.0,94.384,235.489
2023,2,Saudi Arabian Grand Prix,2023-03-19,jeddah,Jeddah Corniche Circuit,Saudi Arabia,Jeddah,21.6319,39.1044,albon,ALB,23,Alexander,Albon,1996-03-23,Thai,williams,Williams,17,19,R,0.0,27,Retired,,20.0,95.56700000000001,232.574
2023,2,Saudi Arabian Grand Prix,2023-03-19,jeddah,Jeddah Corniche Circuit,Saudi Arabia,Jeddah,21.6319,39.1044,stroll,STR,18,Lance,Stroll,1998-10-29,Canadian,aston_martin,Aston Martin,5,20,R,0.0,16,Retired,,19.0,95.14,233.617
2023,3,Australian Grand Prix,2023-04-02,albert_park,Albert Park Grand Prix Circuit,Australia,Melbourne,-37.8497,144.968,max_verstappen,VER,1,Max,Verstappen,1997-09-30,Dutch,red_bull,Red Bull,1,1,1,25.0,58,Finished,9158371.0,2.0,80.342,236.498
2023,3,Australian Grand Prix,2023-04-02,albert_park,Albert Park Grand Prix Circuit,Australia,Melbourne,-37.8497,144.968,hamilton,HAM,44,Lewis,Hamilton,1985-01-07,British,mercedes,Mercedes,3,2,2,18.0,58,Finished,9158550.0,5.0,80.613,235.703
2023,3,Australian Grand Prix,2023-04-02,albert_park,Albert Park Grand Prix Circuit,Australia,Melbourne,-37.8497,144.968,alonso,ALO,14,Fernando,Alonso,1981-07-29,Spanish,aston_martin,Aston Martin,4,3,3,15.0,58,Finished,9159140.0,4.0,80.476,236.105
2023,3,Australian Grand Prix,2023-04-02,albert_park,Albert Park Grand Prix Circuit,Australia,Melbourne,-37.8497,144.968,stroll,STR,18,Lance,Stroll,1998-10-29,Canadian,aston_martin,Aston Martin,6,4,4,12.0,58,Finished,9161453.0,6.0,80.934,234.769
2023,3,Australian Grand Prix,2023-04-02,albert_park,Albert Park Grand Prix Circuit,Australia,Melbourne,-37.8497,144.968,perez,PER,11,Sergio,Pérez,1990-01-26,Mexican,red_bull,Red Bull,20,5,5,11.0,58,Finished,9161691.0,1.0,80.235,236.814
2023,3,Australian Grand Prix,2023-04-02,albert_park,Albert Park Grand Prix Circuit,Australia,Melbourne,-37.8497,144.968,norris,NOR,4,Lando,Norris,1999-11-13,British,mclaren,McLaren,13,6,6,8.0,58,Finished,9162072.0,9.0,81.173,234.077
2023,3,Australian Grand Prix,2023-04-02,albert_park,Albert Park Grand Prix Circuit,Australia,Melbourne,-37.8497,144.968,hulkenberg,HUL,27,Nico,Hülkenberg,1987-08-19,German,haas,Haas F1 Team,10,7,7,6.0,58,Finished,9163310.0,8.0,81.124,234.219
2023,3,Australian Grand Prix,2023-04-02,albert_park,Albert Park Grand Prix Circuit,Australia,Melbourne,-37.8497,144.968,piastri,PIA,81,Oscar,Piastri,2001-04-06,Australian,mclaren,McLaren,16,8,8,4.0,58,Finished,9163753.0,12.0,81.33500000000001,233.611
2023,3,Australian Grand Prix,2023-04-02,albert_park,Albert Park Grand Prix Circuit,Australia,Melbourne,-37.8497,144.968,zhou,ZHO,24,Guanyu,Zhou,1999-05-30,Chinese,alfa,Alfa Romeo,17,9,9,2.0,58,Finished,9164084.0,16.0,81.819,232.229
2023,3,Australian Grand Prix,2023-04-02,albert_park,Albert Park Grand Prix Circuit,Australia,Melbourne,-37.8497,144.968,tsunoda,TSU,22,Yuki,Tsunoda,2000-05-11,Japanese,alphatauri,AlphaTauri,12,10,10,1.0,58,Finished,9164423.0,15.0,81.789,232.314
2023,3,Australian Grand Prix,2023-04-02,albert_park,Albert Park Grand Prix Circuit,Australia,Melbourne,-37.8497,144.968,bottas,BOT,77,Valtteri,Bottas,1989-08-28,Finnish,alfa,Alfa Romeo,19,11,11,0.0,58,Finished,9164884.0,17.0,82.233,231.06
2023,3,Australian Grand Prix,2023-04-02,albert_park,Albert Park Grand Prix Circuit,Australia,Melbourne,-37.8497,144.968,sainz,SAI,55,Carlos,Sainz,1994-09-01,Spanish,ferrari,Ferrari,5,12,12,0.0,58,Finished,9164965.0,3.0,80.467,236.131
2023,3,Australian Grand Prix,2023-04-02,albert_park,Albert Park Grand Prix Circuit,Australia,Melbourne,-37.8497,144.968,gasly,GAS,10,Pierre,Gasly,1996-02-07,French,alpine,Alpine F1 Team,9,13,13,0.0,56,Retired,7003407.0,7.0,80.995,234.592
2023,3,Australian Grand Prix,2023-04-02,albert_park,Albert Park Grand Prix Circuit,Australia,Melbourne,-37.8497,144.968,ocon,OCO,31,Esteban,Ocon,1996-09-17,French,alpine,Alpine F1 Team,11,14,14,0.0,56,Retired,7004780.0,11.0,81.203,233.991
2023,3,Australian Grand Prix,2023-04-02,albert_park,Albert Park Grand Prix Circuit,Australia,Melbourne,-37.8497,144.968,de_vries,DEV,21,Nyck,de Vries,1995-02-06,Dutch,alphatauri,AlphaTauri,15,15,15,0.0,56,Retired,7005713.0,10.0,81.18299999999999,234.049
2023,3,Australian Grand Prix,2023-04-02,albert_park,Albert Park Grand Prix Circuit,Australia,Melbourne,-37.8497,144.968,sargeant,SAR,2,Logan,Sargeant,2000-12-31,American,williams,Williams,18,16,16,0.0,56,Retired,7005930.0,13.0,81.456,233.264
2023,3,Australian Grand Prix,2023-04-02,albert_park,Albert Park Grand Prix Circuit,Australia,Melbourne,-37.8497,144.968,kevin_magnussen,MAG,20,Kevin,Magnussen,1992-10-05,Danish,haas,Haas F1 Team,14,17,17,0.0,52,Retired,5634610.0,14.0,81.685,232.61
2023,3,Australian Grand Prix,2023-04-02,albert_park,Albert Park Grand Prix Circuit,Australia,Melbourne,-37.8497,144.968,russell,RUS,63,George,Russell,1998-02-15,British,mercedes,Mercedes,2,18,R,0.0,17,Retired,,18.0,82.68,229.811
2023,3,Australian Grand Prix,2023-04-02,albert_park,Albert Park Grand Prix Circuit,Australia,Melbourne,-37.8497,144.968,albon,ALB,23,Alexander,Albon,1996-03-23,Thai,williams,Williams,8,19,R,0.0,6,Retired,,19.0,83.349,227.966
2023,3,Australian Grand Prix,2023-04-02,albert_park,Albert Park Grand Prix Circuit,Australia,Melbourne,-37.8497,144.968,leclerc,LEC,16,Charles,Leclerc,1997-10-16,Monegasque,ferrari,Ferrari,7,20,R,0.0,0,Retired,,,,
2023,4,Azerbaijan Grand Prix,2023-04-30,baku,Baku City Circuit,Azerbaijan,Baku,40.3725,49.8533,perez,PER,11,Sergio,Pérez,1990-01-26,Mexican,red_bull,Red Bull,3,1,1,25.0,51,Finished,5562436.0,5.0,104.589,206.625
2023,4,Azerbaijan Grand Prix,2023-04-30,baku,Baku City Circuit,Azerbaijan,Baku,40.3725,49.8533,max_verstappen,VER,1,Max,Verstappen,1997-09-30,Dutch,red_bull,Red Bull,2,2,2,18.0,51,Finished,5564573.0,2.0,104.232,207.333
2023,4,Azerbaijan Grand Prix,2023-04-30,baku,Baku City Circuit,Azerbaijan,Baku,40.3725,49.8533,leclerc,LEC,16,Charles,Leclerc,1997-10-16,Monegasque,ferrari,Ferrari,1,3,3,15.0,51,Finished,5583653.0,4.0,104.561,206.681
2023,4,Azerbaijan Grand Prix,2023-04-30,baku,Baku City Circuit,Azerbaijan,Baku,40.3725,49.8533,alonso,ALO,14,Fernando,Alonso,1981-07-29,Spanish,aston_martin,Aston Martin,6,4,4,12.0,51,Finished,5584460.0,3.0,104.241,207.315
2023,4,Azerbaijan Grand Prix,2023-04-30,baku,Baku City Circuit,Azerbaijan,Baku,40.3725,49.8533,sainz,SAI,55,Carlos,Sainz,1994-09-01,Spanish,ferrari,Ferrari,4,5,5,10.0,51,Finished,5607927.0,6.0,105.175,205.474
2023,4,Azerbaijan Grand Prix,2023-04-30,baku,Baku City Circuit,Azerbaijan,Baku,40.3725,49.8533,hamilton,HAM,44,Lewis,Hamilton,1985-01-07,British,mercedes,Mercedes,5,6,6,8.0,51,Finished,5608581.0,7.0,105.346,205.141
2023,4,Azerbaijan Grand Prix,2023-04-30,baku,Baku City Circuit,Azerbaijan,Baku,40.3725,49.8533,stroll,STR,18,Lance,Stroll,1998-10-29,Canadian,aston_martin,Aston Martin,9,7,7,6.0,51,Finished,5614053.0,9.0,105.62700000000001,204.595
2023,4,Azerbaijan Grand Prix,2023-04-30,baku,Baku City Circuit,Azerbaijan,Baku,40.3725,49.8533,russell,RUS,63,George,Russell,1998-02-15,British,mercedes,Mercedes,11,8,8,5.0,51,Finished,5636676.0,1.0,103.37,209.062
2023,4,Azerbaijan Grand Prix,2023-04-30,baku,Baku City Circuit,Azerbaijan,Baku,40.3725,49.8533,norris,NOR,4,Lando,Norris,1999-11-13,British,mclaren,McLaren,7,9,9,2.0,51,Finished,5642812.0,12.0,105.738,204.38
2023,4,Azerbaijan Grand Prix,2023-04-30,baku,Baku City Circuit,Azerbaijan,Baku,40.3725,49.8533,tsunoda,TSU,22,Yuki,Tsunoda,2000-05-11,Japanese,alphatauri,AlphaTauri,8,10,10,1.0,51,Finished,5646298.0,11.0,105.727,204.401
2023,4,Azerbaijan Grand Prix,2023-04-30,baku,Baku City Circuit,Azerbaijan,Baku,40.3725,49.8533,piastri,PIA,81,Oscar,Piastri,2001-04-06,Australian,mclaren,McLaren,10,11,11,0.0,51,Finished,5648937.0,10.0,105.631,204.587
2023,4,Azerbaijan Grand Prix,2023-04-30,baku,Baku City Circuit,Azerbaijan,Baku,40.3725,49.8533,albon,ALB,23,Alexander,Albon,1996-03-23,Thai,williams,Williams,12,12,12,0.0,51,Finished,5651059.0,15.0,105.925,204.019
2023,4,Azerbaijan Grand Prix,2023-04-30,baku,Baku City Circuit,Azerbaijan,Baku,40.3725,49.8533,kevin_magnussen,MAG,20,Kevin,Magnussen,1992-10-05,Danish,haas,Haas F1 Team,16,13,13,0.0,51,Finished,5652165.0,13.0,105.85,204.164
2023,4,Azerbaijan Grand Prix,2023-04-30,baku,Baku City Circuit,Azerbaijan,Baku,40.3725,49.8533,gasly,GAS,10,Pierre,Gasly,1996-02-07,French,alpine,Alpine F1 Team,17,14,14,0.0,51,Finished,5653768.0,8.0,105.53999999999999,204.764
2023,4,Azerbaijan Grand Prix,2023-04-30,baku,Baku City Circuit,Azerbaijan,Baku,40.3725,49.8533,ocon,OCO,31,Esteban,Ocon,1996-09-17,French,alpine,Alpine F1 Team,19,15,15,0.0,51,Finished,5660230.0,14.0,105.908,204.052
2023,4,Azerbaijan Grand Prix,2023-04-30,baku,Baku City Circuit,Azerbaijan,Baku,40.3725,49.8533,sargeant,SAR,2,Logan,Sargeant,2000-12-31,American,williams,Williams,14,16,16,0.0,51,Finished,5663379.0,17.0,106.501,202.916
2023,4,Azerbaijan Grand Prix,2023-04-30,baku,Baku City Circuit,Azerbaijan,Baku,40.3725,49.8533,hulkenberg,HUL,27,Nico,Hülkenberg,1987-08-19,German,haas,Haas F1 Team,20,17,17,0.0,50,Lapped,5572373.0,18.0,106.731,202.479
2023,4,Azerbaijan Grand Prix,2023-04-30,baku,Baku City Circuit,Azerbaijan,Baku,40.3725,49.8533,bottas,BOT,77,Valtteri,Bottas,1989-08-28,Finnish,alfa,Alfa Romeo,13,18,18,0.0,50,Lapped,5581534.0,16.0,106.304,203.292
2023,4,Azerbaijan Grand Prix,2023-04-30,baku,Baku City Circuit,Azerbaijan,Baku,40.3725,49.8533,zhou,ZHO,24,Guanyu,Zhou,1999-05-30,Chinese,alfa,Alfa Romeo,15,19,R,0.0,36,Retired,,19.0,107.553,200.931
2023,4,Azerbaijan Grand Prix,2023-04-30,baku,Baku City Circuit,Azerbaijan,Baku,40.3725,49.8533,de_vries,DEV,21,Nyck,de Vries,1995-02-06,Dutch,alphatauri,AlphaTauri,18,20,R,0.0,9,Retired,,20.0,108.781,198.663
2023,5,Miami Grand Prix,2023-05-07,miami,Miami International Autodrome,USA,Miami,25.9581,-80.2389,max_verstappen,VER,1,Max,Verstappen,1997-09-30,Dutch,red_bull,Red Bull,9,1,1,26.0,57,Finished,5258241.0,1.0,89.708,217.184
2023,5,Miami Grand Prix,2023-05-07,miami,Miami International Autodrome,USA,Miami,25.9581,-80.2389,perez,PER,11,Sergio,Pérez,1990-01-26,Mexican,red_bull,Red Bull,1,2,2,18.0,57,Finished,5263625.0,3.0,90.56,215.141
2023,5,Miami Grand Prix,2023-05-07,miami,Miami International Autodrome,USA,Miami,25.9581,-80.2389,alonso,ALO,14,Fernando,Alonso,1981-07-29,Spanish,aston_martin,Aston Martin,2,3,3,15.0,57,Finished,5284546.0,2.0,90.519,215.238
2023,5,Miami Grand Prix,2023-05-07,miami,Miami International Autodrome,USA,Miami,25.9581,-80.2389,russell,RUS,63,George,Russell,1998-02-15,British,mercedes,Mercedes,6,4,4,12.0,57,Finished,5291470.0,7.0,91.015,214.065
2023,5,Miami Grand Prix,2023-05-07,miami,Miami International Autodrome,USA,Miami,25.9581,-80.2389,sainz,SAI,55,Carlos,Sainz,1994-09-01,Spanish,ferrari,Ferrari,3,5,5,10.0,57,Finished,5300752.0,10.0,91.362,213.252
2023,5,Miami Grand Prix,2023-05-07,miami,Miami International Autodrome,USA,Miami,25.9581,-80.2389,hamilton,HAM,44,Lewis,Hamilton,1985-01-07,British,mercedes,Mercedes,13,6,6,8.0,57,Finished,5309490.0,4.0,90.669,214.882
2023,5,Miami Grand Prix,2023-05-07,miami,Miami International Autodrome,USA,Miami,25.9581,-80.2389,leclerc,LEC,16,Charles,Leclerc,1997-10-16,Monegasque,ferrari,Ferrari,7,7,7,6.0,57,Finished,5311229.0,11.0,91.434,213.084
2023,5,Miami Grand Prix,2023-05-07,miami,Miami International Autodrome,USA,Miami,25.9581,-80.2389,gasly,GAS,10,Pierre,Gasly,1996-02-07,French,alpine,Alpine F1 Team,5,8,8,4.0,57,Finished,5313911.0,17.0,91.971,211.84
2023,5,Miami Grand Prix,2023-05-07,miami,Miami International Autodrome,USA,Miami,25.9581,-80.2389,ocon,OCO,31,Esteban,Ocon,1996-09-17,French,alpine,Alpine F1 Team,8,9,9,2.0,57,Finished,5316364.0,9.0,91.143,213.765
2023,5,Miami Grand Prix,2023-05-07,miami,Miami International Autodrome,USA,Miami,25.9581,-80.2389,kevin_magnussen,MAG,20,Kevin,Magnussen,1992-10-05,Danish,haas,Haas F1 Team,4,10,10,1.0,57,Finished,5321186.0,13.0,91.691,212.487
2023,5,Miami Grand Prix,2023-05-07,miami,Miami International Autodrome,USA,Miami,25.9581,-80.2389,tsunoda,TSU,22,Yuki,Tsunoda,2000-05-11,Japanese,alphatauri,AlphaTauri,17,11,11,0.0,57,Finished,5322550.0,8.0,91.038,214.011
2023,5,Miami Grand Prix,2023-05-07,miami,Miami International Autodrome,USA,Miami,25.9581,-80.2389,stroll,STR,18,Lance,Stroll,1998-10-29,Canadian,aston_martin,Aston Martin,18,12,12,0.0,57,Finished,5322995.0,5.0,90.862,214.426
2023,5,Miami Grand Prix,2023-05-07,miami,Miami International Autodrome,USA,Miami,25.9581,-80.2389,bottas,BOT,77,Valtteri,Bottas,1989-08-28,Finnish,alfa,Alfa Romeo,10,13,13,0.0,57,Finished,5329878.0,15.0,91.838,212.147
2023,5,Miami Grand Prix,2023-05-07,miami,Miami International Autodrome,USA,Miami,25.9581,-80.2389,albon,ALB,23,Alexander,Albon,1996-03-23,Thai,williams,Williams,11,14,14,0.0,57,Finished,5331102.0,16.0,91.852,212.115
2023,5,Miami Grand Prix,2023-05-07,miami,Miami International Autodrome,USA,Miami,25.9581,-80.2389,hulkenberg,HUL,27,Nico,Hülkenberg,1987-08-19,German,haas,Haas F1 Team,12,15,15,0.0,57,Finished,5333191.0,6.0,90.901,214.334
2023,5,Miami Grand Prix,2023-05-07,miami,Miami International Autodrome,USA,Miami,25.9581,-80.2389,zhou,ZHO,24,Guanyu,Zhou,1999-05-30,Chinese,alfa,Alfa Romeo,14,16,16,0.0,57,Finished,5336681.0,14.0,91.736,212.383
2023,5,Miami Grand Prix,2023-05-07,miami,Miami International Autodrome,USA,Miami,25.9581,-80.2389,norris,NOR,4,Lando,Norris,1999-11-13,British,mclaren,McLaren,16,17,17,0.0,57,Finished,5345958.0,20.0,92.40100000000001,210.854
2023,5,Miami Grand Prix,2023-05-07,miami,Miami International Autodrome,USA,Miami,25.9581,-80.2389,de_vries,DEV,21,Nyck,de Vries,1995-02-06,Dutch,alphatauri,AlphaTauri,15,18,18,0.0,57,Finished,5347190.0,12.0,91.562,212.786
2023,5,Miami Grand Prix,2023-05-07,miami,Miami International Autodrome,USA,Miami,25.9581,-80.2389,piastri,PIA,81,Oscar,Piastri,2001-04-06,Australian,mclaren,McLaren,19,19,19,0.0,56,Lapped,5278751.0,18.0,92.006,211.76
2023,5,Miami Grand Prix,2023-05-07,miami,Miami International Autodrome,USA,Miami,25.9581,-80.2389,sargeant,SAR,2,Logan,Sargeant,2000-12-31,American,williams,Williams,20,20,20,0.0,56,Lapped,5292629.0,19.0,92.384,210.893
2023,6,Monaco Grand Prix,2023-05-28,monaco,Circuit de Monaco,Monaco,Monte Carlo,43.7347,7.42056,max_verstappen,VER,1,Max,Verstappen,1997-09-30,Dutch,red_bull,Red Bull,1,1,1,25.0,78,Finished,6531980.0,7.0,76.604,156.822
2023,6,Monaco Grand Prix,2023-05-28,monaco,Circuit de Monaco,Monaco,Monte Carlo,43.7347,7.42056,alonso,ALO,14,Fernando,Alonso,1981-07-29,Spanish,aston_martin,Aston Martin,2,2,2,18.0,78,Finished,6559901.0,9.0,76.674,156.678
2023,6,Monaco Grand Prix,2023-05-28,monaco,Circuit de Monaco,Monaco,Monte Carlo,43.7347,7.42056,ocon,OCO,31,Esteban,Ocon,1996-09-17,French,alpine,Alpine F1 Team,3,3,3,15.0,78,Finished,6568970.0,6.0,76.52799999999999,156.977
2023,6,Monaco Grand Prix,2023-05-28,monaco,Circuit de Monaco,Monaco,Monte Carlo,43.7347,7.42056,hamilton,HAM,44,Lewis,Hamilton,1985-01-07,British,mercedes,Mercedes,5,4,4,13.0,78,Finished,6571042.0,1.0,75.65,158.799
2023,6,Monaco Grand Prix,2023-05-28,monaco,Circuit de Monaco,Monaco,Monte Carlo,43.7347,7.42056,russell,RUS,63,George,Russell,1998-02-15,British,mercedes,Mercedes,8,5,5,10.0,78,Finished,6588264.0,10.0,76.798,156.425
2023,6,Monaco Grand Prix,2023-05-28,monaco,Circuit de Monaco,Monaco,Monte Carlo,43.7347,7.42056,leclerc,LEC,16,Charles,Leclerc,1997-10-16,Monegasque,ferrari,Ferrari,6,6,6,8.0,78,Finished,6593870.0,2.0,75.773,158.541
2023,6,Monaco Grand Prix,2023-05-28,monaco,Circuit de Monaco,Monaco,Monte Carlo,43.7347,7.42056,gasly,GAS,10,Pierre,Gasly,1996-02-07,French,alpine,Alpine F1 Team,7,7,7,6.0,78,Finished,6594342.0,3.0,75.831,158.42
2023,6,Monaco Grand Prix,2023-05-28,monaco,Circuit de Monaco,Monaco,Monte Carlo,43.7347,7.42056,sainz,SAI,55,Carlos,Sainz,1994-09-01,Spanish,ferrari,Ferrari,4,8,8,4.0,78,Finished,6595371.0,5.0,76.449,157.14
2023,6,Monaco Grand Prix,2023-05-28,monaco,Circuit de Monaco,Monaco,Monte Carlo,43.7347,7.42056,norris,NOR,4,Lando,Norris,1999-11-13,British,mclaren,McLaren,10,9,9,2.0,77,Lapped,6536041.0,19.0,77.844,154.324
2023,6,Monaco Grand Prix,2023-05-28,monaco,Circuit de Monaco,Monaco,Monte Carlo,43.7347,7.42056,piastri,PIA,81,Oscar,Piastri,2001-04-06,Australian,mclaren,McLaren,11,10,10,1.0,77,Lapped,6545939.0,14.0,77.513,154.983
2023,6,Monaco Grand Prix,2023-05-28,monaco,Circuit de Monaco,Monaco,Monte Carlo,43.7347,7.42056,bottas,BOT,77,Valtteri,Bottas,1989-08-28,Finnish,alfa,Alfa Romeo,15,11,11,0.0,77,Lapped,6560943.0,18.0,77.824,154.363
2023,6,Monaco Grand Prix,2023-05-28,monaco,Circuit de Monaco,Monaco,Monte Carlo,43.7347,7.42056,de_vries,DEV,21,Nyck,de Vries,1995-02-06,Dutch,alphatauri,AlphaTauri,12,12,12,0.0,77,Lapped,6589297.0,15.0,77.561,154.887
2023,6,Monaco Grand Prix,2023-05-28,monaco,Circuit de Monaco,Monaco,Monte Carlo,43.7347,7.42056,zhou,ZHO,24,Guanyu,Zhou,1999-05-30,Chinese,alfa,Alfa Romeo,19,13,13,0.0,77,Lapped,6603832.0,11.0,76.926,156.165
2023,6,Monaco Grand Prix,2023-05-28,monaco,Circuit de Monaco,Monaco,Monte Carlo,43.7347,7.42056,albon,ALB,23,Alexander,Albon,1996-03-23,Thai,williams,Williams,13,14,14,0.0,77,Lapped,6611190.0,8.0,76.672,156.683
2023,6,Monaco Grand Prix,2023-05-28,monaco,Circuit de Monaco,Monaco,Monte Carlo,43.7347,7.42056,tsunoda,TSU,22,Yuki,Tsunoda,2000-05-11,Japanese,alphatauri,AlphaTauri,9,15,15,0.0,76,Lapped,6539525.0,16.0,77.68,154.649
2023,6,Monaco Grand Prix,2023-05-28,monaco,Circuit de Monaco,Monaco,Monte Carlo,43.7347,7.42056,perez,PER,11,Sergio,Pérez,1990-01-26,Mexican,red_bull,Red Bull,20,16,16,0.0,76,Lapped,6581004.0,4.0,76.269,157.51
2023,6,Monaco Grand Prix,2023-05-28,monaco,Circuit de Monaco,Monaco,Monte Carlo,43.7347,7.42056,hulkenberg,HUL,27,Nico,Hülkenberg,1987-08-19,German,haas,Haas F1 Team,18,17,17,0.0,76,Lapped,6590486.0,12.0,76.991,156.033
2023,6,Monaco Grand Prix,2023-05-28,monaco,Circuit de Monaco,Monaco,Monte Carlo,43.7347,7.42056,sargeant,SAR,2,Logan,Sargeant,2000-12-31,American,williams,Williams,16,18,18,0.0,76,Lapped,6609963.0,13.0,77.30199999999999,155.406
2023,6,Monaco Grand Prix,2023-05-28,monaco,Circuit de Monaco,Monaco,Monte Carlo,43.7347,7.42056,kevin_magnussen,MAG,20,Kevin,Magnussen,1992-10-05,Danish,haas,Haas F1 Team,17,19,19,0.0,70,Retired,6156799.0,20.0,78.351,153.325
2023,6,Monaco Grand Prix,2023-05-28,monaco,Circuit de Monaco,Monaco,Monte Carlo,43.7347,7.42056,stroll,STR,18,Lance,Stroll,1998-10-29,Canadian,aston_martin,Aston Martin,14,20,R,0.0,53,Retired,,17.0,77.769,154.472
2023,7,Spanish Grand Prix,2023-06-04,catalunya,Circuit de Barcelona-Catalunya,Spain,Barcelona,41.57,2.26111,max_verstappen,VER,1,Max,Verstappen,1997-09-30,Dutch,red_bull,Red Bull,1,1,1,26.0,66,Finished,5277940.0,1.0,76.33,219.641
2023,7,Spanish Grand Prix,2023-06-04,catalunya,Circuit de Barcelona-Catalunya,Spain,Barcelona,41.57,2.26111,hamilton,HAM,44,Lewis,Hamilton,1985-01-07,British,mercedes,Mercedes,4,2,2,18.0,66,Finished,5302030.0,3.0,76.676,218.649
2023,7,Spanish Grand Prix,2023-06-04,catalunya,Circuit de Barcelona-Catalunya,Spain,Barcelona,41.57,2.26111,russell,RUS,63,George,Russell,1998-02-15,British,mercedes,Mercedes,12,3,3,15.0,66,Finished,5310329.0,5.0,77.875,215.283
2023,7,Spanish Grand Prix,2023-06-04,catalunya,Circuit de Barcelona-Catalunya,Spain,Barcelona,41.57,2.26111,perez,PER,11,Sergio,Pérez,1990-01-26,Mexican,red_bull,Red Bull,11,4,4,12.0,66,Finished,5313752.0,2.0,76.666,218.678
2023,7,Spanish Grand Prix,2023-06-04,catalunya,Circuit de Barcelona-Catalunya,Spain,Barcelona,41.57,2.26111,sainz,SAI,55,Carlos,Sainz,1994-09-01,Spanish,ferrari,Ferrari,2,5,5,10.0,66,Finished,5323638.0,11.0,78.40299999999999,213.833
2023,7,Spanish Grand Prix,2023-06-04,catalunya,Circuit de Barcelona-Catalunya,Spain,Barcelona,41.57,2.26111,stroll,STR,18,Lance,Stroll,1998-10-29,Canadian,aston_martin,Aston Martin,5,6,6,8.0,66,Finished,5341260.0,14.0,78.72200000000001,212.967
2023,7,Spanish Grand Prix,2023-06-04,catalunya,Circuit de Barcelona-Catalunya,Spain,Barcelona,41.57,2.26111,alonso,ALO,14,Fernando,Alonso,1981-07-29,Spanish,aston_martin,Aston Martin,8,7,7,6.0,66,Finished,5342067.0,7.0,78.083,214.709
2023,7,Spanish Grand Prix,2023-06-04,catalunya,Circuit de Barcelona-Catalunya,Spain,Barcelona,41.57,2.26111,ocon,OCO,31,Esteban,Ocon,1996-09-17,French,alpine,Alpine F1 Team,6,8,8,4.0,66,Finished,5347182.0,18.0,78.946,212.362
2023,7,Spanish Grand Prix,2023-06-04,catalunya,Circuit de Barcelona-Catalunya,Spain,Barcelona,41.57,2.26111,zhou,ZHO,24,Guanyu,Zhou,1999-05-30,Chinese,alfa,Alfa Romeo,13,9,9,2.0,66,Finished,5349818.0,15.0,78.753,212.883
2023,7,Spanish Grand Prix,2023-06-04,catalunya,Circuit de Barcelona-Catalunya,Spain,Barcelona,41.57,2.26111,gasly,GAS,10,Pierre,Gasly,1996-02-07,French,alpine,Alpine F1 Team,10,10,10,1.0,66,Finished,5351470.0,10.0,78.375,213.91
2023,7,Spanish Grand Prix,2023-06-04,catalunya,Circuit de Barcelona-Catalunya,Spain,Barcelona,41.57,2.26111,leclerc,LEC,16,Charles,Leclerc,1997-10-16,Monegasque,ferrari,Ferrari,19,11,11,0.0,66,Finished,5352359.0,9.0,78.357,213.959
2023,7,Spanish Grand Prix,2023-06-04,catalunya,Circuit de Barcelona-Catalunya,Spain,Barcelona,41.57,2.26111,tsunoda,TSU,22,Yuki,Tsunoda,2000-05-11,Japanese,alphatauri,AlphaTauri,15,12,12,0.0,66,Finished,5353356.0,17.0,78.904,212.475
2023,7,Spanish Grand Prix,2023-06-04,catalunya,Circuit de Barcelona-Catalunya,Spain,Barcelona,41.57,2.26111,piastri,PIA,81,Oscar,Piastri,2001-04-06,Australian,mclaren,McLaren,9,13,13,0.0,65,Lapped,5282215.0,13.0,78.679,213.083
2023,7,Spanish Grand Prix,2023-06-04,catalunya,Circuit de Barcelona-Catalunya,Spain,Barcelona,41.57,2.26111,de_vries,DEV,21,Nyck,de Vries,1995-02-06,Dutch,alphatauri,AlphaTauri,14,14,14,0.0,65,Lapped,5283267.0,12.0,78.594,213.313
2023,7,Spanish Grand Prix,2023-06-04,catalunya,Circuit de Barcelona-Catalunya,Spain,Barcelona,41.57,2.26111,hulkenberg,HUL,27,Nico,Hülkenberg,1987-08-19,German,haas,Haas F1 Team,7,15,15,0.0,65,Lapped,5295237.0,16.0,78.776,212.821
2023,7,Spanish Grand Prix,2023-06-04,catalunya,Circuit de Barcelona-Catalunya,Spain,Barcelona,41.57,2.26111,albon,ALB,23,Alexander,Albon,1996-03-23,Thai,williams,Williams,18,16,16,0.0,65,Lapped,5305648.0,19.0,79.133,211.861
2023,7,Spanish Grand Prix,2023-06-04,catalunya,Circuit de Barcelona-Catalunya,Spain,Barcelona,41.57,2.26111,norris,NOR,4,Lando,Norris,1999-11-13,British,mclaren,McLaren,3,17,17,0.0,65,Lapped,5308330.0,4.0,77.182,217.216
2023,7,Spanish Grand Prix,2023-06-04,catalunya,Circuit de Barcelona-Catalunya,Spain,Barcelona,41.57,2.26111,kevin_magnussen,MAG,20,Kevin,Magnussen,1992-10-05,Danish,haas,Haas F1 Team,17,18,18,0.0,65,Lapped,5316020.0,6.0,78.069,214.748
2023,7,Spanish Grand Prix,2023-06-04,catalunya,Circuit de Barcelona-Catalunya,Spain,Barcelona,41.57,2.26111,bottas,BOT,77,Valtteri,Bottas,1989-08-28,Finnish,alfa,Alfa Romeo,16,19,19,0.0,65,Lapped,5327883.0,8.0,78.242,214.273
2023,7,Spanish Grand Prix,2023-06-04,catalunya,Circuit de Barcelona-Catalunya,Spain,Barcelona,41.57,2.26111,sargeant,SAR,2,Logan,Sargeant,2000-12-31,American,williams,Williams,20,20,20,0.0,65,Lapped,5329617.0,20.0,79.247,211.556
2023,8,Canadian Grand Prix,2023-06-18,villeneuve,Circuit Gilles Villeneuve,Canada,Montreal,45.5,-73.5228,max_verstappen,VER,1,Max,Verstappen,1997-09-30,Dutch,red_bull,Red Bull,1,1,1,25.0,70,Finished,5638348.0,3.0,75.594,207.683
2023,8,Canadian Grand Prix,2023-06-18,villeneuve,Circuit Gilles Villeneuve,Canada,Montreal,45.5,-73.5228,alonso,ALO,14,Fernando,Alonso,1981-07-29,Spanish,aston_martin,Aston Martin,2,2,2,18.0,70,Finished,5647918.0,4.0,75.779,207.176
2023,8,Canadian Grand Prix,2023-06-18,villeneuve,Circuit Gilles Villeneuve,Canada,Montreal,45.5,-73.5228,hamilton,HAM,44,Lewis,Hamilton,1985-01-07,British,mercedes,Mercedes,3,3,3,15.0,70,Finished,5652516.0,2.0,75.396,208.228
2023,8,Canadian Grand Prix,2023-06-18,villeneuve,Circuit Gilles Villeneuve,Canada,Montreal,45.5,-73.5228,leclerc,LEC,16,Charles,Leclerc,1997-10-16,Monegasque,ferrari,Ferrari,10,4,4,12.0,70,Finished,5656996.0,5.0,75.907,206.826
2023,8,Canadian Grand Prix,2023-06-18,villeneuve,Circuit Gilles Villeneuve,Canada,Montreal,45.5,-73.5228,sainz,SAI,55,Carlos,Sainz,1994-09-01,Spanish,ferrari,Ferrari,11,5,5,10.0,70,Finished,5659888.0,6.0,75.911,206.815
2023,8,Canadian Grand Prix,2023-06-18,villeneuve,Circuit Gilles Villeneuve,Canada,Montreal,45.5,-73.5228,perez,PER,11,Sergio,Pérez,1990-01-26,Mexican,red_bull,Red Bull,12,6,6,9.0,70,Finished,5689376.0,1.0,74.481,210.786
2023,8,Canadian Grand Prix,2023-06-18,villeneuve,Circuit Gilles Villeneuve,Canada,Montreal,45.5,-73.5228,albon,ALB,23,Alexander,Albon,1996-03-23,Thai,williams,Williams,9,7,7,6.0,70,Finished,5699161.0,16.0,76.917,204.11
2023,8,Canadian Grand Prix,2023-06-18,villeneuve,Circuit Gilles Villeneuve,Canada,Montreal,45.5,-73.5228,ocon,OCO,31,Esteban,Ocon,1996-09-17,French,alpine,Alpine F1 Team,6,8,8,4.0,70,Finished,5700040.0,15.0,76.782,204.469
2023,8,Canadian Grand Prix,2023-06-18,villeneuve,Circuit Gilles Villeneuve,Canada,Montreal,45.5,-73.5228,stroll,STR,18,Lance,Stroll,1998-10-29,Canadian,aston_martin,Aston Martin,16,9,9,2.0,70,Finished,5702750.0,10.0,76.564,205.051
2023,8,Canadian Grand Prix,2023-06-18,villeneuve,Circuit Gilles Villeneuve,Canada,Montreal,45.5,-73.5228,bottas,BOT,77,Valtteri,Bottas,1989-08-28,Finnish,alfa,Alfa Romeo,14,10,10,1.0,70,Finished,5702780.0,12.0,76.625,204.888
2023,8,Canadian Grand Prix,2023-06-18,villeneuve,Circuit Gilles Villeneuve,Canada,Montreal,45.5,-73.5228,piastri,PIA,81,Oscar,Piastri,2001-04-06,Australian,mclaren,McLaren,8,11,11,0.0,70,Finished,5703449.0,11.0,76.598,204.96
2023,8,Canadian Grand Prix,2023-06-18,villeneuve,Circuit Gilles Villeneuve,Canada,Montreal,45.5,-73.5228,gasly,GAS,10,Pierre,Gasly,1996-02-07,French,alpine,Alpine F1 Team,15,12,12,0.0,70,Finished,5703597.0,9.0,76.425,205.424
2023,8,Canadian Grand Prix,2023-06-18,villeneuve,Circuit Gilles Villeneuve,Canada,Montreal,45.5,-73.5228,norris,NOR,4,Lando,Norris,1999-11-13,British,mclaren,McLaren,7,13,13,0.0,70,Finished,5706711.0,8.0,76.374,205.562
2023,8,Canadian Grand Prix,2023-06-18,villeneuve,Circuit Gilles Villeneuve,Canada,Montreal,45.5,-73.5228,tsunoda,TSU,22,Yuki,Tsunoda,2000-05-11,Japanese,alphatauri,AlphaTauri,19,14,14,0.0,70,Finished,5711771.0,14.0,76.666,204.779
2023,8,Canadian Grand Prix,2023-06-18,villeneuve,Circuit Gilles Villeneuve,Canada,Montreal,45.5,-73.5228,hulkenberg,HUL,27,Nico,Hülkenberg,1987-08-19,German,haas,Haas F1 Team,5,15,15,0.0,69,Lapped,5655291.0,19.0,77.232,203.278
2023,8,Canadian Grand Prix,2023-06-18,villeneuve,Circuit Gilles Villeneuve,Canada,Montreal,45.5,-73.5228,zhou,ZHO,24,Guanyu,Zhou,1999-05-30,Chinese,alfa,Alfa Romeo,20,16,16,0.0,69,Lapped,5655725.0,17.0,77.09,203.652
2023,8,Canadian Grand Prix,2023-06-18,villeneuve,Circuit Gilles Villeneuve,Canada,Montreal,45.5,-73.5228,kevin_magnussen,MAG,20,Kevin,Magnussen,1992-10-05,Danish,haas,Haas F1 Team,13,17,17,0.0,69,Lapped,5708607.0,7.0,76.126,206.231
2023,8,Canadian Grand Prix,2023-06-18,villeneuve,Circuit Gilles Villeneuve,Canada,Montreal,45.5,-73.5228,de_vries,DEV,21,Nyck,de Vries,1995-02-06,Dutch,alphatauri,AlphaTauri,17,18,18,0.0,69,Lapped,5713315.0,13.0,76.656,204.805
2023,8,Canadian Grand Prix,2023-06-18,villeneuve,Circuit Gilles Villeneuve,Canada,Montreal,45.5,-73.5228,russell,RUS,63,George,Russell,1998-02-15,British,mercedes,Mercedes,4,19,R,0.0,53,Retired,,18.0,77.09700000000001,203.634
2023,8,Canadian Grand Prix,2023-06-18,villeneuve,Circuit Gilles Villeneuve,Canada,Montreal,45.5,-73.5228,sargeant,SAR,2,Logan,Sargeant,2000-12-31,American,williams,Williams,18,20,R,0.0,6,Retired,,20.0,78.437,200.155
2023,9,Austrian Grand Prix,2023-07-02,red_bull_ring,Red Bull Ring,Austria,Spielberg,47.2197,14.7647,max_verstappen,VER,1,Max,Verstappen,1997-09-30,Dutch,red_bull,Red Bull,1,1,1,26.0,71,Finished,5133607.0,1.0,67.012,231.97
2023,9,Austrian Grand Prix,2023-07-02,red_bull_ring,Red Bull Ring,Austria,Spielberg,47.2197,14.7647,leclerc,LEC,16,Charles,Leclerc,1997-10-16,Monegasque,ferrari,Ferrari,2,2,2,18.0,71,Finished,5138762.0,5.0,68.82,225.876
2023,9,Austrian Grand Prix,2023-07-02,red_bull_ring,Red Bull Ring,Austria,Spielberg,47.2197,14.7647,perez,PER,11,Sergio,Pérez,1990-01-26,Mexican,red_bull,Red Bull,15,3,3,15.0,71,Finished,5150795.0,2.0,68.111,228.227
2023,9,Austrian Grand Prix,2023-07-02,red_bull_ring,Red Bull Ring,Austria,Spielberg,47.2197,14.7647,norris,NOR,4,Lando,Norris,1999-11-13,British,mclaren,McLaren,4,4,4,12.0,71,Finished,5159934.0,4.0,68.739,226.142
2023,9,Austrian Grand Prix,2023-07-02,red_bull_ring,Red Bull Ring,Austria,Spielberg,47.2197,14.7647,alonso,ALO,14,Fernando,Alonso,1981-07-29,Spanish,aston_martin,Aston Martin,7,5,5,10.0,71,Finished,5163924.0,8.0,69.108,224.934
2023,9,Austrian Grand Prix,2023-07-02,red_bull_ring,Red Bull Ring,Austria,Spielberg,47.2197,14.7647,sainz,SAI,55,Carlos,Sainz,1994-09-01,Spanish,ferrari,Ferrari,3,6,6,8.0,71,Finished,5164984.0,6.0,68.88,225.679
2023,9,Austrian Grand Prix,2023-07-02,red_bull_ring,Red Bull Ring,Austria,Spielberg,47.2197,14.7647,russell,RUS,63,George,Russell,1998-02-15,British,mercedes,Mercedes,11,7,7,6.0,71,Finished,5182010.0,10.0,69.283,224.366
2023,9,Austrian Grand Prix,2023-07-02,red_bull_ring,Red Bull Ring,Austria,Spielberg,47.2197,14.7647,hamilton,HAM,44,Lewis,Hamilton,1985-01-07,British,mercedes,Mercedes,5,8,8,4.0,71,Finished,5182803.0,9.0,69.16,224.765
2023,9,Austrian Grand Prix,2023-07-02,red_bull_ring,Red Bull Ring,Austria,Spielberg,47.2197,14.7647,stroll,STR,18,Lance,Stroll,1998-10-29,Canadian,aston_martin,Aston Martin,6,9,9,2.0,71,Finished,5192650.0,3.0,68.463,227.054
2023,9,Austrian Grand Prix,2023-07-02,red_bull_ring,Red Bull Ring,Austria,Spielberg,47.2197,14.7647,gasly,GAS,10,Pierre,Gasly,1996-02-07,French,alpine,Alpine F1 Team,9,10,10,1.0,71,Finished,5201274.0,7.0,69.04599999999999,225.136
2023,9,Austrian Grand Prix,2023-07-02,red_bull_ring,Red Bull Ring,Austria,Spielberg,47.2197,14.7647,albon,ALB,23,Alexander,Albon,1996-03-23,Thai,williams,Williams,10,11,11,0.0,71,Finished,5213374.0,11.0,69.56,223.473
2023,9,Austrian Grand Prix,2023-07-02,red_bull_ring,Red Bull Ring,Austria,Spielberg,47.2197,14.7647,zhou,ZHO,24,Guanyu,Zhou,1999-05-30,Chinese,alfa,Alfa Romeo,17,12,12,0.0,70,Lapped,5158240.0,14.0,69.786,222.749
2023,9,Austrian Grand Prix,2023-07-02,red_bull_ring,Red Bull Ring,Austria,Spielberg,47.2197,14.7647,sargeant,SAR,2,Logan,Sargeant,2000-12-31,American,williams,Williams,18,13,13,0.0,70,Lapped,5164991.0,12.0,69.611,223.309
2023,9,Austrian Grand Prix,2023-07-02,red_bull_ring,Red Bull Ring,Austria,Spielberg,47.2197,14.7647,ocon,OCO,31,Esteban,Ocon,1996-09-17,French,alpine,Alpine F1 Team,12,14,14,0.0,70,Lapped,5175747.0,15.0,69.797,222.714
2023,9,Austrian Grand Prix,2023-07-02,red_bull_ring,Red Bull Ring,Austria,Spielberg,47.2197,14.7647,bottas,BOT,77,Valtteri,Bottas,1989-08-28,Finnish,alfa,Alfa Romeo,14,15,15,0.0,70,Lapped,5176384.0,18.0,69.94,222.259
2023,9,Austrian Grand Prix,2023-07-02,red_bull_ring,Red Bull Ring,Austria,Spielberg,47.2197,14.7647,piastri,PIA,81,Oscar,Piastri,2001-04-06,Australian,mclaren,McLaren,13,16,16,0.0,70,Lapped,5180176.0,17.0,69.862,222.507
2023,9,Austrian Grand Prix,2023-07-02,red_bull_ring,Red Bull Ring,Austria,Spielberg,47.2197,14.7647,de_vries,DEV,21,Nyck,de Vries,1995-02-06,Dutch,alphatauri,AlphaTauri,20,17,17,0.0,70,Lapped,5183310.0,16.0,69.852,222.539
2023,9,Austrian Grand Prix,2023-07-02,red_bull_ring,Red Bull Ring,Austria,Spielberg,47.2197,14.7647,kevin_magnussen,MAG,20,Kevin,Magnussen,1992-10-05,Danish,haas,Haas F1 Team,19,18,18,0.0,70,Lapped,5190260.0,19.0,70.176,221.511
2023,9,Austrian Grand Prix,2023-07-02,red_bull_ring,Red Bull Ring,Austria,Spielberg,47.2197,14.7647,tsunoda,TSU,22,Yuki,Tsunoda,2000-05-11,Japanese,alphatauri,AlphaTauri,16,19,19,0.0,70,Lapped,5193480.0,13.0,69.62,223.28
2023,9,Austrian Grand Prix,2023-07-02,red_bull_ring,Red Bull Ring,Austria,Spielberg,47.2197,14.7647,hulkenberg,HUL,27,Nico,Hülkenberg,1987-08-19,German,haas,Haas F1 Team,8,20,R,0.0,12,Retired,,20.0,71.066,218.737
2023,10,British Grand Prix,2023-07-09,silverstone,Silverstone Circuit,UK,Silverstone,52.0786,-1.01694,max_verstappen,VER,1,Max,Verstappen,1997-09-30,Dutch,red_bull,Red Bull,1,1,1,26.0,52,Finished,5116938.0,1.0,90.275,234.922
2023,10,British Grand Prix,2023-07-09,silverstone,Silverstone Circuit,UK,Silverstone,52.0786,-1.01694,norris,NOR,4,Lando,Norris,1999-11-13,British,mclaren,McLaren,2,2,2,18.0,52,Finished,5120736.0,2.0,90.543,234.226
2023,10,British Grand Prix,2023-07-09,silverstone,Silverstone Circuit,UK,Silverstone,52.0786,-1.01694,hamilton,HAM,44,Lewis,Hamilton,1985-01-07,British,mercedes,Mercedes,7,3,3,15.0,52,Finished,5123721.0,3.0,90.545,234.221
2023,10,British Grand Prix,2023-07-09,silverstone,Silverstone Circuit,UK,Silverstone,52.0786,-1.01694,piastri,PIA,81,Oscar,Piastri,2001-04-06,Australian,mclaren,McLaren,3,4,4,12.0,52,Finished,5124714.0,4.0,90.85,233.435
2023,10,British Grand Prix,2023-07-09,silverstone,Silverstone Circuit,UK,Silverstone,52.0786,-1.01694,russell,RUS,63,George,Russell,1998-02-15,British,mercedes,Mercedes,6,5,5,10.0,52,Finished,5128144.0,6.0,91.124,232.733
2023,10,British Grand Prix,2023-07-09,silverstone,Silverstone Circuit,UK,Silverstone,52.0786,-1.01694,perez,PER,11,Sergio,Pérez,1990-01-26,Mexican,red_bull,Red Bull,15,6,6,8.0,52,Finished,5129820.0,5.0,90.914,233.271
2023,10,British Grand Prix,2023-07-09,silverstone,Silverstone Circuit,UK,Silverstone,52.0786,-1.01694,alonso,ALO,14,Fernando,Alonso,1981-07-29,Spanish,aston_martin,Aston Martin,9,7,7,6.0,52,Finished,5134131.0,9.0,91.338,232.188
2023,10,British Grand Prix,2023-07-09,silverstone,Silverstone Circuit,UK,Silverstone,52.0786,-1.01694,albon,ALB,23,Alexander,Albon,1996-03-23,Thai,williams,Williams,8,8,8,4.0,52,Finished,5134816.0,8.0,91.273,232.353
2023,10,British Grand Prix,2023-07-09,silverstone,Silverstone Circuit,UK,Silverstone,52.0786,-1.01694,leclerc,LEC,16,Charles,Leclerc,1997-10-16,Monegasque,ferrari,Ferrari,4,9,9,2.0,52,Finished,5135627.0,7.0,91.255,232.399
2023,10,British Grand Prix,2023-07-09,silverstone,Silverstone Circuit,UK,Silverstone,52.0786,-1.01694,sainz,SAI,55,Carlos,Sainz,1994-09-01,Spanish,ferrari,Ferrari,5,10,10,1.0,52,Finished,5136386.0,10.0,91.366,232.116
2023,10,British Grand Prix,2023-07-09,silverstone,Silverstone Circuit,UK,Silverstone,52.0786,-1.01694,sargeant,SAR,2,Logan,Sargeant,2000-12-31,American,williams,Williams,14,11,11,0.0,52,Finished,5140570.0,13.0,91.699,231.274
2023,10,British Grand Prix,2023-07-09,silverstone,Silverstone Circuit,UK,Silverstone,52.0786,-1.01694,bottas,BOT,77,Valtteri,Bottas,1989-08-28,Finnish,alfa,Alfa Romeo,20,12,12,0.0,52,Finished,5142768.0,16.0,91.852,230.888
2023,10,British Grand Prix,2023-07-09,silverstone,Silverstone Circuit,UK,Silverstone,52.0786,-1.01694,hulkenberg,HUL,27,Nico,Hülkenberg,1987-08-19,German,haas,Haas F1 Team,11,13,13,0.0,52,Finished,5143601.0,15.0,91.776,231.08
2023,10,British Grand Prix,2023-07-09,silverstone,Silverstone Circuit,UK,Silverstone,52.0786,-1.01694,stroll,STR,18,Lance,Stroll,1998-10-29,Canadian,aston_martin,Aston Martin,12,14,14,0.0,52,Finished,5144421.0,11.0,91.508,231.756
2023,10,British Grand Prix,2023-07-09,silverstone,Silverstone Circuit,UK,Silverstone,52.0786,-1.01694,zhou,ZHO,24,Guanyu,Zhou,1999-05-30,Chinese,alfa,Alfa Romeo,17,15,15,0.0,52,Finished,5146758.0,14.0,91.769,231.097
2023,10,British Grand Prix,2023-07-09,silverstone,Silverstone Circuit,UK,Silverstone,52.0786,-1.01694,tsunoda,TSU,22,Yuki,Tsunoda,2000-05-11,Japanese,alphatauri,AlphaTauri,16,16,16,0.0,52,Finished,5148163.0,17.0,92.084,230.307
2023,10,British Grand Prix,2023-07-09,silverstone,Silverstone Circuit,UK,Silverstone,52.0786,-1.01694,de_vries,DEV,21,Nyck,de Vries,1995-02-06,Dutch,alphatauri,AlphaTauri,18,17,17,0.0,52,Finished,5150066.0,18.0,92.35300000000001,229.636
2023,10,British Grand Prix,2023-07-09,silverstone,Silverstone Circuit,UK,Silverstone,52.0786,-1.01694,gasly,GAS,10,Pierre,Gasly,1996-02-07,French,alpine,Alpine F1 Team,10,18,18,0.0,46,Retired,4655589.0,12.0,91.539,231.678
2023,10,British Grand Prix,2023-07-09,silverstone,Silverstone Circuit,UK,Silverstone,52.0786,-1.01694,kevin_magnussen,MAG,20,Kevin,Magnussen,1992-10-05,Danish,haas,Haas F1 Team,19,19,R,0.0,31,Retired,,19.0,93.356,227.169
2023,10,British Grand Prix,2023-07-09,silverstone,Silverstone Circuit,UK,Silverstone,52.0786,-1.01694,ocon,OCO,31,Esteban,Ocon,1996-09-17,French,alpine,Alpine F1 Team,13,20,R,0.0,9,Retired,,20.0,93.941,225.754
2023,11,Hungarian Grand Prix,2023-07-23,hungaroring,Hungaroring,Hungary,Budapest,47.5789,19.2486,max_verstappen,VER,1,Max,Verstappen,1997-09-30,Dutch,red_bull,Red Bull,2,1,1,26.0,70,Finished,5888634.0,1.0,80.504,195.91
2023,11,Hungarian Grand Prix,2023-07-23,hungaroring,Hungaroring,Hungary,Budapest,47.5789,19.2486,norris,NOR,4,Lando,Norris,1999-11-13,British,mclaren,McLaren,3,2,2,18.0,70,Finished,5922365.0,4.0,82.178,191.919
2023,11,Hungarian Grand Prix,2023-07-23,hungaroring,Hungaroring,Hungary,Budapest,47.5789,19.2486,perez,PER,11,Sergio,Pérez,1990-01-26,Mexican,red_bull,Red Bull,9,3,3,15.0,70,Finished,5926237.0,5.0,82.295,191.647
2023,11,Hungarian Grand Prix,2023-07-23,hungaroring,Hungaroring,Hungary,Budapest,47.5789,19.2486,hamilton,HAM,44,Lewis,Hamilton,1985-01-07,British,mercedes,Mercedes,1,4,4,12.0,70,Finished,5927768.0,2.0,81.601,193.277
2023,11,Hungarian Grand Prix,2023-07-23,hungaroring,Hungaroring,Hungary,Budapest,47.5789,19.2486,piastri,PIA,81,Oscar,Piastri,2001-04-06,Australian,mclaren,McLaren,4,5,5,10.0,70,Finished,5951206.0,8.0,82.736,190.625
2023,11,Hungarian Grand Prix,2023-07-23,hungaroring,Hungaroring,Hungary,Budapest,47.5789,19.2486,russell,RUS,63,George,Russell,1998-02-15,British,mercedes,Mercedes,18,6,6,8.0,70,Finished,5954459.0,3.0,82.158,191.966
2023,11,Hungarian Grand Prix,2023-07-23,hungaroring,Hungaroring,Hungary,Budapest,47.5789,19.2486,leclerc,LEC,16,Charles,Leclerc,1997-10-16,Monegasque,ferrari,Ferrari,6,7,7,6.0,70,Finished,5958951.0,6.0,82.469,191.242
2023,11,Hungarian Grand Prix,2023-07-23,hungaroring,Hungaroring,Hungary,Budapest,47.5789,19.2486,sainz,SAI,55,Carlos,Sainz,1994-09-01,Spanish,ferrari,Ferrari,11,8,8,4.0,70,Finished,5959707.0,7.0,82.584,190.976
2023,11,Hungarian Grand Prix,2023-07-23,hungaroring,Hungaroring,Hungary,Budapest,47.5789,19.2486,alonso,ALO,14,Fernando,Alonso,1981-07-29,Spanish,aston_martin,Aston Martin,8,9,9,2.0,70,Finished,5964343.0,9.0,82.745,190.604
2023,11,Hungarian Grand Prix,2023-07-23,hungaroring,Hungaroring,Hungary,Budapest,47.5789,19.2486,stroll,STR,18,Lance,Stroll,1998-10-29,Canadian,aston_martin,Aston Martin,14,10,10,1.0,69,Lapped,5903249.0,11.0,83.425,189.051
2023,11,Hungarian Grand Prix,2023-07-23,hungaroring,Hungaroring,Hungary,Budapest,47.5789,19.2486,albon,ALB,23,Alexander,Albon,1996-03-23,Thai,williams,Williams,16,11,11,0.0,69,Lapped,5917721.0,18.0,84.051,187.643
2023,11,Hungarian Grand Prix,2023-07-23,hungaroring,Hungaroring,Hungary,Budapest,47.5789,19.2486,bottas,BOT,77,Valtteri,Bottas,1989-08-28,Finnish,alfa,Alfa Romeo,7,12,12,0.0,69,Lapped,5918713.0,14.0,83.651,188.54
2023,11,Hungarian Grand Prix,2023-07-23,hungaroring,Hungaroring,Hungary,Budapest,47.5789,19.2486,ricciardo,RIC,3,Daniel,Ricciardo,1989-07-01,Australian,alphatauri,AlphaTauri,13,13,13,0.0,69,Lapped,5924891.0,17.0,83.934,187.904
2023,11,Hungarian Grand Prix,2023-07-23,hungaroring,Hungaroring,Hungary,Budapest,47.5789,19.2486,hulkenberg,HUL,27,Nico,Hülkenberg,1987-08-19,German,haas,Haas F1 Team,10,14,14,0.0,69,Lapped,5939932.0,13.0,83.57300000000001,188.716
2023,11,Hungarian Grand Prix,2023-07-23,hungaroring,Hungaroring,Hungary,Budapest,47.5789,19.2486,tsunoda,TSU,22,Yuki,Tsunoda,2000-05-11,Japanese,alphatauri,AlphaTauri,17,15,15,0.0,69,Lapped,5940177.0,10.0,83.269,189.405
2023,11,Hungarian Grand Prix,2023-07-23,hungaroring,Hungaroring,Hungary,Budapest,47.5789,19.2486,zhou,ZHO,24,Guanyu,Zhou,1999-05-30,Chinese,alfa,Alfa Romeo,5,16,16,0.0,69,Lapped,5949125.0,15.0,83.743,188.333
2023,11,Hungarian Grand Prix,2023-07-23,hungaroring,Hungaroring,Hungary,Budapest,47.5789,19.2486,kevin_magnussen,MAG,20,Kevin,Magnussen,1992-10-05,Danish,haas,Haas F1 Team,19,17,17,0.0,69,Lapped,5970985.0,16.0,83.864,188.061
2023,11,Hungarian Grand Prix,2023-07-23,hungaroring,Hungaroring,Hungary,Budapest,47.5789,19.2486,sargeant,SAR,2,Logan,Sargeant,2000-12-31,American,williams,Williams,20,18,18,0.0,67,Retired,5789224.0,12.0,83.496,188.89
2023,11,Hungarian Grand Prix,2023-07-23,hungaroring,Hungaroring,Hungary,Budapest,47.5789,19.2486,ocon,OCO,31,Esteban,Ocon,1996-09-17,French,alpine,Alpine F1 Team,12,19,R,0.0,2,Retired,,,,
2023,11,Hungarian Grand Prix,2023-07-23,hungaroring,Hungaroring,Hungary,Budapest,47.5789,19.2486,gasly,GAS,10,Pierre,Gasly,1996-02-07,French,alpine,Alpine F1 Team,15,20,R,0.0,1,Retired,,,,
2023,12,Belgian Grand Prix,2023-07-30,spa,Circuit de Spa-Francorchamps,Belgium,Spa,50.4372,5.97139,max_verstappen,VER,1,Max,Verstappen,1997-09-30,Dutch,red_bull,Red Bull,6,1,1,25.0,44,Finished,4950450.0,2.0,108.922,231.49
2023,12,Belgian Grand Prix,2023-07-30,spa,Circuit de Spa-Francorchamps,Belgium,Spa,50.4372,5.97139,perez,PER,11,Sergio,Pérez,1990-01-26,Mexican,red_bull,Red Bull,2,2,2,18.0,44,Finished,4972755.0,6.0,110.30799999999999,228.581
2023,12,Belgian Grand Prix,2023-07-30,spa,Circuit de Spa-Francorchamps,Belgium,Spa,50.4372,5.97139,leclerc,LEC,16,Charles,Leclerc,1997-10-16,Monegasque,ferrari,Ferrari,1,3,3,15.0,44,Finished,4982709.0,7.0,110.436,228.316
2023,12,Belgian Grand Prix,2023-07-30,spa,Circuit de Spa-Francorchamps,Belgium,Spa,50.4372,5.97139,hamilton,HAM,44,Lewis,Hamilton,1985-01-07,British,mercedes,Mercedes,3,4,4,13.0,44,Finished,5000121.0,1.0,107.305,234.978
2023,12,Belgian Grand Prix,2023-07-30,spa,Circuit de Spa-Francorchamps,Belgium,Spa,50.4372,5.97139,alonso,ALO,14,Fernando,Alonso,1981-07-29,Spanish,aston_martin,Aston Martin,9,5,5,10.0,44,Finished,5006634.0,13.0,110.938,227.283
2023,12,Belgian Grand Prix,2023-07-30,spa,Circuit de Spa-Francorchamps,Belgium,Spa,50.4372,5.97139,russell,RUS,63,George,Russell,1998-02-15,British,mercedes,Mercedes,8,6,6,8.0,44,Finished,5013551.0,11.0,110.60300000000001,227.972
2023,12,Belgian Grand Prix,2023-07-30,spa,Circuit de Spa-Francorchamps,Belgium,Spa,50.4372,5.97139,norris,NOR,4,Lando,Norris,1999-11-13,British,mclaren,McLaren,7,7,7,6.0,44,Finished,5024169.0,18.0,111.682,225.769
2023,12,Belgian Grand Prix,2023-07-30,spa,Circuit de Spa-Francorchamps,Belgium,Spa,50.4372,5.97139,ocon,OCO,31,Esteban,Ocon,1996-09-17,French,alpine,Alpine F1 Team,14,8,8,4.0,44,Finished,5025169.0,8.0,110.439,228.31
2023,12,Belgian Grand Prix,2023-07-30,spa,Circuit de Spa-Francorchamps,Belgium,Spa,50.4372,5.97139,stroll,STR,18,Lance,Stroll,1998-10-29,Canadian,aston_martin,Aston Martin,10,9,9,2.0,44,Finished,5029790.0,16.0,111.297,226.55
2023,12,Belgian Grand Prix,2023-07-30,spa,Circuit de Spa-Francorchamps,Belgium,Spa,50.4372,5.97139,tsunoda,TSU,22,Yuki,Tsunoda,2000-05-11,Japanese,alphatauri,AlphaTauri,11,10,10,1.0,44,Finished,5030671.0,17.0,111.394,226.353
2023,12,Belgian Grand Prix,2023-07-30,spa,Circuit de Spa-Francorchamps,Belgium,Spa,50.4372,5.97139,gasly,GAS,10,Pierre,Gasly,1996-02-07,French,alpine,Alpine F1 Team,12,11,11,0.0,44,Finished,5033534.0,12.0,110.911,227.339
2023,12,Belgian Grand Prix,2023-07-30,spa,Circuit de Spa-Francorchamps,Belgium,Spa,50.4372,5.97139,bottas,BOT,77,Valtteri,Bottas,1989-08-28,Finnish,alfa,Alfa Romeo,13,12,12,0.0,44,Finished,5035641.0,10.0,110.515,228.153
2023,12,Belgian Grand Prix,2023-07-30,spa,Circuit de Spa-Francorchamps,Belgium,Spa,50.4372,5.97139,zhou,ZHO,24,Guanyu,Zhou,1999-05-30,Chinese,alfa,Alfa Romeo,17,13,13,0.0,44,Finished,5045891.0,5.0,110.188,228.83
2023,12,Belgian Grand Prix,2023-07-30,spa,Circuit de Spa-Francorchamps,Belgium,Spa,50.4372,5.97139,albon,ALB,23,Alexander,Albon,1996-03-23,Thai,williams,Williams,15,14,14,0.0,44,Finished,5046634.0,3.0,109.84100000000001,229.553
2023,12,Belgian Grand Prix,2023-07-30,spa,Circuit de Spa-Francorchamps,Belgium,Spa,50.4372,5.97139,kevin_magnussen,MAG,20,Kevin,Magnussen,1992-10-05,Danish,haas,Haas F1 Team,16,15,15,0.0,44,Finished,5052204.0,14.0,110.993,227.171
2023,12,Belgian Grand Prix,2023-07-30,spa,Circuit de Spa-Francorchamps,Belgium,Spa,50.4372,5.97139,ricciardo,RIC,3,Daniel,Ricciardo,1989-07-01,Australian,alphatauri,AlphaTauri,19,16,16,0.0,44,Finished,5053521.0,15.0,110.994,227.169
2023,12,Belgian Grand Prix,2023-07-30,spa,Circuit de Spa-Francorchamps,Belgium,Spa,50.4372,5.97139,sargeant,SAR,2,Logan,Sargeant,2000-12-31,American,williams,Williams,18,17,17,0.0,44,Finished,5054926.0,9.0,110.48599999999999,228.213
2023,12,Belgian Grand Prix,2023-07-30,spa,Circuit de Spa-Francorchamps,Belgium,Spa,50.4372,5.97139,hulkenberg,HUL,27,Nico,Hülkenberg,1987-08-19,German,haas,Haas F1 Team,20,18,18,0.0,44,Finished,5060900.0,4.0,109.907,229.415
2023,12,Belgian Grand Prix,2023-07-30,spa,Circuit de Spa-Francorchamps,Belgium,Spa,50.4372,5.97139,sainz,SAI,55,Carlos,Sainz,1994-09-01,Spanish,ferrari,Ferrari,4,19,R,0.0,23,Retired,,19.0,113.138,222.864
2023,12,Belgian Grand Prix,2023-07-30,spa,Circuit de Spa-Francorchamps,Belgium,Spa,50.4372,5.97139,piastri,PIA,81,Oscar,Piastri,2001-04-06,Australian,mclaren,McLaren,5,20,R,0.0,0,Retired,,,,
2023,13,Dutch Grand Prix,2023-08-27,zandvoort,Circuit Park Zandvoort,Netherlands,Zandvoort,52.3888,4.54092,max_verstappen,VER,1,Max,Verstappen,1997-09-30,Dutch,red_bull,Red Bull,1,1,1,25.0,72,Finished,8644411.0,2.0,73.889,207.505
2023,13,Dutch Grand Prix,2023-08-27,zandvoort,Circuit Park Zandvoort,Netherlands,Zandvoort,52.3888,4.54092,alonso,ALO,14,Fernando,Alonso,1981-07-29,Spanish,aston_martin,Aston Martin,5,2,2,19.0,72,Finished,8648155.0,1.0,73.837,207.651
2023,13,Dutch Grand Prix,2023-08-27,zandvoort,Circuit Park Zandvoort,Netherlands,Zandvoort,52.3888,4.54092,gasly,GAS,10,Pierre,Gasly,1996-02-07,French,alpine,Alpine F1 Team,12,3,3,15.0,72,Finished,8651469.0,7.0,74.441,205.967
2023,13,Dutch Grand Prix,2023-08-27,zandvoort,Circuit Park Zandvoort,Netherlands,Zandvoort,52.3888,4.54092,perez,PER,11,Sergio,Pérez,1990-01-26,Mexican,red_bull,Red Bull,7,4,4,12.0,72,Finished,8654479.0,4.0,74.231,206.549
2023,13,Dutch Grand Prix,2023-08-27,zandvoort,Circuit Park Zandvoort,Netherlands,Zandvoort,52.3888,4.54092,sainz,SAI,55,Carlos,Sainz,1994-09-01,Spanish,ferrari,Ferrari,6,5,5,10.0,72,Finished,8656952.0,13.0,74.934,204.612
2023,13,Dutch Grand Prix,2023-08-27,zandvoort,Circuit Park Zandvoort,Netherlands,Zandvoort,52.3888,4.54092,hamilton,HAM,44,Lewis,Hamilton,1985-01-07,British,mercedes,Mercedes,13,6,6,8.0,72,Finished,8657620.0,3.0,73.904,207.463
2023,13,Dutch Grand Prix,2023-08-27,zandvoort,Circuit Park Zandvoort,Netherlands,Zandvoort,52.3888,4.54092,norris,NOR,4,Lando,Norris,1999-11-13,British,mclaren,McLaren,2,7,7,6.0,72,Finished,8657643.0,6.0,74.39,206.108
2023,13,Dutch Grand Prix,2023-08-27,zandvoort,Circuit Park Zandvoort,Netherlands,Zandvoort,52.3888,4.54092,albon,ALB,23,Alexander,Albon,1996-03-23,Thai,williams,Williams,4,8,8,4.0,72,Finished,8659566.0,8.0,74.468,205.892
2023,13,Dutch Grand Prix,2023-08-27,zandvoort,Circuit Park Zandvoort,Netherlands,Zandvoort,52.3888,4.54092,piastri,PIA,81,Oscar,Piastri,2001-04-06,Australian,mclaren,McLaren,8,9,9,2.0,72,Finished,8660991.0,5.0,74.299,206.36
2023,13,Dutch Grand Prix,2023-08-27,zandvoort,Circuit Park Zandvoort,Netherlands,Zandvoort,52.3888,4.54092,ocon,OCO,31,Esteban,Ocon,1996-09-17,French,alpine,Alpine F1 Team,16,10,10,1.0,72,Finished,8662757.0,10.0,74.57,205.61
2023,13,Dutch Grand Prix,2023-08-27,zandvoort,Circuit Park Zandvoort,Netherlands,Zandvoort,52.3888,4.54092,stroll,STR,18,Lance,Stroll,1998-10-29,Canadian,aston_martin,Aston Martin,11,11,11,0.0,72,Finished,8664498.0,15.0,75.17099999999999,203.966
2023,13,Dutch Grand Prix,2023-08-27,zandvoort,Circuit Park Zandvoort,Netherlands,Zandvoort,52.3888,4.54092,hulkenberg,HUL,27,Nico,Hülkenberg,1987-08-19,German,haas,Haas F1 Team,14,12,12,0.0,72,Finished,8665251.0,9.0,74.472,205.881
2023,13,Dutch Grand Prix,2023-08-27,zandvoort,Circuit Park Zandvoort,Netherlands,Zandvoort,52.3888,4.54092,lawson,LAW,40,Liam,Lawson,2002-02-11,New Zealander,alphatauri,AlphaTauri,19,13,13,0.0,72,Finished,8670558.0,12.0,74.82,204.923
2023,13,Dutch Grand Prix,2023-08-27,zandvoort,Circuit Park Zandvoort,Netherlands,Zandvoort,52.3888,4.54092,bottas,BOT,77,Valtteri,Bottas,1989-08-28,Finnish,alfa,Alfa Romeo,18,14,14,0.0,72,Finished,8671799.0,11.0,74.69800000000001,205.258
2023,13,Dutch Grand Prix,2023-08-27,zandvoort,Circuit Park Zandvoort,Netherlands,Zandvoort,52.3888,4.54092,tsunoda,TSU,22,Yuki,Tsunoda,2000-05-11,Japanese,alphatauri,AlphaTauri,17,15,15,0.0,72,Finished,8674304.0,18.0,76.253,201.072
2023,13,Dutch Grand Prix,2023-08-27,zandvoort,Circuit Park Zandvoort,Netherlands,Zandvoort,52.3888,4.54092,kevin_magnussen,MAG,20,Kevin,Magnussen,1992-10-05,Danish,haas,Haas F1 Team,0,16,16,0.0,72,Finished,8675821.0,17.0,75.489,203.107
2023,13,Dutch Grand Prix,2023-08-27,zandvoort,Circuit Park Zandvoort,Netherlands,Zandvoort,52.3888,4.54092,russell,RUS,63,George,Russell,1998-02-15,British,mercedes,Mercedes,3,17,17,0.0,72,Finished,8700165.0,14.0,75.124,204.094
2023,13,Dutch Grand Prix,2023-08-27,zandvoort,Circuit Park Zandvoort,Netherlands,Zandvoort,52.3888,4.54092,zhou,ZHO,24,Guanyu,Zhou,1999-05-30,Chinese,alfa,Alfa Romeo,15,18,R,0.0,62,Accident,,16.0,75.417,203.301
2023,13,Dutch Grand Prix,2023-08-27,zandvoort,Circuit Park Zandvoort,Netherlands,Zandvoort,52.3888,4.54092,leclerc,LEC,16,Charles,Leclerc,1997-10-16,Monegasque,ferrari,Ferrari,9,19,R,0.0,41,Undertray,,19.0,77.277,198.408
2023,13,Dutch Grand Prix,2023-08-27,zandvoort,Circuit Park Zandvoort,Netherlands,Zandvoort,52.3888,4.54092,sargeant,SAR,2,Logan,Sargeant,2000-12-31,American,williams,Williams,10,20,R,0.0,14,Accident,,20.0,77.399,198.095
2023,14,Italian Grand Prix,2023-09-03,monza,Autodromo Nazionale di Monza,Italy,Monza,45.6156,9.28111,max_verstappen,VER,1,Max,Verstappen,1997-09-30,Dutch,red_bull,Red Bull,2,1,1,25.0,51,Finished,4421143.0,2.0,85.24,244.659
2023,14,Italian Grand Prix,2023-09-03,monza,Autodromo Nazionale di Monza,Italy,Monza,45.6156,9.28111,perez,PER,11,Sergio,Pérez,1990-01-26,Mexican,red_bull,Red Bull,5,2,2,18.0,51,Finished,4427207.0,4.0,85.52199999999999,243.853
2023,14,Italian Grand Prix,2023-09-03,monza,Autodromo Nazionale di Monza,Italy,Monza,45.6156,9.28111,sainz,SAI,55,Carlos,Sainz,1994-09-01,Spanish,ferrari,Ferrari,1,3,3,15.0,51,Finished,4432336.0,3.0,85.501,243.912
2023,14,Italian Grand Prix,2023-09-03,monza,Autodromo Nazionale di Monza,Italy,Monza,45.6156,9.28111,leclerc,LEC,16,Charles,Leclerc,1997-10-16,Monegasque,ferrari,Ferrari,3,4,4,12.0,51,Finished,4432520.0,5.0,85.58,243.687
2023,14,Italian Grand Prix,2023-09-03,monza,Autodromo Nazionale di Monza,Italy,Monza,45.6156,9.28111,russell,RUS,63,George,Russell,1998-02-15,British,mercedes,Mercedes,4,5,5,10.0,51,Finished,4444171.0,9.0,85.84700000000001,242.929
2023,14,Italian Grand Prix,2023-09-03,monza,Autodromo Nazionale di Monza,Italy,Monza,45.6156,9.28111,hamilton,HAM,44,Lewis,Hamilton,1985-01-07,British,mercedes,Mercedes,8,6,6,8.0,51,Finished,4463822.0,6.0,85.582,243.682
2023,14,Italian Grand Prix,2023-09-03,monza,Autodromo Nazionale di Monza,Italy,Monza,45.6156,9.28111,albon,ALB,23,Alexander,Albon,1996-03-23,Thai,williams,Williams,6,7,7,6.0,51,Finished,4466249.0,16.0,86.389,241.405
2023,14,Italian Grand Prix,2023-09-03,monza,Autodromo Nazionale di Monza,Italy,Monza,45.6156,9.28111,norris,NOR,4,Lando,Norris,1999-11-13,British,mclaren,McLaren,9,8,8,4.0,51,Finished,4466592.0,14.0,86.144,242.092
2023,14,Italian Grand Prix,2023-09-03,monza,Autodromo Nazionale di Monza,Italy,Monza,45.6156,9.28111,alonso,ALO,14,Fernando,Alonso,1981-07-29,Spanish,aston_martin,Aston Martin,10,9,9,2.0,51,Finished,4467437.0,13.0,86.105,242.201
2023,14,Italian Grand Prix,2023-09-03,monza,Autodromo Nazionale di Monza,Italy,Monza,45.6156,9.28111,bottas,BOT,77,Valtteri,Bottas,1989-08-28,Finnish,alfa,Alfa Romeo,14,10,10,1.0,51,Finished,4485199.0,12.0,85.988,242.531
2023,14,Italian Grand Prix,2023-09-03,monza,Autodromo Nazionale di Monza,Italy,Monza,45.6156,9.28111,lawson,LAW,40,Liam,Lawson,2002-02-11,New Zealander,alphatauri,AlphaTauri,12,11,11,0.0,51,Finished,4491781.0,8.0,85.842,242.944
2023,14,Italian Grand Prix,2023-09-03,monza,Autodromo Nazionale di Monza,Italy,Monza,45.6156,9.28111,piastri,PIA,81,Oscar,Piastri,2001-04-06,Australian,mclaren,McLaren,7,12,12,0.0,51,Finished,4494217.0,1.0,85.072,245.142
2023,14,Italian Grand Prix,2023-09-03,monza,Autodromo Nazionale di Monza,Italy,Monza,45.6156,9.28111,sargeant,SAR,2,Logan,Sargeant,2000-12-31,American,williams,Williams,15,13,13,0.0,51,Finished,4499700.0,18.0,86.84,240.152
2023,14,Italian Grand Prix,2023-09-03,monza,Autodromo Nazionale di Monza,Italy,Monza,45.6156,9.28111,zhou,ZHO,24,Guanyu,Zhou,1999-05-30,Chinese,alfa,Alfa Romeo,16,14,14,0.0,51,Finished,4501307.0,11.0,85.983,242.545
2023,14,Italian Grand Prix,2023-09-03,monza,Autodromo Nazionale di Monza,Italy,Monza,45.6156,9.28111,gasly,GAS,10,Pierre,Gasly,1996-02-07,French,alpine,Alpine F1 Team,17,15,15,0.0,51,Finished,4503653.0,7.0,85.758,243.181
2023,14,Italian Grand Prix,2023-09-03,monza,Autodromo Nazionale di Monza,Italy,Monza,45.6156,9.28111,stroll,STR,18,Lance,Stroll,1998-10-29,Canadian,aston_martin,Aston Martin,20,16,16,0.0,51,Finished,4508409.0,17.0,86.617,240.77
2023,14,Italian Grand Prix,2023-09-03,monza,Autodromo Nazionale di Monza,Italy,Monza,45.6156,9.28111,hulkenberg,HUL,27,Nico,Hülkenberg,1987-08-19,German,haas,Haas F1 Team,13,17,17,0.0,50,Lapped,4423236.0,10.0,85.894,242.796
2023,14,Italian Grand Prix,2023-09-03,monza,Autodromo Nazionale di Monza,Italy,Monza,45.6156,9.28111,kevin_magnussen,MAG,20,Kevin,Magnussen,1992-10-05,Danish,haas,Haas F1 Team,19,18,18,0.0,50,Lapped,4433767.0,15.0,86.27799999999999,241.716
2023,14,Italian Grand Prix,2023-09-03,monza,Autodromo Nazionale di Monza,Italy,Monza,45.6156,9.28111,ocon,OCO,31,Esteban,Ocon,1996-09-17,French,alpine,Alpine F1 Team,18,19,R,0.0,39,Retired,,19.0,86.963,239.812
2023,14,Italian Grand Prix,2023-09-03,monza,Autodromo Nazionale di Monza,Italy,Monza,45.6156,9.28111,tsunoda,TSU,22,Yuki,Tsunoda,2000-05-11,Japanese,alphatauri,AlphaTauri,11,20,W,0.0,0,Did not start,,,,
2023,15,Singapore Grand Prix,2023-09-17,marina_bay,Marina Bay Street Circuit,Singapore,Marina Bay,1.2914,103.864,sainz,SAI,55,Carlos,Sainz,1994-09-01,Spanish,ferrari,Ferrari,1,1,1,25.0,62,Finished,6397418.0,7.0,97.666,182.089
2023,15,Singapore Grand Prix,2023-09-17,marina_bay,Marina Bay Street Circuit,Singapore,Marina Bay,1.2914,103.864,norris,NOR,4,Lando,Norris,1999-11-13,British,mclaren,McLaren,4,2,2,18.0,62,Finished,6398230.0,8.0,98.04599999999999,181.384
2023,15,Singapore Grand Prix,2023-09-17,marina_bay,Marina Bay Street Circuit,Singapore,Marina Bay,1.2914,103.864,hamilton,HAM,44,Lewis,Hamilton,1985-01-07,British,mercedes,Mercedes,5,3,3,16.0,62,Finished,6398687.0,1.0,95.86699999999999,185.507
2023,15,Singapore Grand Prix,2023-09-17,marina_bay,Marina Bay Street Circuit,Singapore,Marina Bay,1.2914,103.864,leclerc,LEC,16,Charles,Leclerc,1997-10-16,Monegasque,ferrari,Ferrari,3,4,4,12.0,62,Finished,6418595.0,11.0,98.275,180.961
2023,15,Singapore Grand Prix,2023-09-17,marina_bay,Marina Bay Street Circuit,Singapore,Marina Bay,1.2914,103.864,max_verstappen,VER,1,Max,Verstappen,1997-09-30,Dutch,red_bull,Red Bull,11,5,5,10.0,62,Finished,6418859.0,4.0,96.575,184.147
2023,15,Singapore Grand Prix,2023-09-17,marina_bay,Marina Bay Street Circuit,Singapore,Marina Bay,1.2914,103.864,gasly,GAS,10,Pierre,Gasly,1996-02-07,French,alpine,Alpine F1 Team,12,6,6,8.0,62,Finished,6435859.0,12.0,98.277,180.957
2023,15,Singapore Grand Prix,2023-09-17,marina_bay,Marina Bay Street Circuit,Singapore,Marina Bay,1.2914,103.864,piastri,PIA,81,Oscar,Piastri,2001-04-06,Australian,mclaren,McLaren,17,7,7,6.0,62,Finished,6438897.0,13.0,98.49199999999999,180.562
2023,15,Singapore Grand Prix,2023-09-17,marina_bay,Marina Bay Street Circuit,Singapore,Marina Bay,1.2914,103.864,perez,PER,11,Sergio,Pérez,1990-01-26,Mexican,red_bull,Red Bull,13,8,8,4.0,62,Finished,6456952.0,5.0,97.108,183.136
2023,15,Singapore Grand Prix,2023-09-17,marina_bay,Marina Bay Street Circuit,Singapore,Marina Bay,1.2914,103.864,lawson,LAW,40,Liam,Lawson,2002-02-11,New Zealander,alphatauri,AlphaTauri,10,9,9,2.0,62,Finished,6463336.0,15.0,99.02799999999999,179.585
2023,15,Singapore Grand Prix,2023-09-17,marina_bay,Marina Bay Street Circuit,Singapore,Marina Bay,1.2914,103.864,kevin_magnussen,MAG,20,Kevin,Magnussen,1992-10-05,Danish,haas,Haas F1 Team,6,10,10,1.0,62,Finished,6469534.0,10.0,98.107,181.271
2023,15,Singapore Grand Prix,2023-09-17,marina_bay,Marina Bay Street Circuit,Singapore,Marina Bay,1.2914,103.864,albon,ALB,23,Alexander,Albon,1996-03-23,Thai,williams,Williams,14,11,11,0.0,62,Finished,6470835.0,6.0,97.342,182.696
2023,15,Singapore Grand Prix,2023-09-17,marina_bay,Marina Bay Street Circuit,Singapore,Marina Bay,1.2914,103.864,zhou,ZHO,24,Guanyu,Zhou,1999-05-30,Chinese,alfa,Alfa Romeo,19,12,12,0.0,62,Finished,6481067.0,16.0,99.316,179.064
2023,15,Singapore Grand Prix,2023-09-17,marina_bay,Marina Bay Street Circuit,Singapore,Marina Bay,1.2914,103.864,hulkenberg,HUL,27,Nico,Hülkenberg,1987-08-19,German,haas,Haas F1 Team,9,13,13,0.0,62,Finished,6483619.0,17.0,99.923,177.977
2023,15,Singapore Grand Prix,2023-09-17,marina_bay,Marina Bay Street Circuit,Singapore,Marina Bay,1.2914,103.864,sargeant,SAR,2,Logan,Sargeant,2000-12-31,American,williams,Williams,18,14,14,0.0,62,Finished,6484307.0,14.0,98.531,180.491
2023,15,Singapore Grand Prix,2023-09-17,marina_bay,Marina Bay Street Circuit,Singapore,Marina Bay,1.2914,103.864,alonso,ALO,14,Fernando,Alonso,1981-07-29,Spanish,aston_martin,Aston Martin,7,15,15,0.0,62,Finished,6485021.0,3.0,96.456,184.374
2023,15,Singapore Grand Prix,2023-09-17,marina_bay,Marina Bay Street Circuit,Singapore,Marina Bay,1.2914,103.864,russell,RUS,63,George,Russell,1998-02-15,British,mercedes,Mercedes,2,16,16,0.0,61,Retired,6298932.0,2.0,96.273,184.724
2023,15,Singapore Grand Prix,2023-09-17,marina_bay,Marina Bay Street Circuit,Singapore,Marina Bay,1.2914,103.864,bottas,BOT,77,Valtteri,Bottas,1989-08-28,Finnish,alfa,Alfa Romeo,16,17,R,0.0,51,Retired,,9.0,98.075,181.33
2023,15,Singapore Grand Prix,2023-09-17,marina_bay,Marina Bay Street Circuit,Singapore,Marina Bay,1.2914,103.864,ocon,OCO,31,Esteban,Ocon,1996-09-17,French,alpine,Alpine F1 Team,8,18,R,0.0,42,Retired,,18.0,99.93,177.964
2023,15,Singapore Grand Prix,2023-09-17,marina_bay,Marina Bay Street Circuit,Singapore,Marina Bay,1.2914,103.864,tsunoda,TSU,22,Yuki,Tsunoda,2000-05-11,Japanese,alphatauri,AlphaTauri,15,19,R,0.0,0,Retired,,,,
2023,15,Singapore Grand Prix,2023-09-17,marina_bay,Marina Bay Street Circuit,Singapore,Marina Bay,1.2914,103.864,stroll,STR,18,Lance,Stroll,1998-10-29,Canadian,aston_martin,Aston Martin,0,20,W,0.0,0,Withdrew,,,,
2023,16,Japanese Grand Prix,2023-09-24,suzuka,Suzuka Circuit,Japan,Suzuka,34.8431,136.541,max_verstappen,VER,1,Max,Verstappen,1997-09-30,Dutch,red_bull,Red Bull,1,1,1,26.0,53,Finished,5458421.0,1.0,94.18299999999999,221.963
2023,16,Japanese Grand Prix,2023-09-24,suzuka,Suzuka Circuit,Japan,Suzuka,34.8431,136.541,norris,NOR,4,Lando,Norris,1999-11-13,British,mclaren,McLaren,3,2,2,18.0,53,Finished,5477808.0,2.0,95.247,219.484
2023,16,Japanese Grand Prix,2023-09-24,suzuka,Suzuka Circuit,Japan,Suzuka,34.8431,136.541,piastri,PIA,81,Oscar,Piastri,2001-04-06,Australian,mclaren,McLaren,2,3,3,15.0,53,Finished,5494915.0,5.0,96.328,217.021
2023,16,Japanese Grand Prix,2023-09-24,suzuka,Suzuka Circuit,Japan,Suzuka,34.8431,136.541,leclerc,LEC,16,Charles,Leclerc,1997-10-16,Monegasque,ferrari,Ferrari,4,4,4,12.0,53,Finished,5502419.0,6.0,96.362,216.944
2023,16,Japanese Grand Prix,2023-09-24,suzuka,Suzuka Circuit,Japan,Suzuka,34.8431,136.541,hamilton,HAM,44,Lewis,Hamilton,1985-01-07,British,mercedes,Mercedes,7,5,5,10.0,53,Finished,5507797.0,3.0,95.61099999999999,218.648
2023,16,Japanese Grand Prix,2023-09-24,suzuka,Suzuka Circuit,Japan,Suzuka,34.8431,136.541,sainz,SAI,55,Carlos,Sainz,1994-09-01,Spanish,ferrari,Ferrari,6,6,6,8.0,53,Finished,5508642.0,4.0,96.187,217.339
2023,16,Japanese Grand Prix,2023-09-24,suzuka,Suzuka Circuit,Japan,Suzuka,34.8431,136.541,russell,RUS,63,George,Russell,1998-02-15,British,mercedes,Mercedes,8,7,7,6.0,53,Finished,5516080.0,11.0,97.65299999999999,214.076
2023,16,Japanese Grand Prix,2023-09-24,suzuka,Suzuka Circuit,Japan,Suzuka,34.8431,136.541,alonso,ALO,14,Fernando,Alonso,1981-07-29,Spanish,aston_martin,Aston Martin,10,8,8,4.0,53,Finished,5533146.0,8.0,97.203,215.067
2023,16,Japanese Grand Prix,2023-09-24,suzuka,Suzuka Circuit,Japan,Suzuka,34.8431,136.541,ocon,OCO,31,Esteban,Ocon,1996-09-17,French,alpine,Alpine F1 Team,14,9,9,2.0,53,Finished,5538099.0,10.0,97.398,214.636
2023,16,Japanese Grand Prix,2023-09-24,suzuka,Suzuka Circuit,Japan,Suzuka,34.8431,136.541,gasly,GAS,10,Pierre,Gasly,1996-02-07,French,alpine,Alpine F1 Team,12,10,10,1.0,53,Finished,5541576.0,7.0,96.37100000000001,216.924
2023,16,Japanese Grand Prix,2023-09-24,suzuka,Suzuka Circuit,Japan,Suzuka,34.8431,136.541,lawson,LAW,40,Liam,Lawson,2002-02-11,New Zealander,alphatauri,AlphaTauri,11,11,11,0.0,52,Lapped,5461510.0,15.0,98.267,212.738
2023,16,Japanese Grand Prix,2023-09-24,suzuka,Suzuka Circuit,Japan,Suzuka,34.8431,136.541,tsunoda,TSU,22,Yuki,Tsunoda,2000-05-11,Japanese,alphatauri,AlphaTauri,9,12,12,0.0,52,Lapped,5462395.0,12.0,97.768,213.824
2023,16,Japanese Grand Prix,2023-09-24,suzuka,Suzuka Circuit,Japan,Suzuka,34.8431,136.541,zhou,ZHO,24,Guanyu,Zhou,1999-05-30,Chinese,alfa,Alfa Romeo,19,13,13,0.0,52,Lapped,5464761.0,13.0,97.791,213.774
2023,16,Japanese Grand Prix,2023-09-24,suzuka,Suzuka Circuit,Japan,Suzuka,34.8431,136.541,hulkenberg,HUL,27,Nico,Hülkenberg,1987-08-19,German,haas,Haas F1 Team,18,14,14,0.0,52,Lapped,5468019.0,9.0,97.25,214.963
2023,16,Japanese Grand Prix,2023-09-24,suzuka,Suzuka Circuit,Japan,Suzuka,34.8431,136.541,kevin_magnussen,MAG,20,Kevin,Magnussen,1992-10-05,Danish,haas,Haas F1 Team,15,15,15,0.0,52,Lapped,5487991.0,14.0,97.842,213.662
2023,16,Japanese Grand Prix,2023-09-24,suzuka,Suzuka Circuit,Japan,Suzuka,34.8431,136.541,albon,ALB,23,Alexander,Albon,1996-03-23,Thai,williams,Williams,13,16,R,0.0,26,Retired,,18.0,99.185,210.769
2023,16,Japanese Grand Prix,2023-09-24,suzuka,Suzuka Circuit,Japan,Suzuka,34.8431,136.541,sargeant,SAR,2,Logan,Sargeant,2000-12-31,American,williams,Williams,20,17,R,0.0,22,Retired,,16.0,98.848,211.488
2023,16,Japanese Grand Prix,2023-09-24,suzuka,Suzuka Circuit,Japan,Suzuka,34.8431,136.541,stroll,STR,18,Lance,Stroll,1998-10-29,Canadian,aston_martin,Aston Martin,17,18,R,0.0,20,Retired,,17.0,99.05,211.057
2023,16,Japanese Grand Prix,2023-09-24,suzuka,Suzuka Circuit,Japan,Suzuka,34.8431,136.541,perez,PER,11,Sergio,Pérez,1990-01-26,Mexican,red_bull,Red Bull,5,19,R,0.0,15,Retired,,19.0,99.70400000000001,209.672
2023,16,Japanese Grand Prix,2023-09-24,suzuka,Suzuka Circuit,Japan,Suzuka,34.8431,136.541,bottas,BOT,77,Valtteri,Bottas,1989-08-28,Finnish,alfa,Alfa Romeo,16,20,R,0.0,7,Retired,,20.0,122.755,170.3
2023,17,Qatar Grand Prix,2023-10-08,losail,Losail International Circuit,Qatar,Lusail,25.49,51.4542,max_verstappen,VER,1,Max,Verstappen,1997-09-30,Dutch,red_bull,Red Bull,1,1,1,26.0,57,Finished,5259168.0,1.0,84.319,231.364
2023,17,Qatar Grand Prix,2023-10-08,losail,Losail International Circuit,Qatar,Lusail,25.49,51.4542,piastri,PIA,81,Oscar,Piastri,2001-04-06,Australian,mclaren,McLaren,6,2,2,18.0,57,Finished,5264001.0,3.0,84.92099999999999,229.724
2023,17,Qatar Grand Prix,2023-10-08,losail,Losail International Circuit,Qatar,Lusail,25.49,51.4542,norris,NOR,4,Lando,Norris,1999-11-13,British,mclaren,McLaren,10,3,3,15.0,57,Finished,5265137.0,2.0,84.842,229.938
2023,17,Qatar Grand Prix,2023-10-08,losail,Losail International Circuit,Qatar,Lusail,25.49,51.4542,russell,RUS,63,George,Russell,1998-02-15,British,mercedes,Mercedes,2,4,4,12.0,57,Finished,5293287.0,5.0,85.77,227.45
2023,17,Qatar Grand Prix,2023-10-08,losail,Losail International Circuit,Qatar,Lusail,25.49,51.4542,leclerc,LEC,16,Charles,Leclerc,1997-10-16,Monegasque,ferrari,Ferrari,5,5,5,10.0,57,Finished,5298144.0,4.0,84.992,229.532
2023,17,Qatar Grand Prix,2023-10-08,losail,Losail International Circuit,Qatar,Lusail,25.49,51.4542,alonso,ALO,14,Fernando,Alonso,1981-07-29,Spanish,aston_martin,Aston Martin,4,6,6,8.0,57,Finished,5308200.0,6.0,86.045,226.723
2023,17,Qatar Grand Prix,2023-10-08,losail,Losail International Circuit,Qatar,Lusail,25.49,51.4542,ocon,OCO,31,Esteban,Ocon,1996-09-17,French,alpine,Alpine F1 Team,8,7,7,6.0,57,Finished,5321558.0,11.0,86.45,225.661
2023,17,Qatar Grand Prix,2023-10-08,losail,Losail International Circuit,Qatar,Lusail,25.49,51.4542,bottas,BOT,77,Valtteri,Bottas,1989-08-28,Finnish,alfa,Alfa Romeo,9,8,8,4.0,57,Finished,5325731.0,13.0,86.652,225.135
2023,17,Qatar Grand Prix,2023-10-08,losail,Losail International Circuit,Qatar,Lusail,25.49,51.4542,zhou,ZHO,24,Guanyu,Zhou,1999-05-30,Chinese,alfa,Alfa Romeo,19,9,9,2.0,57,Finished,5335295.0,9.0,86.32300000000001,225.993
2023,17,Qatar Grand Prix,2023-10-08,losail,Losail International Circuit,Qatar,Lusail,25.49,51.4542,perez,PER,11,Sergio,Pérez,1990-01-26,Mexican,red_bull,Red Bull,20,10,10,1.0,57,Finished,5339349.0,7.0,86.22,226.263
2023,17,Qatar Grand Prix,2023-10-08,losail,Losail International Circuit,Qatar,Lusail,25.49,51.4542,stroll,STR,18,Lance,Stroll,1998-10-29,Canadian,aston_martin,Aston Martin,16,11,11,0.0,57,Finished,5340820.0,10.0,86.352,225.917
2023,17,Qatar Grand Prix,2023-10-08,losail,Losail International Circuit,Qatar,Lusail,25.49,51.4542,gasly,GAS,10,Pierre,Gasly,1996-02-07,French,alpine,Alpine F1 Team,7,12,12,0.0,57,Finished,5341468.0,8.0,86.31,226.027
2023,17,Qatar Grand Prix,2023-10-08,losail,Losail International Circuit,Qatar,Lusail,25.49,51.4542,albon,ALB,23,Alexander,Albon,1996-03-23,Thai,williams,Williams,13,13,13,0.0,57,Finished,5350182.0,14.0,86.666,225.098
2023,17,Qatar Grand Prix,2023-10-08,losail,Losail International Circuit,Qatar,Lusail,25.49,51.4542,kevin_magnussen,MAG,20,Kevin,Magnussen,1992-10-05,Danish,haas,Haas F1 Team,18,14,14,0.0,56,Lapped,5260414.0,15.0,87.06700000000001,224.061
2023,17,Qatar Grand Prix,2023-10-08,losail,Losail International Circuit,Qatar,Lusail,25.49,51.4542,tsunoda,TSU,22,Yuki,Tsunoda,2000-05-11,Japanese,alphatauri,AlphaTauri,11,15,15,0.0,56,Lapped,5268126.0,17.0,87.174,223.786
2023,17,Qatar Grand Prix,2023-10-08,losail,Losail International Circuit,Qatar,Lusail,25.49,51.4542,hulkenberg,HUL,27,Nico,Hülkenberg,1987-08-19,German,haas,Haas F1 Team,14,16,16,0.0,56,Lapped,5274253.0,12.0,86.489,225.559
2023,17,Qatar Grand Prix,2023-10-08,losail,Losail International Circuit,Qatar,Lusail,25.49,51.4542,lawson,LAW,40,Liam,Lawson,2002-02-11,New Zealander,alphatauri,AlphaTauri,17,17,17,0.0,56,Lapped,5286276.0,16.0,87.113,223.943
2023,17,Qatar Grand Prix,2023-10-08,losail,Losail International Circuit,Qatar,Lusail,25.49,51.4542,sargeant,SAR,2,Logan,Sargeant,2000-12-31,American,williams,Williams,15,18,R,0.0,40,Retired,,18.0,87.983,221.729
2023,17,Qatar Grand Prix,2023-10-08,losail,Losail International Circuit,Qatar,Lusail,25.49,51.4542,hamilton,HAM,44,Lewis,Hamilton,1985-01-07,British,mercedes,Mercedes,3,19,R,0.0,0,Retired,,,,
2023,17,Qatar Grand Prix,2023-10-08,losail,Losail International Circuit,Qatar,Lusail,25.49,51.4542,sainz,SAI,55,Carlos,Sainz,1994-09-01,Spanish,ferrari,Ferrari,12,20,W,0.0,0,Did not start,,,,
2023,18,United States Grand Prix,2023-10-22,americas,Circuit of the Americas,USA,Austin,30.1328,-97.6411,max_verstappen,VER,1,Max,Verstappen,1997-09-30,Dutch,red_bull,Red Bull,6,1,1,25.0,56,Finished,5721362.0,9.0,100.02799999999999,198.412
2023,18,United States Grand Prix,2023-10-22,americas,Circuit of the Americas,USA,Austin,30.1328,-97.6411,norris,NOR,4,Lando,Norris,1999-11-13,British,mclaren,McLaren,2,2,2,18.0,56,Finished,5732092.0,8.0,99.985,198.497
2023,18,United States Grand Prix,2023-10-22,americas,Circuit of the Americas,USA,Austin,30.1328,-97.6411,sainz,SAI,55,Carlos,Sainz,1994-09-01,Spanish,ferrari,Ferrari,4,3,3,15.0,56,Finished,5736496.0,10.0,100.03399999999999,198.4
2023,18,United States Grand Prix,2023-10-22,americas,Circuit of the Americas,USA,Austin,30.1328,-97.6411,perez,PER,11,Sergio,Pérez,1990-01-26,Mexican,red_bull,Red Bull,9,4,4,12.0,56,Finished,5739822.0,5.0,99.737,198.991
2023,18,United States Grand Prix,2023-10-22,americas,Circuit of the Americas,USA,Austin,30.1328,-97.6411,russell,RUS,63,George,Russell,1998-02-15,British,mercedes,Mercedes,5,5,5,10.0,56,Finished,5746361.0,3.0,99.393,199.68
2023,18,United States Grand Prix,2023-10-22,americas,Circuit of the Americas,USA,Austin,30.1328,-97.6411,gasly,GAS,10,Pierre,Gasly,1996-02-07,French,alpine,Alpine F1 Team,7,6,6,8.0,56,Finished,5769358.0,11.0,100.412,197.653
2023,18,United States Grand Prix,2023-10-22,americas,Circuit of the Americas,USA,Austin,30.1328,-97.6411,stroll,STR,18,Lance,Stroll,1998-10-29,Canadian,aston_martin,Aston Martin,20,7,7,6.0,56,Finished,5770058.0,6.0,99.908,198.65
2023,18,United States Grand Prix,2023-10-22,americas,Circuit of the Americas,USA,Austin,30.1328,-97.6411,tsunoda,TSU,22,Yuki,Tsunoda,2000-05-11,Japanese,alphatauri,AlphaTauri,11,8,8,5.0,56,Finished,5795747.0,1.0,98.13900000000001,202.231
2023,18,United States Grand Prix,2023-10-22,americas,Circuit of the Americas,USA,Austin,30.1328,-97.6411,albon,ALB,23,Alexander,Albon,1996-03-23,Thai,williams,Williams,15,9,9,2.0,56,Finished,5808076.0,15.0,101.318,
2023,18,United States Grand Prix,2023-10-22,americas,Circuit of the Americas,USA,Austin,30.1328,-97.6411,sargeant,SAR,2,Logan,Sargeant,2000-12-31,American,williams,Williams,16,10,10,1.0,56,Finished,5809360.0,14.0,101.238,196.041
2023,18,United States Grand Prix,2023-10-22,americas,Circuit of the Americas,USA,Austin,30.1328,-97.6411,hulkenberg,HUL,27,Nico,Hülkenberg,1987-08-19,German,haas,Haas F1 Team,18,11,11,0.0,56,Finished,5811266.0,12.0,100.925,196.648
2023,18,United States Grand Prix,2023-10-22,americas,Circuit of the Americas,USA,Austin,30.1328,-97.6411,bottas,BOT,77,Valtteri,Bottas,1989-08-28,Finnish,alfa,Alfa Romeo,13,12,12,0.0,56,Finished,5819963.0,18.0,101.97200000000001,194.629
2023,18,United States Grand Prix,2023-10-22,americas,Circuit of the Americas,USA,Austin,30.1328,-97.6411,zhou,ZHO,24,Guanyu,Zhou,1999-05-30,Chinese,alfa,Alfa Romeo,12,13,13,0.0,55,Lapped,5724938.0,17.0,101.87899999999999,194.807
2023,18,United States Grand Prix,2023-10-22,americas,Circuit of the Americas,USA,Austin,30.1328,-97.6411,kevin_magnussen,MAG,20,Kevin,Magnussen,1992-10-05,Danish,haas,Haas F1 Team,17,14,14,0.0,55,Lapped,5729434.0,16.0,101.506,195.523
2023,18,United States Grand Prix,2023-10-22,americas,Circuit of the Americas,USA,Austin,30.1328,-97.6411,ricciardo,RIC,3,Daniel,Ricciardo,1989-07-01,Australian,alphatauri,AlphaTauri,14,15,15,0.0,55,Lapped,5730214.0,2.0,99.366,199.734
2023,18,United States Grand Prix,2023-10-22,americas,Circuit of the Americas,USA,Austin,30.1328,-97.6411,alonso,ALO,14,Fernando,Alonso,1981-07-29,Spanish,aston_martin,Aston Martin,19,16,R,0.0,49,Retired,,7.0,99.95400000000001,198.559
2023,18,United States Grand Prix,2023-10-22,americas,Circuit of the Americas,USA,Austin,30.1328,-97.6411,piastri,PIA,81,Oscar,Piastri,2001-04-06,Australian,mclaren,McLaren,10,17,R,0.0,10,Retired,,19.0,102.705,193.24
2023,18,United States Grand Prix,2023-10-22,americas,Circuit of the Americas,USA,Austin,30.1328,-97.6411,ocon,OCO,31,Esteban,Ocon,1996-09-17,French,alpine,Alpine F1 Team,8,18,R,0.0,6,Retired,,20.0,104.789,189.397
2023,18,United States Grand Prix,2023-10-22,americas,Circuit of the Americas,USA,Austin,30.1328,-97.6411,hamilton,HAM,44,Lewis,Hamilton,1985-01-07,British,mercedes,Mercedes,3,19,19,0.0,56,Disqualified,5723587.0,4.0,99.582,199.301
2023,18,United States Grand Prix,2023-10-22,americas,Circuit of the Americas,USA,Austin,30.1328,-97.6411,leclerc,LEC,16,Charles,Leclerc,1997-10-16,Monegasque,ferrari,Ferrari,1,20,20,0.0,56,Disqualified,5746024.0,13.0,101.025,
2023,19,Mexico City Grand Prix,2023-10-29,rodriguez,Autódromo Hermanos Rodríguez,Mexico,Mexico City,19.4042,-99.0907,max_verstappen,VER,1,Max,Verstappen,1997-09-30,Dutch,red_bull,Red Bull,3,1,1,25.0,71,Finished,7350814.0,2.0,81.644,189.78
2023,19,Mexico City Grand Prix,2023-10-29,rodriguez,Autódromo Hermanos Rodríguez,Mexico,Mexico City,19.4042,-99.0907,hamilton,HAM,44,Lewis,Hamilton,1985-01-07,British,mercedes,Mercedes,6,2,2,19.0,71,Finished,7364689.0,1.0,81.334,190.503
2023,19,Mexico City Grand Prix,2023-10-29,rodriguez,Autódromo Hermanos Rodríguez,Mexico,Mexico City,19.4042,-99.0907,leclerc,LEC,16,Charles,Leclerc,1997-10-16,Monegasque,ferrari,Ferrari,1,3,3,15.0,71,Finished,7373938.0,4.0,82.332,188.194
2023,19,Mexico City Grand Prix,2023-10-29,rodriguez,Autódromo Hermanos Rodríguez,Mexico,Mexico City,19.4042,-99.0907,sainz,SAI,55,Carlos,Sainz,1994-09-01,Spanish,ferrari,Ferrari,2,4,4,12.0,71,Finished,7377968.0,6.0,82.539,187.722
2023,19,Mexico City Grand Prix,2023-10-29,rodriguez,Autódromo Hermanos Rodríguez,Mexico,Mexico City,19.4042,-99.0907,norris,NOR,4,Lando,Norris,1999-11-13,British,mclaren,McLaren,17,5,5,10.0,71,Finished,7384080.0,3.0,81.944,189.085
2023,19,Mexico City Grand Prix,2023-10-29,rodriguez,Autódromo Hermanos Rodríguez,Mexico,Mexico City,19.4042,-99.0907,russell,RUS,63,George,Russell,1998-02-15,British,mercedes,Mercedes,8,6,6,8.0,71,Finished,7391834.0,10.0,82.78,187.175
2023,19,Mexico City Grand Prix,2023-10-29,rodriguez,Autódromo Hermanos Rodríguez,Mexico,Mexico City,19.4042,-99.0907,ricciardo,RIC,3,Daniel,Ricciardo,1989-07-01,Australian,alphatauri,AlphaTauri,4,7,7,6.0,71,Finished,7392384.0,7.0,82.679,187.404
2023,19,Mexico City Grand Prix,2023-10-29,rodriguez,Autódromo Hermanos Rodríguez,Mexico,Mexico City,19.4042,-99.0907,piastri,PIA,81,Oscar,Piastri,2001-04-06,Australian,mclaren,McLaren,7,8,8,4.0,71,Finished,7393918.0,8.0,82.76,187.22
2023,19,Mexico City Grand Prix,2023-10-29,rodriguez,Autódromo Hermanos Rodríguez,Mexico,Mexico City,19.4042,-99.0907,albon,ALB,23,Alexander,Albon,1996-03-23,Thai,williams,Williams,14,9,9,2.0,71,Finished,7399387.0,9.0,82.773,187.191
2023,19,Mexico City Grand Prix,2023-10-29,rodriguez,Autódromo Hermanos Rodríguez,Mexico,Mexico City,19.4042,-99.0907,ocon,OCO,31,Esteban,Ocon,1996-09-17,French,alpine,Alpine F1 Team,15,10,10,1.0,71,Finished,7413693.0,11.0,82.976,186.733
2023,19,Mexico City Grand Prix,2023-10-29,rodriguez,Autódromo Hermanos Rodríguez,Mexico,Mexico City,19.4042,-99.0907,gasly,GAS,10,Pierre,Gasly,1996-02-07,French,alpine,Alpine F1 Team,11,11,11,0.0,71,Finished,7417022.0,16.0,83.23,186.163
2023,19,Mexico City Grand Prix,2023-10-29,rodriguez,Autódromo Hermanos Rodríguez,Mexico,Mexico City,19.4042,-99.0907,tsunoda,TSU,22,Yuki,Tsunoda,2000-05-11,Japanese,alphatauri,AlphaTauri,18,12,12,0.0,71,Finished,7429796.0,5.0,82.501,187.808
2023,19,Mexico City Grand Prix,2023-10-29,rodriguez,Autódromo Hermanos Rodríguez,Mexico,Mexico City,19.4042,-99.0907,hulkenberg,HUL,27,Nico,Hülkenberg,1987-08-19,German,haas,Haas F1 Team,12,13,13,0.0,71,Finished,7431123.0,15.0,83.22200000000001,186.181
2023,19,Mexico City Grand Prix,2023-10-29,rodriguez,Autódromo Hermanos Rodríguez,Mexico,Mexico City,19.4042,-99.0907,zhou,ZHO,24,Guanyu,Zhou,1999-05-30,Chinese,alfa,Alfa Romeo,10,14,14,0.0,71,Finished,7432490.0,19.0,83.56700000000001,185.412
2023,19,Mexico City Grand Prix,2023-10-29,rodriguez,Autódromo Hermanos Rodríguez,Mexico,Mexico City,19.4042,-99.0907,bottas,BOT,77,Valtteri,Bottas,1989-08-28,Finnish,alfa,Alfa Romeo,9,15,15,0.0,71,Finished,7436411.0,14.0,83.166,186.306
2023,19,Mexico City Grand Prix,2023-10-29,rodriguez,Autódromo Hermanos Rodríguez,Mexico,Mexico City,19.4042,-99.0907,sargeant,SAR,2,Logan,Sargeant,2000-12-31,American,williams,Williams,19,16,16,0.0,70,Retired,,12.0,83.003,186.672
2023,19,Mexico City Grand Prix,2023-10-29,rodriguez,Autódromo Hermanos Rodríguez,Mexico,Mexico City,19.4042,-99.0907,stroll,STR,18,Lance,Stroll,1998-10-29,Canadian,aston_martin,Aston Martin,0,17,17,0.0,66,Collision damage,,17.0,83.257,186.103
2023,19,Mexico City Grand Prix,2023-10-29,rodriguez,Autódromo Hermanos Rodríguez,Mexico,Mexico City,19.4042,-99.0907,alonso,ALO,14,Fernando,Alonso,1981-07-29,Spanish,aston_martin,Aston Martin,13,18,W,0.0,47,Withdrew,,18.0,83.531,185.492
2023,19,Mexico City Grand Prix,2023-10-29,rodriguez,Autódromo Hermanos Rodríguez,Mexico,Mexico City,19.4042,-99.0907,kevin_magnussen,MAG,20,Kevin,Magnussen,1992-10-05,Danish,haas,Haas F1 Team,16,19,R,0.0,31,Accident,,13.0,83.146,186.351
2023,19,Mexico City Grand Prix,2023-10-29,rodriguez,Autódromo Hermanos Rodríguez,Mexico,Mexico City,19.4042,-99.0907,perez,PER,11,Sergio,Pérez,1990-01-26,Mexican,red_bull,Red Bull,5,20,R,0.0,1,Collision damage,,,,
2023,20,São Paulo Grand Prix,2023-11-05,interlagos,Autódromo José Carlos Pace,Brazil,São Paulo,-23.7036,-46.6997,max_verstappen,VER,1,Max,Verstappen,1997-09-30,Dutch,red_bull,Red Bull,1,1,1,25.0,71,Finished,7008894.0,2.0,73.422,211.277
2023,20,São Paulo Grand Prix,2023-11-05,interlagos,Autódromo José Carlos Pace,Brazil,São Paulo,-23.7036,-46.6997,norris,NOR,4,Lando,Norris,1999-11-13,British,mclaren,McLaren,6,2,2,19.0,71,Finished,7017171.0,1.0,72.486,214.005
2023,20,São Paulo Grand Prix,2023-11-05,interlagos,Autódromo José Carlos Pace,Brazil,São Paulo,-23.7036,-46.6997,alonso,ALO,14,Fernando,Alonso,1981-07-29,Spanish,aston_martin,Aston Martin,4,3,3,15.0,71,Finished,7043049.0,10.0,74.44200000000001,208.382
2023,20,São Paulo Grand Prix,2023-11-05,interlagos,Autódromo José Carlos Pace,Brazil,São Paulo,-23.7036,-46.6997,perez,PER,11,Sergio,Pérez,1990-01-26,Mexican,red_bull,Red Bull,9,4,4,12.0,71,Finished,7043102.0,5.0,74.124,209.276
2023,20,São Paulo Grand Prix,2023-11-05,interlagos,Autódromo José Carlos Pace,Brazil,São Paulo,-23.7036,-46.6997,stroll,STR,18,Lance,Stroll,1998-10-29,Canadian,aston_martin,Aston Martin,3,5,5,10.0,71,Finished,7049739.0,4.0,74.007,209.607
2023,20,São Paulo Grand Prix,2023-11-05,interlagos,Autódromo José Carlos Pace,Brazil,São Paulo,-23.7036,-46.6997,sainz,SAI,55,Carlos,Sainz,1994-09-01,Spanish,ferrari,Ferrari,7,6,6,8.0,71,Finished,7059082.0,9.0,74.406,208.483
2023,20,São Paulo Grand Prix,2023-11-05,interlagos,Autódromo José Carlos Pace,Brazil,São Paulo,-23.7036,-46.6997,gasly,GAS,10,Pierre,Gasly,1996-02-07,French,alpine,Alpine F1 Team,15,7,7,6.0,71,Finished,7064987.0,11.0,74.521,208.161
2023,20,São Paulo Grand Prix,2023-11-05,interlagos,Autódromo José Carlos Pace,Brazil,São Paulo,-23.7036,-46.6997,hamilton,HAM,44,Lewis,Hamilton,1985-01-07,British,mercedes,Mercedes,5,8,8,4.0,71,Finished,7071753.0,12.0,74.739,207.554
2023,20,São Paulo Grand Prix,2023-11-05,interlagos,Autódromo José Carlos Pace,Brazil,São Paulo,-23.7036,-46.6997,tsunoda,TSU,22,Yuki,Tsunoda,2000-05-11,Japanese,alphatauri,AlphaTauri,16,9,9,2.0,71,Finished,7078774.0,7.0,74.231,208.974
2023,20,São Paulo Grand Prix,2023-11-05,interlagos,Autódromo José Carlos Pace,Brazil,São Paulo,-23.7036,-46.6997,ocon,OCO,31,Esteban,Ocon,1996-09-17,French,alpine,Alpine F1 Team,14,10,10,1.0,70,Lapped,7018735.0,6.0,74.206,209.045
2023,20,São Paulo Grand Prix,2023-11-05,interlagos,Autódromo José Carlos Pace,Brazil,São Paulo,-23.7036,-46.6997,sargeant,SAR,2,Logan,Sargeant,2000-12-31,American,williams,Williams,19,11,11,0.0,70,Lapped,7035102.0,16.0,75.738,204.816
2023,20,São Paulo Grand Prix,2023-11-05,interlagos,Autódromo José Carlos Pace,Brazil,São Paulo,-23.7036,-46.6997,hulkenberg,HUL,27,Nico,Hülkenberg,1987-08-19,German,haas,Haas F1 Team,11,12,12,0.0,70,Lapped,7038854.0,14.0,75.036,206.732
2023,20,São Paulo Grand Prix,2023-11-05,interlagos,Autódromo José Carlos Pace,Brazil,São Paulo,-23.7036,-46.6997,ricciardo,RIC,3,Daniel,Ricciardo,1989-07-01,Australian,alphatauri,AlphaTauri,17,13,13,0.0,70,Lapped,7078855.0,3.0,73.866,210.007
2023,20,São Paulo Grand Prix,2023-11-05,interlagos,Autódromo José Carlos Pace,Brazil,São Paulo,-23.7036,-46.6997,piastri,PIA,81,Oscar,Piastri,2001-04-06,Australian,mclaren,McLaren,10,14,14,0.0,69,Lapped,7012530.0,8.0,74.31,208.752
2023,20,São Paulo Grand Prix,2023-11-05,interlagos,Autódromo José Carlos Pace,Brazil,São Paulo,-23.7036,-46.6997,russell,RUS,63,George,Russell,1998-02-15,British,mercedes,Mercedes,8,15,R,0.0,57,Retired,,13.0,74.934,207.014
2023,20,São Paulo Grand Prix,2023-11-05,interlagos,Autódromo José Carlos Pace,Brazil,São Paulo,-23.7036,-46.6997,bottas,BOT,77,Valtteri,Bottas,1989-08-28,Finnish,alfa,Alfa Romeo,18,16,R,0.0,39,Retired,,15.0,75.731,204.835
2023,20,São Paulo Grand Prix,2023-11-05,interlagos,Autódromo José Carlos Pace,Brazil,São Paulo,-23.7036,-46.6997,zhou,ZHO,24,Guanyu,Zhou,1999-05-30,Chinese,alfa,Alfa Romeo,20,17,R,0.0,22,Retired,,17.0,76.232,203.489
2023,20,São Paulo Grand Prix,2023-11-05,interlagos,Autódromo José Carlos Pace,Brazil,São Paulo,-23.7036,-46.6997,kevin_magnussen,MAG,20,Kevin,Magnussen,1992-10-05,Danish,haas,Haas F1 Team,12,18,R,0.0,0,Retired,,,,
2023,20,São Paulo Grand Prix,2023-11-05,interlagos,Autódromo José Carlos Pace,Brazil,São Paulo,-23.7036,-46.6997,albon,ALB,23,Alexander,Albon,1996-03-23,Thai,williams,Williams,13,19,R,0.0,0,Retired,,,,
2023,20,São Paulo Grand Prix,2023-11-05,interlagos,Autódromo José Carlos Pace,Brazil,São Paulo,-23.7036,-46.6997,leclerc,LEC,16,Charles,Leclerc,1997-10-16,Monegasque,ferrari,Ferrari,2,20,W,0.0,0,Did not start,,,,
2023,21,Las Vegas Grand Prix,2023-11-19,vegas,Las Vegas Strip Street Circuit,USA,Las Vegas,36.1147,-115.173,max_verstappen,VER,1,Max,Verstappen,1997-09-30,Dutch,red_bull,Red Bull,2,1,1,25.0,50,Finished,5348289.0,2.0,95.614,233.476
2023,21,Las Vegas Grand Prix,2023-11-19,vegas,Las Vegas Strip Street Circuit,USA,Las Vegas,36.1147,-115.173,leclerc,LEC,16,Charles,Leclerc,1997-10-16,Monegasque,ferrari,Ferrari,1,2,2,18.0,50,Finished,5350359.0,3.0,95.669,233.342
2023,21,Las Vegas Grand Prix,2023-11-19,vegas,Las Vegas Strip Street Circuit,USA,Las Vegas,36.1147,-115.173,perez,PER,11,Sergio,Pérez,1990-01-26,Mexican,red_bull,Red Bull,11,3,3,15.0,50,Finished,5350530.0,5.0,95.939,232.685
2023,21,Las Vegas Grand Prix,2023-11-19,vegas,Las Vegas Strip Street Circuit,USA,Las Vegas,36.1147,-115.173,ocon,OCO,31,Esteban,Ocon,1996-09-17,French,alpine,Alpine F1 Team,16,4,4,12.0,50,Finished,5366954.0,10.0,96.637,231.004
2023,21,Las Vegas Grand Prix,2023-11-19,vegas,Las Vegas Strip Street Circuit,USA,Las Vegas,36.1147,-115.173,stroll,STR,18,Lance,Stroll,1998-10-29,Canadian,aston_martin,Aston Martin,19,5,5,10.0,50,Finished,5368356.0,9.0,96.584,231.131
2023,21,Las Vegas Grand Prix,2023-11-19,vegas,Las Vegas Strip Street Circuit,USA,Las Vegas,36.1147,-115.173,sainz,SAI,55,Carlos,Sainz,1994-09-01,Spanish,ferrari,Ferrari,12,6,6,8.0,50,Finished,5369123.0,6.0,95.98400000000001,232.576
2023,21,Las Vegas Grand Prix,2023-11-19,vegas,Las Vegas Strip Street Circuit,USA,Las Vegas,36.1147,-115.173,hamilton,HAM,44,Lewis,Hamilton,1985-01-07,British,mercedes,Mercedes,10,7,7,6.0,50,Finished,5370044.0,4.0,95.71600000000001,233.227
2023,21,Las Vegas Grand Prix,2023-11-19,vegas,Las Vegas Strip Street Circuit,USA,Las Vegas,36.1147,-115.173,russell,RUS,63,George,Russell,1998-02-15,British,mercedes,Mercedes,3,8,8,4.0,50,Finished,5371380.0,7.0,96.071,232.365
2023,21,Las Vegas Grand Prix,2023-11-19,vegas,Las Vegas Strip Street Circuit,USA,Las Vegas,36.1147,-115.173,alonso,ALO,14,Fernando,Alonso,1981-07-29,Spanish,aston_martin,Aston Martin,9,9,9,2.0,50,Finished,5374253.0,8.0,96.559,231.191
2023,21,Las Vegas Grand Prix,2023-11-19,vegas,Las Vegas Strip Street Circuit,USA,Las Vegas,36.1147,-115.173,piastri,PIA,81,Oscar,Piastri,2001-04-06,Australian,mclaren,McLaren,18,10,10,2.0,50,Finished,5377785.0,1.0,95.49000000000001,233.779
2023,21,Las Vegas Grand Prix,2023-11-19,vegas,Las Vegas Strip Street Circuit,USA,Las Vegas,36.1147,-115.173,gasly,GAS,10,Pierre,Gasly,1996-02-07,French,alpine,Alpine F1 Team,4,11,11,0.0,50,Finished,5382559.0,11.0,96.913,230.346
2023,21,Las Vegas Grand Prix,2023-11-19,vegas,Las Vegas Strip Street Circuit,USA,Las Vegas,36.1147,-115.173,albon,ALB,23,Alexander,Albon,1996-03-23,Thai,williams,Williams,5,12,12,0.0,50,Finished,5391687.0,13.0,97.357,229.296
2023,21,Las Vegas Grand Prix,2023-11-19,vegas,Las Vegas Strip Street Circuit,USA,Las Vegas,36.1147,-115.173,kevin_magnussen,MAG,20,Kevin,Magnussen,1992-10-05,Danish,haas,Haas F1 Team,8,13,13,0.0,50,Finished,5393114.0,15.0,97.455,229.065
2023,21,Las Vegas Grand Prix,2023-11-19,vegas,Las Vegas Strip Street Circuit,USA,Las Vegas,36.1147,-115.173,ricciardo,RIC,3,Daniel,Ricciardo,1989-07-01,Australian,alphatauri,AlphaTauri,14,14,14,0.0,50,Finished,5396814.0,12.0,97.108,229.884
2023,21,Las Vegas Grand Prix,2023-11-19,vegas,Las Vegas Strip Street Circuit,USA,Las Vegas,36.1147,-115.173,zhou,ZHO,24,Guanyu,Zhou,1999-05-30,Chinese,alfa,Alfa Romeo,17,15,15,0.0,50,Finished,5398451.0,14.0,97.375,229.253
2023,21,Las Vegas Grand Prix,2023-11-19,vegas,Las Vegas Strip Street Circuit,USA,Las Vegas,36.1147,-115.173,sargeant,SAR,2,Logan,Sargeant,2000-12-31,American,williams,Williams,6,16,16,0.0,50,Finished,5399171.0,19.0,97.74000000000001,228.397
2023,21,Las Vegas Grand Prix,2023-11-19,vegas,Las Vegas Strip Street Circuit,USA,Las Vegas,36.1147,-115.173,bottas,BOT,77,Valtteri,Bottas,1989-08-28,Finnish,alfa,Alfa Romeo,7,17,17,0.0,50,Finished,5433639.0,16.0,97.562,228.814
2023,21,Las Vegas Grand Prix,2023-11-19,vegas,Las Vegas Strip Street Circuit,USA,Las Vegas,36.1147,-115.173,tsunoda,TSU,22,Yuki,Tsunoda,2000-05-11,Japanese,alphatauri,AlphaTauri,20,18,18,0.0,46,Retired,5018931.0,18.0,97.587,228.755
2023,21,Las Vegas Grand Prix,2023-11-19,vegas,Las Vegas Strip Street Circuit,USA,Las Vegas,36.1147,-115.173,hulkenberg,HUL,27,Nico,Hülkenberg,1987-08-19,German,haas,Haas F1 Team,13,19,19,0.0,45,Retired,4903790.0,17.0,97.565,228.807
2023,21,Las Vegas Grand Prix,2023-11-19,vegas,Las Vegas Strip Street Circuit,USA,Las Vegas,36.1147,-115.173,norris,NOR,4,Lando,Norris,1999-11-13,British,mclaren,McLaren,15,20,R,0.0,2,Retired,,20.0,119.327,187.079
2023,22,Abu Dhabi Grand Prix,2023-11-26,yas_marina,Yas Marina Circuit,UAE,Abu Dhabi,24.4672,54.6031,max_verstappen,VER,1,Max,Verstappen,1997-09-30,Dutch,red_bull,Red Bull,1,1,1,26.0,58,Finished,5222624.0,1.0,86.993,218.541
2023,22,Abu Dhabi Grand Prix,2023-11-26,yas_marina,Yas Marina Circuit,UAE,Abu Dhabi,24.4672,54.6031,leclerc,LEC,16,Charles,Leclerc,1997-10-16,Monegasque,ferrari,Ferrari,2,2,2,18.0,58,Finished,5240617.0,8.0,88.199,215.553
2023,22,Abu Dhabi Grand Prix,2023-11-26,yas_marina,Yas Marina Circuit,UAE,Abu Dhabi,24.4672,54.6031,russell,RUS,63,George,Russell,1998-02-15,British,mercedes,Mercedes,4,3,3,15.0,58,Finished,5242952.0,7.0,88.187,215.582
2023,22,Abu Dhabi Grand Prix,2023-11-26,yas_marina,Yas Marina Circuit,UAE,Abu Dhabi,24.4672,54.6031,perez,PER,11,Sergio,Pérez,1990-01-26,Mexican,red_bull,Red Bull,9,4,4,12.0,58,Finished,5244077.0,2.0,87.493,217.292
2023,22,Abu Dhabi Grand Prix,2023-11-26,yas_marina,Yas Marina Circuit,UAE,Abu Dhabi,24.4672,54.6031,norris,NOR,4,Lando,Norris,1999-11-13,British,mclaren,McLaren,5,5,5,10.0,58,Finished,5246908.0,6.0,88.164,215.639
2023,22,Abu Dhabi Grand Prix,2023-11-26,yas_marina,Yas Marina Circuit,UAE,Abu Dhabi,24.4672,54.6031,piastri,PIA,81,Oscar,Piastri,2001-04-06,Australian,mclaren,McLaren,3,6,6,8.0,58,Finished,5254111.0,5.0,88.138,215.702
2023,22,Abu Dhabi Grand Prix,2023-11-26,yas_marina,Yas Marina Circuit,UAE,Abu Dhabi,24.4672,54.6031,alonso,ALO,14,Fernando,Alonso,1981-07-29,Spanish,aston_martin,Aston Martin,7,7,7,6.0,58,Finished,5262136.0,9.0,88.256,215.414
2023,22,Abu Dhabi Grand Prix,2023-11-26,yas_marina,Yas Marina Circuit,UAE,Abu Dhabi,24.4672,54.6031,tsunoda,TSU,22,Yuki,Tsunoda,2000-05-11,Japanese,alphatauri,AlphaTauri,6,8,8,4.0,58,Finished,5265712.0,16.0,89.256,213.0
2023,22,Abu Dhabi Grand Prix,2023-11-26,yas_marina,Yas Marina Circuit,UAE,Abu Dhabi,24.4672,54.6031,hamilton,HAM,44,Lewis,Hamilton,1985-01-07,British,mercedes,Mercedes,11,9,9,2.0,58,Finished,5267048.0,10.0,88.372,215.131
2023,22,Abu Dhabi Grand Prix,2023-11-26,yas_marina,Yas Marina Circuit,UAE,Abu Dhabi,24.4672,54.6031,stroll,STR,18,Lance,Stroll,1998-10-29,Canadian,aston_martin,Aston Martin,13,10,10,1.0,58,Finished,5278256.0,4.0,88.05,215.918
2023,22,Abu Dhabi Grand Prix,2023-11-26,yas_marina,Yas Marina Circuit,UAE,Abu Dhabi,24.4672,54.6031,ricciardo,RIC,3,Daniel,Ricciardo,1989-07-01,Australian,alphatauri,AlphaTauri,15,11,11,0.0,58,Finished,5278853.0,11.0,88.571,214.648
2023,22,Abu Dhabi Grand Prix,2023-11-26,yas_marina,Yas Marina Circuit,UAE,Abu Dhabi,24.4672,54.6031,ocon,OCO,31,Esteban,Ocon,1996-09-17,French,alpine,Alpine F1 Team,12,12,12,0.0,58,Finished,5288997.0,20.0,90.033,211.162
2023,22,Abu Dhabi Grand Prix,2023-11-26,yas_marina,Yas Marina Circuit,UAE,Abu Dhabi,24.4672,54.6031,gasly,GAS,10,Pierre,Gasly,1996-02-07,French,alpine,Alpine F1 Team,10,13,13,0.0,58,Finished,5292984.0,14.0,89.01599999999999,213.575
2023,22,Abu Dhabi Grand Prix,2023-11-26,yas_marina,Yas Marina Circuit,UAE,Abu Dhabi,24.4672,54.6031,albon,ALB,23,Alexander,Albon,1996-03-23,Thai,williams,Williams,14,14,14,0.0,58,Finished,5295808.0,3.0,87.845,216.422
2023,22,Abu Dhabi Grand Prix,2023-11-26,yas_marina,Yas Marina Circuit,UAE,Abu Dhabi,24.4672,54.6031,hulkenberg,HUL,27,Nico,Hülkenberg,1987-08-19,German,haas,Haas F1 Team,8,15,15,0.0,58,Finished,5306320.0,15.0,89.217,213.093
2023,22,Abu Dhabi Grand Prix,2023-11-26,yas_marina,Yas Marina Circuit,UAE,Abu Dhabi,24.4672,54.6031,sargeant,SAR,2,Logan,Sargeant,2000-12-31,American,williams,Williams,20,16,16,0.0,58,Finished,5310415.0,12.0,88.58,214.626
2023,22,Abu Dhabi Grand Prix,2023-11-26,yas_marina,Yas Marina Circuit,UAE,Abu Dhabi,24.4672,54.6031,zhou,ZHO,24,Guanyu,Zhou,1999-05-30,Chinese,alfa,Alfa Romeo,19,17,17,0.0,58,Finished,5312046.0,13.0,88.746,214.224
2023,22,Abu Dhabi Grand Prix,2023-11-26,yas_marina,Yas Marina Circuit,UAE,Abu Dhabi,24.4672,54.6031,sainz,SAI,55,Carlos,Sainz,1994-09-01,Spanish,ferrari,Ferrari,16,18,18,0.0,57,Retired,5210923.0,17.0,89.452,212.534
2023,22,Abu Dhabi Grand Prix,2023-11-26,yas_marina,Yas Marina Circuit,UAE,Abu Dhabi,24.4672,54.6031,bottas,BOT,77,Valtteri,Bottas,1989-08-28,Finnish,alfa,Alfa Romeo,18,19,19,0.0,57,Lapped,5235035.0,18.0,89.863,211.562
2023,22,Abu Dhabi Grand Prix,2023-11-26,yas_marina,Yas Marina Circuit,UAE,Abu Dhabi,24.4672,54.6031,kevin_magnussen,MAG,20,Kevin,Magnussen,1992-10-05,Danish,haas,Haas F1 Team,17,20,20,0.0,57,Lapped,5237500.0,19.0,89.934,211.395
2024,1,Bahrain Grand Prix,2024-03-02,bahrain,Bahrain International Circuit,Bahrain,Sakhir,26.0325,50.5106,max_verstappen,VER,1,Max,Verstappen,1997-09-30,Dutch,red_bull,Red Bull,1,1,1,26.0,57,Finished,5504742.0,1.0,92.608,210.383
2024,1,Bahrain Grand Prix,2024-03-02,bahrain,Bahrain International Circuit,Bahrain,Sakhir,26.0325,50.5106,perez,PER,11,Sergio,Pérez,1990-01-26,Mexican,red_bull,Red Bull,5,2,2,18.0,57,Finished,5527199.0,4.0,94.364,206.468
2024,1,Bahrain Grand Prix,2024-03-02,bahrain,Bahrain International Circuit,Bahrain,Sakhir,26.0325,50.5106,sainz,SAI,55,Carlos,Sainz,1994-09-01,Spanish,ferrari,Ferrari,4,3,3,15.0,57,Finished,5529852.0,6.0,94.507,206.156
2024,1,Bahrain Grand Prix,2024-03-02,bahrain,Bahrain International Circuit,Bahrain,Sakhir,26.0325,50.5106,leclerc,LEC,16,Charles,Leclerc,1997-10-16,Monegasque,ferrari,Ferrari,2,4,4,12.0,57,Finished,5544411.0,2.0,94.09,207.069
2024,1,Bahrain Grand Prix,2024-03-02,bahrain,Bahrain International Circuit,Bahrain,Sakhir,26.0325,50.5106,russell,RUS,63,George,Russell,1998-02-15,British,mercedes,Mercedes,3,5,5,10.0,57,Finished,5551530.0,12.0,95.065,204.946
2024,1,Bahrain Grand Prix,2024-03-02,bahrain,Bahrain International Circuit,Bahrain,Sakhir,26.0325,50.5106,norris,NOR,4,Lando,Norris,1999-11-13,British,mclaren,McLaren,7,6,6,8.0,57,Finished,5553200.0,5.0,94.476,
2024,1,Bahrain Grand Prix,2024-03-02,bahrain,Bahrain International Circuit,Bahrain,Sakhir,26.0325,50.5106,hamilton,HAM,44,Lewis,Hamilton,1985-01-07,British,mercedes,Mercedes,9,7,7,6.0,57,Finished,5555066.0,7.0,94.72200000000001,205.688
2024,1,Bahrain Grand Prix,2024-03-02,bahrain,Bahrain International Circuit,Bahrain,Sakhir,26.0325,50.5106,piastri,PIA,81,Oscar,Piastri,2001-04-06,Australian,mclaren,McLaren,8,8,8,4.0,57,Finished,5560824.0,11.0,94.983,
2024,1,Bahrain Grand Prix,2024-03-02,bahrain,Bahrain International Circuit,Bahrain,Sakhir,26.0325,50.5106,alonso,ALO,14,Fernando,Alonso,1981-07-29,Spanish,aston_martin,Aston Martin,6,9,9,2.0,57,Finished,5579629.0,3.0,94.199,206.83
2024,1,Bahrain Grand Prix,2024-03-02,bahrain,Bahrain International Circuit,Bahrain,Sakhir,26.0325,50.5106,stroll,STR,18,Lance,Stroll,1998-10-29,Canadian,aston_martin,Aston Martin,12,10,10,1.0,57,Finished,5597958.0,16.0,95.632,203.73
2024,1,Bahrain Grand Prix,2024-03-02,bahrain,Bahrain International Circuit,Bahrain,Sakhir,26.0325,50.5106,zhou,ZHO,24,Guanyu,Zhou,1999-05-30,Chinese,sauber,Sauber,17,11,11,0.0,56,Lapped,5511501.0,14.0,95.458,204.102
2024,1,Bahrain Grand Prix,2024-03-02,bahrain,Bahrain International Circuit,Bahrain,Sakhir,26.0325,50.5106,kevin_magnussen,MAG,20,Kevin,Magnussen,1992-10-05,Danish,haas,Haas F1 Team,15,12,12,0.0,56,Lapped,5513058.0,15.0,95.57,203.863
2024,1,Bahrain Grand Prix,2024-03-02,bahrain,Bahrain International Circuit,Bahrain,Sakhir,26.0325,50.5106,ricciardo,RIC,3,Daniel,Ricciardo,1989-07-01,Australian,rb,RB F1 Team,14,13,13,0.0,56,Lapped,5513700.0,13.0,95.163,204.735
2024,1,Bahrain Grand Prix,2024-03-02,bahrain,Bahrain International Circuit,Bahrain,Sakhir,26.0325,50.5106,tsunoda,TSU,22,Yuki,Tsunoda,2000-05-11,Japanese,rb,RB F1 Team,11,14,14,0.0,56,Lapped,5514224.0,18.0,95.833,203.303
2024,1,Bahrain Grand Prix,2024-03-02,bahrain,Bahrain International Circuit,Bahrain,Sakhir,26.0325,50.5106,albon,ALB,23,Alexander,Albon,1996-03-23,Thai,williams,Williams,13,15,15,0.0,56,Lapped,5516628.0,17.0,95.723,203.537
2024,1,Bahrain Grand Prix,2024-03-02,bahrain,Bahrain International Circuit,Bahrain,Sakhir,26.0325,50.5106,hulkenberg,HUL,27,Nico,Hülkenberg,1987-08-19,German,haas,Haas F1 Team,10,16,16,0.0,56,Lapped,5522374.0,10.0,94.834,205.445
2024,1,Bahrain Grand Prix,2024-03-02,bahrain,Bahrain International Circuit,Bahrain,Sakhir,26.0325,50.5106,ocon,OCO,31,Esteban,Ocon,1996-09-17,French,alpine,Alpine F1 Team,19,17,17,0.0,56,Lapped,5536192.0,20.0,96.226,202.473
2024,1,Bahrain Grand Prix,2024-03-02,bahrain,Bahrain International Circuit,Bahrain,Sakhir,26.0325,50.5106,gasly,GAS,10,Pierre,Gasly,1996-02-07,French,alpine,Alpine F1 Team,20,18,18,0.0,56,Lapped,5537159.0,9.0,94.805,205.508
2024,1,Bahrain Grand Prix,2024-03-02,bahrain,Bahrain International Circuit,Bahrain,Sakhir,26.0325,50.5106,bottas,BOT,77,Valtteri,Bottas,1989-08-28,Finnish,sauber,Sauber,16,19,19,0.0,56,Lapped,5587972.0,19.0,96.202,202.523
2024,1,Bahrain Grand Prix,2024-03-02,bahrain,Bahrain International Circuit,Bahrain,Sakhir,26.0325,50.5106,sargeant,SAR,2,Logan,Sargeant,2000-12-31,American,williams,Williams,18,20,20,0.0,55,Lapped,5525537.0,8.0,94.735,205.659
2024,2,Saudi Arabian Grand Prix,2024-03-09,jeddah,Jeddah Corniche Circuit,Saudi Arabia,Jeddah,21.6319,39.1044,max_verstappen,VER,1,Max,Verstappen,1997-09-30,Dutch,red_bull,Red Bull,1,1,1,25.0,50,Finished,4843273.0,3.0,91.773,242.188
2024,2,Saudi Arabian Grand Prix,2024-03-09,jeddah,Jeddah Corniche Circuit,Saudi Arabia,Jeddah,21.6319,39.1044,perez,PER,11,Sergio,Pérez,1990-01-26,Mexican,red_bull,Red Bull,3,2,2,18.0,50,Finished,4856916.0,8.0,92.273,240.876
2024,2,Saudi Arabian Grand Prix,2024-03-09,jeddah,Jeddah Corniche Circuit,Saudi Arabia,Jeddah,21.6319,39.1044,leclerc,LEC,16,Charles,Leclerc,1997-10-16,Monegasque,ferrari,Ferrari,2,3,3,16.0,50,Finished,4861912.0,1.0,91.632,242.561
2024,2,Saudi Arabian Grand Prix,2024-03-09,jeddah,Jeddah Corniche Circuit,Saudi Arabia,Jeddah,21.6319,39.1044,piastri,PIA,81,Oscar,Piastri,2001-04-06,Australian,mclaren,McLaren,5,4,4,12.0,50,Finished,4875280.0,10.0,92.31,
2024,2,Saudi Arabian Grand Prix,2024-03-09,jeddah,Jeddah Corniche Circuit,Saudi Arabia,Jeddah,21.6319,39.1044,alonso,ALO,14,Fernando,Alonso,1981-07-29,Spanish,aston_martin,Aston Martin,4,5,5,10.0,50,Finished,4879032.0,13.0,92.387,240.579
2024,2,Saudi Arabian Grand Prix,2024-03-09,jeddah,Jeddah Corniche Circuit,Saudi Arabia,Jeddah,21.6319,39.1044,russell,RUS,63,George,Russell,1998-02-15,British,mercedes,Mercedes,7,6,6,8.0,50,Finished,4883209.0,7.0,92.25399999999999,240.926
2024,2,Saudi Arabian Grand Prix,2024-03-09,jeddah,Jeddah Corniche Circuit,Saudi Arabia,Jeddah,21.6319,39.1044,bearman,BEA,38,Oliver,Bearman,2005-05-08,British,ferrari,Ferrari,11,7,7,6.0,50,Finished,4885952.0,5.0,92.186,241.103
2024,2,Saudi Arabian Grand Prix,2024-03-09,jeddah,Jeddah Corniche Circuit,Saudi Arabia,Jeddah,21.6319,39.1044,norris,NOR,4,Lando,Norris,1999-11-13,British,mclaren,McLaren,6,8,8,4.0,50,Finished,4888981.0,4.0,91.944,
2024,2,Saudi Arabian Grand Prix,2024-03-09,jeddah,Jeddah Corniche Circuit,Saudi Arabia,Jeddah,21.6319,39.1044,hamilton,HAM,44,Lewis,Hamilton,1985-01-07,British,mercedes,Mercedes,8,9,9,2.0,50,Finished,4890664.0,2.0,91.746,242.26
2024,2,Saudi Arabian Grand Prix,2024-03-09,jeddah,Jeddah Corniche Circuit,Saudi Arabia,Jeddah,21.6319,39.1044,hulkenberg,HUL,27,Nico,Hülkenberg,1987-08-19,German,haas,Haas F1 Team,15,10,10,1.0,50,Finished,4920269.0,12.0,92.366,240.633
2024,2,Saudi Arabian Grand Prix,2024-03-09,jeddah,Jeddah Corniche Circuit,Saudi Arabia,Jeddah,21.6319,39.1044,albon,ALB,23,Alexander,Albon,1996-03-23,Thai,williams,Williams,12,11,11,0.0,50,Finished,4931627.0,9.0,92.307,240.787
2024,2,Saudi Arabian Grand Prix,2024-03-09,jeddah,Jeddah Corniche Circuit,Saudi Arabia,Jeddah,21.6319,39.1044,kevin_magnussen,MAG,20,Kevin,Magnussen,1992-10-05,Danish,haas,Haas F1 Team,13,12,12,0.0,50,Finished,4949010.0,11.0,92.338,240.706
2024,2,Saudi Arabian Grand Prix,2024-03-09,jeddah,Jeddah Corniche Circuit,Saudi Arabia,Jeddah,21.6319,39.1044,ocon,OCO,31,Esteban,Ocon,1996-09-17,French,alpine,Alpine F1 Team,17,13,13,0.0,49,Lapped,4847274.0,17.0,93.481,237.763
2024,2,Saudi Arabian Grand Prix,2024-03-09,jeddah,Jeddah Corniche Circuit,Saudi Arabia,Jeddah,21.6319,39.1044,sargeant,SAR,2,Logan,Sargeant,2000-12-31,American,williams,Williams,19,14,14,0.0,49,Lapped,4850058.0,15.0,93.02600000000001,
2024,2,Saudi Arabian Grand Prix,2024-03-09,jeddah,Jeddah Corniche Circuit,Saudi Arabia,Jeddah,21.6319,39.1044,tsunoda,TSU,22,Yuki,Tsunoda,2000-05-11,Japanese,rb,RB F1 Team,9,15,15,0.0,49,Lapped,4853806.0,18.0,93.523,
2024,2,Saudi Arabian Grand Prix,2024-03-09,jeddah,Jeddah Corniche Circuit,Saudi Arabia,Jeddah,21.6319,39.1044,ricciardo,RIC,3,Daniel,Ricciardo,1989-07-01,Australian,rb,RB F1 Team,14,16,16,0.0,49,Lapped,4863988.0,16.0,93.32300000000001,238.166
2024,2,Saudi Arabian Grand Prix,2024-03-09,jeddah,Jeddah Corniche Circuit,Saudi Arabia,Jeddah,21.6319,39.1044,bottas,BOT,77,Valtteri,Bottas,1989-08-28,Finnish,sauber,Sauber,16,17,17,0.0,49,Lapped,4866388.0,14.0,92.706,239.751
2024,2,Saudi Arabian Grand Prix,2024-03-09,jeddah,Jeddah Corniche Circuit,Saudi Arabia,Jeddah,21.6319,39.1044,zhou,ZHO,24,Guanyu,Zhou,1999-05-30,Chinese,sauber,Sauber,20,18,18,0.0,49,Lapped,4872826.0,6.0,92.208,241.046
2024,2,Saudi Arabian Grand Prix,2024-03-09,jeddah,Jeddah Corniche Circuit,Saudi Arabia,Jeddah,21.6319,39.1044,stroll,STR,18,Lance,Stroll,1998-10-29,Canadian,aston_martin,Aston Martin,10,19,R,0.0,5,Retired,,19.0,95.56,232.591
2024,2,Saudi Arabian Grand Prix,2024-03-09,jeddah,Jeddah Corniche Circuit,Saudi Arabia,Jeddah,21.6319,39.1044,gasly,GAS,10,Pierre,Gasly,1996-02-07,French,alpine,Alpine F1 Team,18,20,R,0.0,1,Retired,,,,
2024,3,Australian Grand Prix,2024-03-24,albert_park,Albert Park Grand Prix Circuit,Australia,Melbourne,-37.8497,144.968,sainz,SAI,55,Carlos,Sainz,1994-09-01,Spanish,ferrari,Ferrari,2,1,1,25.0,58,Finished,4826843.0,3.0,80.031,237.418
2024,3,Australian Grand Prix,2024-03-24,albert_park,Albert Park Grand Prix Circuit,Australia,Melbourne,-37.8497,144.968,leclerc,LEC,16,Charles,Leclerc,1997-10-16,Monegasque,ferrari,Ferrari,4,2,2,19.0,58,Finished,4829209.0,1.0,79.813,238.066
2024,3,Australian Grand Prix,2024-03-24,albert_park,Albert Park Grand Prix Circuit,Australia,Melbourne,-37.8497,144.968,norris,NOR,4,Lando,Norris,1999-11-13,British,mclaren,McLaren,3,3,3,15.0,58,Finished,4832747.0,2.0,79.91499999999999,
2024,3,Australian Grand Prix,2024-03-24,albert_park,Albert Park Grand Prix Circuit,Australia,Melbourne,-37.8497,144.968,piastri,PIA,81,Oscar,Piastri,2001-04-06,Australian,mclaren,McLaren,5,4,4,12.0,58,Finished,4862613.0,4.0,80.199,
2024,3,Australian Grand Prix,2024-03-24,albert_park,Albert Park Grand Prix Circuit,Australia,Melbourne,-37.8497,144.968,perez,PER,11,Sergio,Pérez,1990-01-26,Mexican,red_bull,Red Bull,6,5,5,10.0,58,Finished,4883152.0,6.0,80.388,236.363
2024,3,Australian Grand Prix,2024-03-24,albert_park,Albert Park Grand Prix Circuit,Australia,Melbourne,-37.8497,144.968,stroll,STR,18,Lance,Stroll,1998-10-29,Canadian,aston_martin,Aston Martin,9,6,6,8.0,58,Finished,4920065.0,8.0,80.93,234.78
2024,3,Australian Grand Prix,2024-03-24,albert_park,Albert Park Grand Prix Circuit,Australia,Melbourne,-37.8497,144.968,tsunoda,TSU,22,Yuki,Tsunoda,2000-05-11,Japanese,rb,RB F1 Team,8,7,7,6.0,58,Finished,4922444.0,11.0,81.134,234.19
2024,3,Australian Grand Prix,2024-03-24,albert_park,Albert Park Grand Prix Circuit,Australia,Melbourne,-37.8497,144.968,alonso,ALO,14,Fernando,Alonso,1981-07-29,Spanish,aston_martin,Aston Martin,10,8,8,4.0,58,Finished,4927835.0,7.0,80.493,236.055
2024,3,Australian Grand Prix,2024-03-24,albert_park,Albert Park Grand Prix Circuit,Australia,Melbourne,-37.8497,144.968,hulkenberg,HUL,27,Nico,Hülkenberg,1987-08-19,German,haas,Haas F1 Team,16,9,9,2.0,58,Finished,4931396.0,12.0,81.145,234.158
2024,3,Australian Grand Prix,2024-03-24,albert_park,Albert Park Grand Prix Circuit,Australia,Melbourne,-37.8497,144.968,kevin_magnussen,MAG,20,Kevin,Magnussen,1992-10-05,Danish,haas,Haas F1 Team,14,10,10,1.0,57,Lapped,4830924.0,9.0,81.082,234.34
2024,3,Australian Grand Prix,2024-03-24,albert_park,Albert Park Grand Prix Circuit,Australia,Melbourne,-37.8497,144.968,albon,ALB,23,Alexander,Albon,1996-03-23,Thai,williams,Williams,12,11,11,0.0,57,Lapped,4831852.0,17.0,81.618,232.801
2024,3,Australian Grand Prix,2024-03-24,albert_park,Albert Park Grand Prix Circuit,Australia,Melbourne,-37.8497,144.968,ricciardo,RIC,3,Daniel,Ricciardo,1989-07-01,Australian,rb,RB F1 Team,18,12,12,0.0,57,Lapped,4838351.0,13.0,81.239,233.887
2024,3,Australian Grand Prix,2024-03-24,albert_park,Albert Park Grand Prix Circuit,Australia,Melbourne,-37.8497,144.968,gasly,GAS,10,Pierre,Gasly,1996-02-07,French,alpine,Alpine F1 Team,17,13,13,0.0,57,Lapped,4867796.0,10.0,81.09,234.317
2024,3,Australian Grand Prix,2024-03-24,albert_park,Albert Park Grand Prix Circuit,Australia,Melbourne,-37.8497,144.968,bottas,BOT,77,Valtteri,Bottas,1989-08-28,Finnish,sauber,Sauber,13,14,14,0.0,57,Lapped,4869169.0,16.0,81.422,233.361
2024,3,Australian Grand Prix,2024-03-24,albert_park,Albert Park Grand Prix Circuit,Australia,Melbourne,-37.8497,144.968,zhou,ZHO,24,Guanyu,Zhou,1999-05-30,Chinese,sauber,Sauber,19,15,15,0.0,57,Lapped,4871136.0,14.0,81.327,233.634
2024,3,Australian Grand Prix,2024-03-24,albert_park,Albert Park Grand Prix Circuit,Australia,Melbourne,-37.8497,144.968,ocon,OCO,31,Esteban,Ocon,1996-09-17,French,alpine,Alpine F1 Team,15,16,16,0.0,57,Lapped,4880822.0,15.0,81.354,233.557
2024,3,Australian Grand Prix,2024-03-24,albert_park,Albert Park Grand Prix Circuit,Australia,Melbourne,-37.8497,144.968,russell,RUS,63,George,Russell,1998-02-15,British,mercedes,Mercedes,7,17,17,0.0,56,Retired,4684734.0,5.0,80.28399999999999,236.669
2024,3,Australian Grand Prix,2024-03-24,albert_park,Albert Park Grand Prix Circuit,Australia,Melbourne,-37.8497,144.968,hamilton,HAM,44,Lewis,Hamilton,1985-01-07,British,mercedes,Mercedes,11,18,R,0.0,15,Retired,,18.0,82.444,230.469
2024,3,Australian Grand Prix,2024-03-24,albert_park,Albert Park Grand Prix Circuit,Australia,Melbourne,-37.8497,144.968,max_verstappen,VER,1,Max,Verstappen,1997-09-30,Dutch,red_bull,Red Bull,1,19,R,0.0,3,Retired,,19.0,83.115,228.608
2024,4,Japanese Grand Prix,2024-04-07,suzuka,Suzuka Circuit,Japan,Suzuka,34.8431,136.541,max_verstappen,VER,1,Max,Verstappen,1997-09-30,Dutch,red_bull,Red Bull,1,1,1,26.0,53,Finished,6863566.0,1.0,93.706,223.093
2024,4,Japanese Grand Prix,2024-04-07,suzuka,Suzuka Circuit,Japan,Suzuka,34.8431,136.541,perez,PER,11,Sergio,Pérez,1990-01-26,Mexican,red_bull,Red Bull,2,2,2,18.0,53,Finished,6876101.0,3.0,93.945,222.525
2024,4,Japanese Grand Prix,2024-04-07,suzuka,Suzuka Circuit,Japan,Suzuka,34.8431,136.541,sainz,SAI,55,Carlos,Sainz,1994-09-01,Spanish,ferrari,Ferrari,4,3,3,15.0,53,Finished,6884432.0,2.0,93.84100000000001,222.772
2024,4,Japanese Grand Prix,2024-04-07,suzuka,Suzuka Circuit,Japan,Suzuka,34.8431,136.541,leclerc,LEC,16,Charles,Leclerc,1997-10-16,Monegasque,ferrari,Ferrari,8,4,4,12.0,53,Finished,6890088.0,9.0,95.044,219.952
2024,4,Japanese Grand Prix,2024-04-07,suzuka,Suzuka Circuit,Japan,Suzuka,34.8431,136.541,norris,NOR,4,Lando,Norris,1999-11-13,British,mclaren,McLaren,3,5,5,10.0,53,Finished,6893266.0,10.0,95.186,
2024,4,Japanese Grand Prix,2024-04-07,suzuka,Suzuka Circuit,Japan,Suzuka,34.8431,136.541,alonso,ALO,14,Fernando,Alonso,1981-07-29,Spanish,aston_martin,Aston Martin,5,6,6,8.0,53,Finished,6907838.0,6.0,94.726,220.691
2024,4,Japanese Grand Prix,2024-04-07,suzuka,Suzuka Circuit,Japan,Suzuka,34.8431,136.541,russell,RUS,63,George,Russell,1998-02-15,British,mercedes,Mercedes,9,7,7,6.0,53,Finished,6909517.0,5.0,94.404,221.444
2024,4,Japanese Grand Prix,2024-04-07,suzuka,Suzuka Circuit,Japan,Suzuka,34.8431,136.541,piastri,PIA,81,Oscar,Piastri,2001-04-06,Australian,mclaren,McLaren,6,8,8,4.0,53,Finished,6911091.0,7.0,94.80199999999999,
2024,4,Japanese Grand Prix,2024-04-07,suzuka,Suzuka Circuit,Japan,Suzuka,34.8431,136.541,hamilton,HAM,44,Lewis,Hamilton,1985-01-07,British,mercedes,Mercedes,7,9,9,2.0,53,Finished,6912192.0,4.0,93.952,222.509
2024,4,Japanese Grand Prix,2024-04-07,suzuka,Suzuka Circuit,Japan,Suzuka,34.8431,136.541,tsunoda,TSU,22,Yuki,Tsunoda,2000-05-11,Japanese,rb,RB F1 Team,10,10,10,1.0,52,Lapped,6865168.0,14.0,96.342,216.989
2024,4,Japanese Grand Prix,2024-04-07,suzuka,Suzuka Circuit,Japan,Suzuka,34.8431,136.541,hulkenberg,HUL,27,Nico,Hülkenberg,1987-08-19,German,haas,Haas F1 Team,12,11,11,0.0,52,Lapped,6870734.0,11.0,95.325,219.304
2024,4,Japanese Grand Prix,2024-04-07,suzuka,Suzuka Circuit,Japan,Suzuka,34.8431,136.541,stroll,STR,18,Lance,Stroll,1998-10-29,Canadian,aston_martin,Aston Martin,16,12,12,0.0,52,Lapped,6874799.0,12.0,95.798,218.221
2024,4,Japanese Grand Prix,2024-04-07,suzuka,Suzuka Circuit,Japan,Suzuka,34.8431,136.541,kevin_magnussen,MAG,20,Kevin,Magnussen,1992-10-05,Danish,haas,Haas F1 Team,18,13,13,0.0,52,Lapped,6881485.0,17.0,96.654,216.289
2024,4,Japanese Grand Prix,2024-04-07,suzuka,Suzuka Circuit,Japan,Suzuka,34.8431,136.541,bottas,BOT,77,Valtteri,Bottas,1989-08-28,Finnish,sauber,Sauber,13,14,14,0.0,52,Lapped,6882459.0,15.0,96.608,216.392
2024,4,Japanese Grand Prix,2024-04-07,suzuka,Suzuka Circuit,Japan,Suzuka,34.8431,136.541,ocon,OCO,31,Esteban,Ocon,1996-09-17,French,alpine,Alpine F1 Team,15,15,15,0.0,52,Lapped,6904718.0,13.0,96.232,217.237
2024,4,Japanese Grand Prix,2024-04-07,suzuka,Suzuka Circuit,Japan,Suzuka,34.8431,136.541,gasly,GAS,10,Pierre,Gasly,1996-02-07,French,alpine,Alpine F1 Team,17,16,16,0.0,52,Lapped,6918632.0,16.0,96.642,216.315
2024,4,Japanese Grand Prix,2024-04-07,suzuka,Suzuka Circuit,Japan,Suzuka,34.8431,136.541,sargeant,SAR,2,Logan,Sargeant,2000-12-31,American,williams,Williams,19,17,17,0.0,52,Lapped,6936331.0,8.0,94.9,220.286
2024,4,Japanese Grand Prix,2024-04-07,suzuka,Suzuka Circuit,Japan,Suzuka,34.8431,136.541,zhou,ZHO,24,Guanyu,Zhou,1999-05-30,Chinese,sauber,Sauber,20,18,R,0.0,12,Retired,,18.0,97.16,215.162
2024,4,Japanese Grand Prix,2024-04-07,suzuka,Suzuka Circuit,Japan,Suzuka,34.8431,136.541,ricciardo,RIC,3,Daniel,Ricciardo,1989-07-01,Australian,rb,RB F1 Team,11,19,R,0.0,0,Retired,,,,
2024,4,Japanese Grand Prix,2024-04-07,suzuka,Suzuka Circuit,Japan,Suzuka,34.8431,136.541,albon,ALB,23,Alexander,Albon,1996-03-23,Thai,williams,Williams,14,20,R,0.0,0,Retired,,,,
2024,5,Chinese Grand Prix,2024-04-21,shanghai,Shanghai International Circuit,China,Shanghai,31.3389,121.22,max_verstappen,VER,1,Max,Verstappen,1997-09-30,Dutch,red_bull,Red Bull,1,1,1,25.0,56,Finished,6052554.0,2.0,98.406,199.414
2024,5,Chinese Grand Prix,2024-04-21,shanghai,Shanghai International Circuit,China,Shanghai,31.3389,121.22,norris,NOR,4,Lando,Norris,1999-11-13,British,mclaren,McLaren,4,2,2,18.0,56,Finished,6066327.0,4.0,98.751,
2024,5,Chinese Grand Prix,2024-04-21,shanghai,Shanghai International Circuit,China,Shanghai,31.3389,121.22,perez,PER,11,Sergio,Pérez,1990-01-26,Mexican,red_bull,Red Bull,2,3,3,15.0,56,Finished,6071714.0,7.0,99.388,197.444
2024,5,Chinese Grand Prix,2024-04-21,shanghai,Shanghai International Circuit,China,Shanghai,31.3389,121.22,leclerc,LEC,16,Charles,Leclerc,1997-10-16,Monegasque,ferrari,Ferrari,6,4,4,12.0,56,Finished,6076177.0,6.0,99.384,197.452
2024,5,Chinese Grand Prix,2024-04-21,shanghai,Shanghai International Circuit,China,Shanghai,31.3389,121.22,sainz,SAI,55,Carlos,Sainz,1994-09-01,Spanish,ferrari,Ferrari,7,5,5,10.0,56,Finished,6086537.0,10.0,99.76400000000001,196.7
2024,5,Chinese Grand Prix,2024-04-21,shanghai,Shanghai International Circuit,China,Shanghai,31.3389,121.22,russell,RUS,63,George,Russell,1998-02-15,British,mercedes,Mercedes,8,6,6,8.0,56,Finished,6091278.0,11.0,100.112,196.016
2024,5,Chinese Grand Prix,2024-04-21,shanghai,Shanghai International Circuit,China,Shanghai,31.3389,121.22,alonso,ALO,14,Fernando,Alonso,1981-07-29,Spanish,aston_martin,Aston Martin,3,7,7,7.0,56,Finished,6095968.0,1.0,97.81,200.629
2024,5,Chinese Grand Prix,2024-04-21,shanghai,Shanghai International Circuit,China,Shanghai,31.3389,121.22,piastri,PIA,81,Oscar,Piastri,2001-04-06,Australian,mclaren,McLaren,5,8,8,4.0,56,Finished,6108752.0,9.0,99.739,
2024,5,Chinese Grand Prix,2024-04-21,shanghai,Shanghai International Circuit,China,Shanghai,31.3389,121.22,hamilton,HAM,44,Lewis,Hamilton,1985-01-07,British,mercedes,Mercedes,18,9,9,2.0,56,Finished,6110540.0,14.0,100.83500000000001,194.61
2024,5,Chinese Grand Prix,2024-04-21,shanghai,Shanghai International Circuit,China,Shanghai,31.3389,121.22,hulkenberg,HUL,27,Nico,Hülkenberg,1987-08-19,German,haas,Haas F1 Team,9,10,10,1.0,56,Finished,6113030.0,13.0,100.815,194.649
2024,5,Chinese Grand Prix,2024-04-21,shanghai,Shanghai International Circuit,China,Shanghai,31.3389,121.22,ocon,OCO,31,Esteban,Ocon,1996-09-17,French,alpine,Alpine F1 Team,13,11,11,0.0,56,Finished,6115366.0,15.0,100.937,194.414
2024,5,Chinese Grand Prix,2024-04-21,shanghai,Shanghai International Circuit,China,Shanghai,31.3389,121.22,albon,ALB,23,Alexander,Albon,1996-03-23,Thai,williams,Williams,14,12,12,0.0,56,Finished,6118060.0,12.0,100.78999999999999,194.697
2024,5,Chinese Grand Prix,2024-04-21,shanghai,Shanghai International Circuit,China,Shanghai,31.3389,121.22,gasly,GAS,10,Pierre,Gasly,1996-02-07,French,alpine,Alpine F1 Team,15,13,13,0.0,56,Finished,6121777.0,5.0,99.19800000000001,197.822
2024,5,Chinese Grand Prix,2024-04-21,shanghai,Shanghai International Circuit,China,Shanghai,31.3389,121.22,zhou,ZHO,24,Guanyu,Zhou,1999-05-30,Chinese,sauber,Sauber,16,14,14,0.0,56,Finished,6124243.0,3.0,98.63300000000001,198.955
2024,5,Chinese Grand Prix,2024-04-21,shanghai,Shanghai International Circuit,China,Shanghai,31.3389,121.22,stroll,STR,18,Lance,Stroll,1998-10-29,Canadian,aston_martin,Aston Martin,11,15,15,0.0,56,Finished,6135340.0,8.0,99.444,197.333
2024,5,Chinese Grand Prix,2024-04-21,shanghai,Shanghai International Circuit,China,Shanghai,31.3389,121.22,kevin_magnussen,MAG,20,Kevin,Magnussen,1992-10-05,Danish,haas,Haas F1 Team,17,16,16,0.0,56,Finished,6140087.0,18.0,101.077,194.145
2024,5,Chinese Grand Prix,2024-04-21,shanghai,Shanghai International Circuit,China,Shanghai,31.3389,121.22,sargeant,SAR,2,Logan,Sargeant,2000-12-31,American,williams,Williams,20,17,17,0.0,56,Finished,6147664.0,17.0,101.0,194.293
2024,5,Chinese Grand Prix,2024-04-21,shanghai,Shanghai International Circuit,China,Shanghai,31.3389,121.22,ricciardo,RIC,3,Daniel,Ricciardo,1989-07-01,Australian,rb,RB F1 Team,12,18,R,0.0,33,Retired,,16.0,100.994,194.304
2024,5,Chinese Grand Prix,2024-04-21,shanghai,Shanghai International Circuit,China,Shanghai,31.3389,121.22,tsunoda,TSU,22,Yuki,Tsunoda,2000-05-11,Japanese,rb,RB F1 Team,19,19,R,0.0,26,Retired,,20.0,101.593,193.158
2024,5,Chinese Grand Prix,2024-04-21,shanghai,Shanghai International Circuit,China,Shanghai,31.3389,121.22,bottas,BOT,77,Valtteri,Bottas,1989-08-28,Finnish,sauber,Sauber,10,20,R,0.0,19,Retired,,19.0,101.27600000000001,193.763
2024,6,Miami Grand Prix,2024-05-05,miami,Miami International Autodrome,USA,Miami,25.9581,-80.2389,norris,NOR,4,Lando,Norris,1999-11-13,British,mclaren,McLaren,5,1,1,25.0,57,Finished,5449876.0,5.0,90.98,214.148
2024,6,Miami Grand Prix,2024-05-05,miami,Miami International Autodrome,USA,Miami,25.9581,-80.2389,max_verstappen,VER,1,Max,Verstappen,1997-09-30,Dutch,red_bull,Red Bull,1,2,2,18.0,57,Finished,5457488.0,8.0,91.261,213.488
2024,6,Miami Grand Prix,2024-05-05,miami,Miami International Autodrome,USA,Miami,25.9581,-80.2389,leclerc,LEC,16,Charles,Leclerc,1997-10-16,Monegasque,ferrari,Ferrari,2,3,3,15.0,57,Finished,5459796.0,6.0,91.084,213.903
2024,6,Miami Grand Prix,2024-05-05,miami,Miami International Autodrome,USA,Miami,25.9581,-80.2389,perez,PER,11,Sergio,Pérez,1990-01-26,Mexican,red_bull,Red Bull,4,4,4,12.0,57,Finished,5464526.0,3.0,90.855,214.442
2024,6,Miami Grand Prix,2024-05-05,miami,Miami International Autodrome,USA,Miami,25.9581,-80.2389,sainz,SAI,55,Carlos,Sainz,1994-09-01,Spanish,ferrari,Ferrari,3,5,5,10.0,57,Finished,5466283.0,4.0,90.928,214.27
2024,6,Miami Grand Prix,2024-05-05,miami,Miami International Autodrome,USA,Miami,25.9581,-80.2389,hamilton,HAM,44,Lewis,Hamilton,1985-01-07,British,mercedes,Mercedes,8,6,6,8.0,57,Finished,5466461.0,7.0,91.233,213.554
2024,6,Miami Grand Prix,2024-05-05,miami,Miami International Autodrome,USA,Miami,25.9581,-80.2389,tsunoda,TSU,22,Yuki,Tsunoda,2000-05-11,Japanese,rb,RB F1 Team,10,7,7,6.0,57,Finished,5476061.0,10.0,91.682,212.508
2024,6,Miami Grand Prix,2024-05-05,miami,Miami International Autodrome,USA,Miami,25.9581,-80.2389,russell,RUS,63,George,Russell,1998-02-15,British,mercedes,Mercedes,7,8,8,4.0,57,Finished,5484665.0,13.0,91.92099999999999,211.955
2024,6,Miami Grand Prix,2024-05-05,miami,Miami International Autodrome,USA,Miami,25.9581,-80.2389,alonso,ALO,14,Fernando,Alonso,1981-07-29,Spanish,aston_martin,Aston Martin,15,9,9,2.0,57,Finished,5486983.0,11.0,91.727,212.404
2024,6,Miami Grand Prix,2024-05-05,miami,Miami International Autodrome,USA,Miami,25.9581,-80.2389,ocon,OCO,31,Esteban,Ocon,1996-09-17,French,alpine,Alpine F1 Team,13,10,10,1.0,57,Finished,5489622.0,16.0,92.037,211.688
2024,6,Miami Grand Prix,2024-05-05,miami,Miami International Autodrome,USA,Miami,25.9581,-80.2389,hulkenberg,HUL,27,Nico,Hülkenberg,1987-08-19,German,haas,Haas F1 Team,9,11,11,0.0,57,Finished,5490665.0,14.0,91.941,211.909
2024,6,Miami Grand Prix,2024-05-05,miami,Miami International Autodrome,USA,Miami,25.9581,-80.2389,gasly,GAS,10,Pierre,Gasly,1996-02-07,French,alpine,Alpine F1 Team,12,12,12,0.0,57,Finished,5494834.0,17.0,92.055,211.647
2024,6,Miami Grand Prix,2024-05-05,miami,Miami International Autodrome,USA,Miami,25.9581,-80.2389,piastri,PIA,81,Oscar,Piastri,2001-04-06,Australian,mclaren,McLaren,6,13,13,0.0,57,Finished,5499632.0,1.0,90.634,214.965
2024,6,Miami Grand Prix,2024-05-05,miami,Miami International Autodrome,USA,Miami,25.9581,-80.2389,zhou,ZHO,24,Guanyu,Zhou,1999-05-30,Chinese,sauber,Sauber,19,14,14,0.0,57,Finished,5499855.0,15.0,91.991,211.794
2024,6,Miami Grand Prix,2024-05-05,miami,Miami International Autodrome,USA,Miami,25.9581,-80.2389,ricciardo,RIC,3,Daniel,Ricciardo,1989-07-01,Australian,rb,RB F1 Team,20,15,15,0.0,57,Finished,5500832.0,19.0,92.122,211.493
2024,6,Miami Grand Prix,2024-05-05,miami,Miami International Autodrome,USA,Miami,25.9581,-80.2389,bottas,BOT,77,Valtteri,Bottas,1989-08-28,Finnish,sauber,Sauber,16,16,16,0.0,57,Finished,5502232.0,18.0,92.098,211.548
2024,6,Miami Grand Prix,2024-05-05,miami,Miami International Autodrome,USA,Miami,25.9581,-80.2389,stroll,STR,18,Lance,Stroll,1998-10-29,Canadian,aston_martin,Aston Martin,11,17,17,0.0,57,Finished,5505049.0,9.0,91.588,212.726
2024,6,Miami Grand Prix,2024-05-05,miami,Miami International Autodrome,USA,Miami,25.9581,-80.2389,albon,ALB,23,Alexander,Albon,1996-03-23,Thai,williams,Williams,14,18,18,0.0,57,Finished,5525967.0,2.0,90.849,214.456
2024,6,Miami Grand Prix,2024-05-05,miami,Miami International Autodrome,USA,Miami,25.9581,-80.2389,kevin_magnussen,MAG,20,Kevin,Magnussen,1992-10-05,Danish,haas,Haas F1 Team,18,19,19,0.0,57,Finished,5534559.0,12.0,91.774,212.295
2024,6,Miami Grand Prix,2024-05-05,miami,Miami International Autodrome,USA,Miami,25.9581,-80.2389,sargeant,SAR,2,Logan,Sargeant,2000-12-31,American,williams,Williams,17,20,R,0.0,27,Retired,,20.0,93.452,208.483
2024,7,Emilia Romagna Grand Prix,2024-05-19,imola,Autodromo Enzo e Dino Ferrari,Italy,Imola,44.3439,11.7167,max_verstappen,VER,1,Max,Verstappen,1997-09-30,Dutch,red_bull,Red Bull,1,1,1,25.0,63,Finished,5125252.0,9.0,80.366,219.898
2024,7,Emilia Romagna Grand Prix,2024-05-19,imola,Autodromo Enzo e Dino Ferrari,Italy,Imola,44.3439,11.7167,norris,NOR,4,Lando,Norris,1999-11-13,British,mclaren,McLaren,2,2,2,18.0,63,Finished,5125977.0,6.0,79.994,220.921
2024,7,Emilia Romagna Grand Prix,2024-05-19,imola,Autodromo Enzo e Dino Ferrari,Italy,Imola,44.3439,11.7167,leclerc,LEC,16,Charles,Leclerc,1997-10-16,Monegasque,ferrari,Ferrari,3,3,3,15.0,63,Finished,5133168.0,5.0,79.935,221.084
2024,7,Emilia Romagna Grand Prix,2024-05-19,imola,Autodromo Enzo e Dino Ferrari,Italy,Imola,44.3439,11.7167,piastri,PIA,81,Oscar,Piastri,2001-04-06,Australian,mclaren,McLaren,5,4,4,12.0,63,Finished,5139384.0,4.0,79.907,221.162
2024,7,Emilia Romagna Grand Prix,2024-05-19,imola,Autodromo Enzo e Dino Ferrari,Italy,Imola,44.3439,11.7167,sainz,SAI,55,Carlos,Sainz,1994-09-01,Spanish,ferrari,Ferrari,4,5,5,10.0,63,Finished,5147577.0,7.0,80.22,220.299
2024,7,Emilia Romagna Grand Prix,2024-05-19,imola,Autodromo Enzo e Dino Ferrari,Italy,Imola,44.3439,11.7167,hamilton,HAM,44,Lewis,Hamilton,1985-01-07,British,mercedes,Mercedes,8,6,6,8.0,63,Finished,5160356.0,8.0,80.331,219.994
2024,7,Emilia Romagna Grand Prix,2024-05-19,imola,Autodromo Enzo e Dino Ferrari,Italy,Imola,44.3439,11.7167,russell,RUS,63,George,Russell,1998-02-15,British,mercedes,Mercedes,6,7,7,7.0,63,Finished,5172406.0,1.0,78.589,224.871
2024,7,Emilia Romagna Grand Prix,2024-05-19,imola,Autodromo Enzo e Dino Ferrari,Italy,Imola,44.3439,11.7167,perez,PER,11,Sergio,Pérez,1990-01-26,Mexican,red_bull,Red Bull,11,8,8,4.0,63,Finished,5180028.0,3.0,79.686,221.775
2024,7,Emilia Romagna Grand Prix,2024-05-19,imola,Autodromo Enzo e Dino Ferrari,Italy,Imola,44.3439,11.7167,stroll,STR,18,Lance,Stroll,1998-10-29,Canadian,aston_martin,Aston Martin,13,9,9,2.0,63,Finished,5204808.0,10.0,80.57,219.342
2024,7,Emilia Romagna Grand Prix,2024-05-19,imola,Autodromo Enzo e Dino Ferrari,Italy,Imola,44.3439,11.7167,tsunoda,TSU,22,Yuki,Tsunoda,2000-05-11,Japanese,rb,RB F1 Team,7,10,10,1.0,62,Lapped,5143108.0,11.0,80.936,218.35
2024,7,Emilia Romagna Grand Prix,2024-05-19,imola,Autodromo Enzo e Dino Ferrari,Italy,Imola,44.3439,11.7167,hulkenberg,HUL,27,Nico,Hülkenberg,1987-08-19,German,haas,Haas F1 Team,10,11,11,0.0,62,Lapped,5150529.0,20.0,81.7,216.308
2024,7,Emilia Romagna Grand Prix,2024-05-19,imola,Autodromo Enzo e Dino Ferrari,Italy,Imola,44.3439,11.7167,kevin_magnussen,MAG,20,Kevin,Magnussen,1992-10-05,Danish,haas,Haas F1 Team,18,12,12,0.0,62,Lapped,5151686.0,12.0,81.009,218.153
2024,7,Emilia Romagna Grand Prix,2024-05-19,imola,Autodromo Enzo e Dino Ferrari,Italy,Imola,44.3439,11.7167,ricciardo,RIC,3,Daniel,Ricciardo,1989-07-01,Australian,rb,RB F1 Team,9,13,13,0.0,62,Lapped,5152913.0,19.0,81.569,216.655
2024,7,Emilia Romagna Grand Prix,2024-05-19,imola,Autodromo Enzo e Dino Ferrari,Italy,Imola,44.3439,11.7167,ocon,OCO,31,Esteban,Ocon,1996-09-17,French,alpine,Alpine F1 Team,12,14,14,0.0,62,Lapped,5169159.0,16.0,81.304,217.361
2024,7,Emilia Romagna Grand Prix,2024-05-19,imola,Autodromo Enzo e Dino Ferrari,Italy,Imola,44.3439,11.7167,zhou,ZHO,24,Guanyu,Zhou,1999-05-30,Chinese,sauber,Sauber,17,15,15,0.0,62,Lapped,5170185.0,13.0,81.01599999999999,218.134
2024,7,Emilia Romagna Grand Prix,2024-05-19,imola,Autodromo Enzo e Dino Ferrari,Italy,Imola,44.3439,11.7167,gasly,GAS,10,Pierre,Gasly,1996-02-07,French,alpine,Alpine F1 Team,15,16,16,0.0,62,Lapped,5174967.0,17.0,81.371,217.183
2024,7,Emilia Romagna Grand Prix,2024-05-19,imola,Autodromo Enzo e Dino Ferrari,Italy,Imola,44.3439,11.7167,sargeant,SAR,2,Logan,Sargeant,2000-12-31,American,williams,Williams,19,17,17,0.0,62,Lapped,5176303.0,14.0,81.229,217.562
2024,7,Emilia Romagna Grand Prix,2024-05-19,imola,Autodromo Enzo e Dino Ferrari,Italy,Imola,44.3439,11.7167,bottas,BOT,77,Valtteri,Bottas,1989-08-28,Finnish,sauber,Sauber,16,18,18,0.0,62,Lapped,5181595.0,18.0,81.455,216.959
2024,7,Emilia Romagna Grand Prix,2024-05-19,imola,Autodromo Enzo e Dino Ferrari,Italy,Imola,44.3439,11.7167,alonso,ALO,14,Fernando,Alonso,1981-07-29,Spanish,aston_martin,Aston Martin,20,19,19,0.0,62,Lapped,5200376.0,2.0,79.004,223.689
2024,7,Emilia Romagna Grand Prix,2024-05-19,imola,Autodromo Enzo e Dino Ferrari,Italy,Imola,44.3439,11.7167,albon,ALB,23,Alexander,Albon,1996-03-23,Thai,williams,Williams,14,20,R,0.0,51,Retired,,15.0,81.274,217.442
2024,8,Monaco Grand Prix,2024-05-26,monaco,Circuit de Monaco,Monaco,Monte Carlo,43.7347,7.42056,leclerc,LEC,16,Charles,Leclerc,1997-10-16,Monegasque,ferrari,Ferrari,1,1,1,25.0,78,Finished,8595554.0,6.0,75.162,
2024,8,Monaco Grand Prix,2024-05-26,monaco,Circuit de Monaco,Monaco,Monte Carlo,43.7347,7.42056,piastri,PIA,81,Oscar,Piastri,2001-04-06,Australian,mclaren,McLaren,2,2,2,18.0,78,Finished,8602706.0,11.0,76.281,
2024,8,Monaco Grand Prix,2024-05-26,monaco,Circuit de Monaco,Monaco,Monte Carlo,43.7347,7.42056,sainz,SAI,55,Carlos,Sainz,1994-09-01,Spanish,ferrari,Ferrari,3,3,3,15.0,78,Finished,8603139.0,5.0,74.726,
2024,8,Monaco Grand Prix,2024-05-26,monaco,Circuit de Monaco,Monaco,Monte Carlo,43.7347,7.42056,norris,NOR,4,Lando,Norris,1999-11-13,British,mclaren,McLaren,4,4,4,12.0,78,Finished,8604204.0,10.0,75.742,
2024,8,Monaco Grand Prix,2024-05-26,monaco,Circuit de Monaco,Monaco,Monte Carlo,43.7347,7.42056,russell,RUS,63,George,Russell,1998-02-15,British,mercedes,Mercedes,5,5,5,10.0,78,Finished,8608863.0,7.0,75.228,
2024,8,Monaco Grand Prix,2024-05-26,monaco,Circuit de Monaco,Monaco,Monte Carlo,43.7347,7.42056,max_verstappen,VER,1,Max,Verstappen,1997-09-30,Dutch,red_bull,Red Bull,6,6,6,8.0,78,Finished,8609407.0,2.0,74.569,
2024,8,Monaco Grand Prix,2024-05-26,monaco,Circuit de Monaco,Monaco,Monte Carlo,43.7347,7.42056,hamilton,HAM,44,Lewis,Hamilton,1985-01-07,British,mercedes,Mercedes,7,7,7,7.0,78,Finished,8610462.0,1.0,74.16499999999999,
2024,8,Monaco Grand Prix,2024-05-26,monaco,Circuit de Monaco,Monaco,Monte Carlo,43.7347,7.42056,tsunoda,TSU,22,Yuki,Tsunoda,2000-05-11,Japanese,rb,RB F1 Team,8,8,8,4.0,77,Lapped,8635041.0,4.0,74.72,
2024,8,Monaco Grand Prix,2024-05-26,monaco,Circuit de Monaco,Monaco,Monte Carlo,43.7347,7.42056,albon,ALB,23,Alexander,Albon,1996-03-23,Thai,williams,Williams,9,9,9,2.0,77,Lapped,8649606.0,14.0,77.06,
2024,8,Monaco Grand Prix,2024-05-26,monaco,Circuit de Monaco,Monaco,Monte Carlo,43.7347,7.42056,gasly,GAS,10,Pierre,Gasly,1996-02-07,French,alpine,Alpine F1 Team,10,10,10,1.0,77,Lapped,8655795.0,9.0,75.625,
2024,8,Monaco Grand Prix,2024-05-26,monaco,Circuit de Monaco,Monaco,Monte Carlo,43.7347,7.42056,alonso,ALO,14,Fernando,Alonso,1981-07-29,Spanish,aston_martin,Aston Martin,14,11,11,0.0,76,Lapped,8599408.0,16.0,77.939,
2024,8,Monaco Grand Prix,2024-05-26,monaco,Circuit de Monaco,Monaco,Monte Carlo,43.7347,7.42056,ricciardo,RIC,3,Daniel,Ricciardo,1989-07-01,Australian,rb,RB F1 Team,12,12,12,0.0,76,Lapped,8599818.0,15.0,77.172,
2024,8,Monaco Grand Prix,2024-05-26,monaco,Circuit de Monaco,Monaco,Monte Carlo,43.7347,7.42056,bottas,BOT,77,Valtteri,Bottas,1989-08-28,Finnish,sauber,Sauber,17,13,13,0.0,76,Lapped,8600042.0,12.0,76.561,
2024,8,Monaco Grand Prix,2024-05-26,monaco,Circuit de Monaco,Monaco,Monte Carlo,43.7347,7.42056,stroll,STR,18,Lance,Stroll,1998-10-29,Canadian,aston_martin,Aston Martin,13,14,14,0.0,76,Lapped,8601521.0,13.0,76.71000000000001,
2024,8,Monaco Grand Prix,2024-05-26,monaco,Circuit de Monaco,Monaco,Monte Carlo,43.7347,7.42056,sargeant,SAR,2,Logan,Sargeant,2000-12-31,American,williams,Williams,15,15,15,0.0,76,Lapped,8604580.0,8.0,75.525,
2024,8,Monaco Grand Prix,2024-05-26,monaco,Circuit de Monaco,Monaco,Monte Carlo,43.7347,7.42056,zhou,ZHO,24,Guanyu,Zhou,1999-05-30,Chinese,sauber,Sauber,18,16,16,0.0,76,Lapped,8650814.0,3.0,74.718,
2024,8,Monaco Grand Prix,2024-05-26,monaco,Circuit de Monaco,Monaco,Monte Carlo,43.7347,7.42056,ocon,OCO,31,Esteban,Ocon,1996-09-17,French,alpine,Alpine F1 Team,11,17,R,0.0,0,Retired,,,,
2024,8,Monaco Grand Prix,2024-05-26,monaco,Circuit de Monaco,Monaco,Monte Carlo,43.7347,7.42056,perez,PER,11,Sergio,Pérez,1990-01-26,Mexican,red_bull,Red Bull,16,18,R,0.0,0,Retired,,,,
2024,8,Monaco Grand Prix,2024-05-26,monaco,Circuit de Monaco,Monaco,Monte Carlo,43.7347,7.42056,hulkenberg,HUL,27,Nico,Hülkenberg,1987-08-19,German,haas,Haas F1 Team,19,19,R,0.0,0,Retired,,,,
2024,8,Monaco Grand Prix,2024-05-26,monaco,Circuit de Monaco,Monaco,Monte Carlo,43.7347,7.42056,kevin_magnussen,MAG,20,Kevin,Magnussen,1992-10-05,Danish,haas,Haas F1 Team,20,20,R,0.0,0,Retired,,,,
2024,9,Canadian Grand Prix,2024-06-09,villeneuve,Circuit Gilles Villeneuve,Canada,Montreal,45.5,-73.5228,max_verstappen,VER,1,Max,Verstappen,1997-09-30,Dutch,red_bull,Red Bull,2,1,1,25.0,70,Finished,6347927.0,4.0,75.569,207.751
2024,9,Canadian Grand Prix,2024-06-09,villeneuve,Circuit Gilles Villeneuve,Canada,Montreal,45.5,-73.5228,norris,NOR,4,Lando,Norris,1999-11-13,British,mclaren,McLaren,3,2,2,18.0,70,Finished,6351806.0,3.0,75.55799999999999,207.782
2024,9,Canadian Grand Prix,2024-06-09,villeneuve,Circuit Gilles Villeneuve,Canada,Montreal,45.5,-73.5228,russell,RUS,63,George,Russell,1998-02-15,British,mercedes,Mercedes,1,3,3,15.0,70,Finished,6352244.0,2.0,74.895,209.621
2024,9,Canadian Grand Prix,2024-06-09,villeneuve,Circuit Gilles Villeneuve,Canada,Montreal,45.5,-73.5228,hamilton,HAM,44,Lewis,Hamilton,1985-01-07,British,mercedes,Mercedes,7,4,4,13.0,70,Finished,6352842.0,1.0,74.856,209.73
2024,9,Canadian Grand Prix,2024-06-09,villeneuve,Circuit Gilles Villeneuve,Canada,Montreal,45.5,-73.5228,piastri,PIA,81,Oscar,Piastri,2001-04-06,Australian,mclaren,McLaren,4,5,5,10.0,70,Finished,6358126.0,5.0,76.247,205.904
2024,9,Canadian Grand Prix,2024-06-09,villeneuve,Circuit Gilles Villeneuve,Canada,Montreal,45.5,-73.5228,alonso,ALO,14,Fernando,Alonso,1981-07-29,Spanish,aston_martin,Aston Martin,6,6,6,8.0,70,Finished,6365437.0,6.0,76.303,205.753
2024,9,Canadian Grand Prix,2024-06-09,villeneuve,Circuit Gilles Villeneuve,Canada,Montreal,45.5,-73.5228,stroll,STR,18,Lance,Stroll,1998-10-29,Canadian,aston_martin,Aston Martin,9,7,7,6.0,70,Finished,6371552.0,9.0,76.762,204.523
2024,9,Canadian Grand Prix,2024-06-09,villeneuve,Circuit Gilles Villeneuve,Canada,Montreal,45.5,-73.5228,ricciardo,RIC,3,Daniel,Ricciardo,1989-07-01,Australian,rb,RB F1 Team,5,8,8,4.0,70,Finished,6376599.0,12.0,77.076,203.689
2024,9,Canadian Grand Prix,2024-06-09,villeneuve,Circuit Gilles Villeneuve,Canada,Montreal,45.5,-73.5228,gasly,GAS,10,Pierre,Gasly,1996-02-07,French,alpine,Alpine F1 Team,15,9,9,2.0,70,Finished,6377948.0,11.0,77.013,203.856
2024,9,Canadian Grand Prix,2024-06-09,villeneuve,Circuit Gilles Villeneuve,Canada,Montreal,45.5,-73.5228,ocon,OCO,31,Esteban,Ocon,1996-09-17,French,alpine,Alpine F1 Team,18,10,10,1.0,70,Finished,6378240.0,10.0,77.012,203.859
2024,9,Canadian Grand Prix,2024-06-09,villeneuve,Circuit Gilles Villeneuve,Canada,Montreal,45.5,-73.5228,hulkenberg,HUL,27,Nico,Hülkenberg,1987-08-19,German,haas,Haas F1 Team,17,11,11,0.0,70,Finished,6378751.0,8.0,76.68299999999999,204.733
2024,9,Canadian Grand Prix,2024-06-09,villeneuve,Circuit Gilles Villeneuve,Canada,Montreal,45.5,-73.5228,kevin_magnussen,MAG,20,Kevin,Magnussen,1992-10-05,Danish,haas,Haas F1 Team,14,12,12,0.0,70,Finished,6379180.0,7.0,76.499,205.226
2024,9,Canadian Grand Prix,2024-06-09,villeneuve,Circuit Gilles Villeneuve,Canada,Montreal,45.5,-73.5228,bottas,BOT,77,Valtteri,Bottas,1989-08-28,Finnish,sauber,Sauber,19,13,13,0.0,70,Finished,6388414.0,13.0,77.25,203.231
2024,9,Canadian Grand Prix,2024-06-09,villeneuve,Circuit Gilles Villeneuve,Canada,Montreal,45.5,-73.5228,tsunoda,TSU,22,Yuki,Tsunoda,2000-05-11,Japanese,rb,RB F1 Team,8,14,14,0.0,70,Finished,6400621.0,14.0,77.309,203.075
2024,9,Canadian Grand Prix,2024-06-09,villeneuve,Circuit Gilles Villeneuve,Canada,Montreal,45.5,-73.5228,zhou,ZHO,24,Guanyu,Zhou,1999-05-30,Chinese,sauber,Sauber,20,15,15,0.0,69,Lapped,6401455.0,15.0,77.325,203.033
2024,9,Canadian Grand Prix,2024-06-09,villeneuve,Circuit Gilles Villeneuve,Canada,Montreal,45.5,-73.5228,sainz,SAI,55,Carlos,Sainz,1994-09-01,Spanish,ferrari,Ferrari,12,16,R,0.0,52,Retired,,17.0,78.957,198.837
2024,9,Canadian Grand Prix,2024-06-09,villeneuve,Circuit Gilles Villeneuve,Canada,Montreal,45.5,-73.5228,albon,ALB,23,Alexander,Albon,1996-03-23,Thai,williams,Williams,10,17,R,0.0,52,Retired,,18.0,79.35900000000001,197.83
2024,9,Canadian Grand Prix,2024-06-09,villeneuve,Circuit Gilles Villeneuve,Canada,Montreal,45.5,-73.5228,perez,PER,11,Sergio,Pérez,1990-01-26,Mexican,red_bull,Red Bull,16,18,R,0.0,51,Retired,,16.0,78.819,199.185
2024,9,Canadian Grand Prix,2024-06-09,villeneuve,Circuit Gilles Villeneuve,Canada,Montreal,45.5,-73.5228,leclerc,LEC,16,Charles,Leclerc,1997-10-16,Monegasque,ferrari,Ferrari,11,19,R,0.0,40,Retired,,19.0,86.012,182.528
2024,9,Canadian Grand Prix,2024-06-09,villeneuve,Circuit Gilles Villeneuve,Canada,Montreal,45.5,-73.5228,sargeant,SAR,2,Logan,Sargeant,2000-12-31,American,williams,Williams,13,20,R,0.0,23,Retired,,20.0,86.48400000000001,181.531
2024,10,Spanish Grand Prix,2024-06-23,catalunya,Circuit de Barcelona-Catalunya,Spain,Barcelona,41.57,2.26111,max_verstappen,VER,1,Max,Verstappen,1997-09-30,Dutch,red_bull,Red Bull,2,1,1,25.0,66,Finished,5300227.0,2.0,77.776,215.557
2024,10,Spanish Grand Prix,2024-06-23,catalunya,Circuit de Barcelona-Catalunya,Spain,Barcelona,41.57,2.26111,norris,NOR,4,Lando,Norris,1999-11-13,British,mclaren,McLaren,1,2,2,19.0,66,Finished,5302446.0,1.0,77.115,217.405
2024,10,Spanish Grand Prix,2024-06-23,catalunya,Circuit de Barcelona-Catalunya,Spain,Barcelona,41.57,2.26111,hamilton,HAM,44,Lewis,Hamilton,1985-01-07,British,mercedes,Mercedes,3,3,3,15.0,66,Finished,5318017.0,4.0,77.809,215.466
2024,10,Spanish Grand Prix,2024-06-23,catalunya,Circuit de Barcelona-Catalunya,Spain,Barcelona,41.57,2.26111,russell,RUS,63,George,Russell,1998-02-15,British,mercedes,Mercedes,4,4,4,12.0,66,Finished,5322547.0,7.0,78.28999999999999,214.142
2024,10,Spanish Grand Prix,2024-06-23,catalunya,Circuit de Barcelona-Catalunya,Spain,Barcelona,41.57,2.26111,leclerc,LEC,16,Charles,Leclerc,1997-10-16,Monegasque,ferrari,Ferrari,5,5,5,10.0,66,Finished,5322936.0,6.0,77.89699999999999,215.222
2024,10,Spanish Grand Prix,2024-06-23,catalunya,Circuit de Barcelona-Catalunya,Spain,Barcelona,41.57,2.26111,sainz,SAI,55,Carlos,Sainz,1994-09-01,Spanish,ferrari,Ferrari,6,6,6,8.0,66,Finished,5331255.0,9.0,78.539,213.463
2024,10,Spanish Grand Prix,2024-06-23,catalunya,Circuit de Barcelona-Catalunya,Spain,Barcelona,41.57,2.26111,piastri,PIA,81,Oscar,Piastri,2001-04-06,Australian,mclaren,McLaren,9,7,7,6.0,66,Finished,5333987.0,5.0,77.874,215.286
2024,10,Spanish Grand Prix,2024-06-23,catalunya,Circuit de Barcelona-Catalunya,Spain,Barcelona,41.57,2.26111,perez,PER,11,Sergio,Pérez,1990-01-26,Mexican,red_bull,Red Bull,11,8,8,4.0,66,Finished,5359751.0,3.0,77.785,215.532
2024,10,Spanish Grand Prix,2024-06-23,catalunya,Circuit de Barcelona-Catalunya,Spain,Barcelona,41.57,2.26111,gasly,GAS,10,Pierre,Gasly,1996-02-07,French,alpine,Alpine F1 Team,7,9,9,2.0,66,Finished,5362252.0,13.0,79.045,212.096
2024,10,Spanish Grand Prix,2024-06-23,catalunya,Circuit de Barcelona-Catalunya,Spain,Barcelona,41.57,2.26111,ocon,OCO,31,Esteban,Ocon,1996-09-17,French,alpine,Alpine F1 Team,8,10,10,1.0,66,Finished,5372116.0,12.0,78.982,212.266
2024,10,Spanish Grand Prix,2024-06-23,catalunya,Circuit de Barcelona-Catalunya,Spain,Barcelona,41.57,2.26111,hulkenberg,HUL,27,Nico,Hülkenberg,1987-08-19,German,haas,Haas F1 Team,13,11,11,0.0,66,Finished,5379442.0,10.0,78.60900000000001,213.273
2024,10,Spanish Grand Prix,2024-06-23,catalunya,Circuit de Barcelona-Catalunya,Spain,Barcelona,41.57,2.26111,alonso,ALO,14,Fernando,Alonso,1981-07-29,Spanish,aston_martin,Aston Martin,10,12,12,0.0,65,Lapped,5309724.0,8.0,78.334,214.022
2024,10,Spanish Grand Prix,2024-06-23,catalunya,Circuit de Barcelona-Catalunya,Spain,Barcelona,41.57,2.26111,zhou,ZHO,24,Guanyu,Zhou,1999-05-30,Chinese,sauber,Sauber,15,13,13,0.0,65,Lapped,5315703.0,11.0,78.771,212.834
2024,10,Spanish Grand Prix,2024-06-23,catalunya,Circuit de Barcelona-Catalunya,Spain,Barcelona,41.57,2.26111,stroll,STR,18,Lance,Stroll,1998-10-29,Canadian,aston_martin,Aston Martin,14,14,14,0.0,65,Lapped,5325479.0,15.0,79.318,211.366
2024,10,Spanish Grand Prix,2024-06-23,catalunya,Circuit de Barcelona-Catalunya,Spain,Barcelona,41.57,2.26111,ricciardo,RIC,3,Daniel,Ricciardo,1989-07-01,Australian,rb,RB F1 Team,18,15,15,0.0,65,Lapped,5344277.0,17.0,79.45,211.015
2024,10,Spanish Grand Prix,2024-06-23,catalunya,Circuit de Barcelona-Catalunya,Spain,Barcelona,41.57,2.26111,bottas,BOT,77,Valtteri,Bottas,1989-08-28,Finnish,sauber,Sauber,12,16,16,0.0,65,Lapped,5353540.0,18.0,79.608,210.596
2024,10,Spanish Grand Prix,2024-06-23,catalunya,Circuit de Barcelona-Catalunya,Spain,Barcelona,41.57,2.26111,kevin_magnussen,MAG,20,Kevin,Magnussen,1992-10-05,Danish,haas,Haas F1 Team,16,17,17,0.0,65,Lapped,5355015.0,19.0,79.805,210.077
2024,10,Spanish Grand Prix,2024-06-23,catalunya,Circuit de Barcelona-Catalunya,Spain,Barcelona,41.57,2.26111,albon,ALB,23,Alexander,Albon,1996-03-23,Thai,williams,Williams,20,18,18,0.0,65,Lapped,5358376.0,14.0,79.132,211.863
2024,10,Spanish Grand Prix,2024-06-23,catalunya,Circuit de Barcelona-Catalunya,Spain,Barcelona,41.57,2.26111,tsunoda,TSU,22,Yuki,Tsunoda,2000-05-11,Japanese,rb,RB F1 Team,17,19,19,0.0,65,Lapped,5369131.0,16.0,79.447,211.023
2024,10,Spanish Grand Prix,2024-06-23,catalunya,Circuit de Barcelona-Catalunya,Spain,Barcelona,41.57,2.26111,sargeant,SAR,2,Logan,Sargeant,2000-12-31,American,williams,Williams,19,20,20,0.0,64,Lapped,5305093.0,20.0,80.172,209.115
2024,11,Austrian Grand Prix,2024-06-30,red_bull_ring,Red Bull Ring,Austria,Spielberg,47.2197,14.7647,russell,RUS,63,George,Russell,1998-02-15,British,mercedes,Mercedes,3,1,1,25.0,71,Finished,5062798.0,5.0,69.164,224.752
2024,11,Austrian Grand Prix,2024-06-30,red_bull_ring,Red Bull Ring,Austria,Spielberg,47.2197,14.7647,piastri,PIA,81,Oscar,Piastri,2001-04-06,Australian,mclaren,McLaren,7,2,2,18.0,71,Finished,5064704.0,4.0,68.697,226.28
2024,11,Austrian Grand Prix,2024-06-30,red_bull_ring,Red Bull Ring,Austria,Spielberg,47.2197,14.7647,sainz,SAI,55,Carlos,Sainz,1994-09-01,Spanish,ferrari,Ferrari,4,3,3,15.0,71,Finished,5067331.0,6.0,69.282,224.369
2024,11,Austrian Grand Prix,2024-06-30,red_bull_ring,Red Bull Ring,Austria,Spielberg,47.2197,14.7647,hamilton,HAM,44,Lewis,Hamilton,1985-01-07,British,mercedes,Mercedes,5,4,4,12.0,71,Finished,5085940.0,7.0,69.562,223.466
2024,11,Austrian Grand Prix,2024-06-30,red_bull_ring,Red Bull Ring,Austria,Spielberg,47.2197,14.7647,max_verstappen,VER,1,Max,Verstappen,1997-09-30,Dutch,red_bull,Red Bull,1,5,5,10.0,71,Finished,5100051.0,2.0,67.719,229.548
2024,11,Austrian Grand Prix,2024-06-30,red_bull_ring,Red Bull Ring,Austria,Spielberg,47.2197,14.7647,hulkenberg,HUL,27,Nico,Hülkenberg,1987-08-19,German,haas,Haas F1 Team,9,6,6,8.0,71,Finished,5116886.0,14.0,70.215,221.388
2024,11,Austrian Grand Prix,2024-06-30,red_bull_ring,Red Bull Ring,Austria,Spielberg,47.2197,14.7647,perez,PER,11,Sergio,Pérez,1990-01-26,Mexican,red_bull,Red Bull,8,7,7,6.0,71,Finished,5117470.0,11.0,69.694,223.043
2024,11,Austrian Grand Prix,2024-06-30,red_bull_ring,Red Bull Ring,Austria,Spielberg,47.2197,14.7647,kevin_magnussen,MAG,20,Kevin,Magnussen,1992-10-05,Danish,haas,Haas F1 Team,12,8,8,4.0,71,Finished,5123153.0,12.0,70.125,221.672
2024,11,Austrian Grand Prix,2024-06-30,red_bull_ring,Red Bull Ring,Austria,Spielberg,47.2197,14.7647,ricciardo,RIC,3,Daniel,Ricciardo,1989-07-01,Australian,rb,RB F1 Team,11,9,9,2.0,71,Finished,5123967.0,18.0,70.426,220.725
2024,11,Austrian Grand Prix,2024-06-30,red_bull_ring,Red Bull Ring,Austria,Spielberg,47.2197,14.7647,gasly,GAS,10,Pierre,Gasly,1996-02-07,French,alpine,Alpine F1 Team,13,10,10,1.0,71,Finished,5124564.0,9.0,69.609,223.315
2024,11,Austrian Grand Prix,2024-06-30,red_bull_ring,Red Bull Ring,Austria,Spielberg,47.2197,14.7647,leclerc,LEC,16,Charles,Leclerc,1997-10-16,Monegasque,ferrari,Ferrari,6,11,11,0.0,71,Finished,5129854.0,8.0,69.584,223.396
2024,11,Austrian Grand Prix,2024-06-30,red_bull_ring,Red Bull Ring,Austria,Spielberg,47.2197,14.7647,ocon,OCO,31,Esteban,Ocon,1996-09-17,French,alpine,Alpine F1 Team,10,12,12,0.0,71,Finished,5131123.0,10.0,69.649,223.187
2024,11,Austrian Grand Prix,2024-06-30,red_bull_ring,Red Bull Ring,Austria,Spielberg,47.2197,14.7647,stroll,STR,18,Lance,Stroll,1998-10-29,Canadian,aston_martin,Aston Martin,17,13,13,0.0,70,Lapped,5073032.0,13.0,70.143,221.615
2024,11,Austrian Grand Prix,2024-06-30,red_bull_ring,Red Bull Ring,Austria,Spielberg,47.2197,14.7647,tsunoda,TSU,22,Yuki,Tsunoda,2000-05-11,Japanese,rb,RB F1 Team,14,14,14,0.0,70,Lapped,5075943.0,15.0,70.318,221.064
2024,11,Austrian Grand Prix,2024-06-30,red_bull_ring,Red Bull Ring,Austria,Spielberg,47.2197,14.7647,albon,ALB,23,Alexander,Albon,1996-03-23,Thai,williams,Williams,16,15,15,0.0,70,Lapped,5078664.0,16.0,70.364,220.919
2024,11,Austrian Grand Prix,2024-06-30,red_bull_ring,Red Bull Ring,Austria,Spielberg,47.2197,14.7647,bottas,BOT,77,Valtteri,Bottas,1989-08-28,Finnish,sauber,Sauber,18,16,16,0.0,70,Lapped,5082173.0,19.0,70.449,220.653
2024,11,Austrian Grand Prix,2024-06-30,red_bull_ring,Red Bull Ring,Austria,Spielberg,47.2197,14.7647,zhou,ZHO,24,Guanyu,Zhou,1999-05-30,Chinese,sauber,Sauber,20,17,17,0.0,70,Lapped,5107680.0,20.0,70.47,220.587
2024,11,Austrian Grand Prix,2024-06-30,red_bull_ring,Red Bull Ring,Austria,Spielberg,47.2197,14.7647,alonso,ALO,14,Fernando,Alonso,1981-07-29,Spanish,aston_martin,Aston Martin,15,18,18,0.0,70,Lapped,5110458.0,1.0,67.694,229.633
2024,11,Austrian Grand Prix,2024-06-30,red_bull_ring,Red Bull Ring,Austria,Spielberg,47.2197,14.7647,sargeant,SAR,2,Logan,Sargeant,2000-12-31,American,williams,Williams,19,19,19,0.0,69,Lapped,5069107.0,17.0,70.406,220.788
2024,11,Austrian Grand Prix,2024-06-30,red_bull_ring,Red Bull Ring,Austria,Spielberg,47.2197,14.7647,norris,NOR,4,Lando,Norris,1999-11-13,British,mclaren,McLaren,2,20,20,0.0,64,Lapped,4596054.0,3.0,68.016,228.546
2024,12,British Grand Prix,2024-07-07,silverstone,Silverstone Circuit,UK,Silverstone,52.0786,-1.01694,hamilton,HAM,44,Lewis,Hamilton,1985-01-07,British,mercedes,Mercedes,2,1,1,25.0,52,Finished,4947059.0,5.0,89.438,237.12
2024,12,British Grand Prix,2024-07-07,silverstone,Silverstone Circuit,UK,Silverstone,52.0786,-1.01694,max_verstappen,VER,1,Max,Verstappen,1997-09-30,Dutch,red_bull,Red Bull,4,2,2,18.0,52,Finished,4948524.0,3.0,88.952,238.416
2024,12,British Grand Prix,2024-07-07,silverstone,Silverstone Circuit,UK,Silverstone,52.0786,-1.01694,norris,NOR,4,Lando,Norris,1999-11-13,British,mclaren,McLaren,3,3,3,15.0,52,Finished,4954606.0,4.0,89.262,237.588
2024,12,British Grand Prix,2024-07-07,silverstone,Silverstone Circuit,UK,Silverstone,52.0786,-1.01694,piastri,PIA,81,Oscar,Piastri,2001-04-06,Australian,mclaren,McLaren,5,4,4,12.0,52,Finished,4959488.0,2.0,88.748,238.964
2024,12,British Grand Prix,2024-07-07,silverstone,Silverstone Circuit,UK,Silverstone,52.0786,-1.01694,sainz,SAI,55,Carlos,Sainz,1994-09-01,Spanish,ferrari,Ferrari,7,5,5,11.0,52,Finished,4994377.0,1.0,88.293,240.195
2024,12,British Grand Prix,2024-07-07,silverstone,Silverstone Circuit,UK,Silverstone,52.0786,-1.01694,hulkenberg,HUL,27,Nico,Hülkenberg,1987-08-19,German,haas,Haas F1 Team,6,6,6,8.0,52,Finished,5002781.0,10.0,89.836,236.07
2024,12,British Grand Prix,2024-07-07,silverstone,Silverstone Circuit,UK,Silverstone,52.0786,-1.01694,stroll,STR,18,Lance,Stroll,1998-10-29,Canadian,aston_martin,Aston Martin,8,7,7,6.0,52,Finished,5003628.0,11.0,89.89699999999999,235.909
2024,12,British Grand Prix,2024-07-07,silverstone,Silverstone Circuit,UK,Silverstone,52.0786,-1.01694,alonso,ALO,14,Fernando,Alonso,1981-07-29,Spanish,aston_martin,Aston Martin,10,8,8,4.0,52,Finished,5010636.0,7.0,89.71000000000001,236.401
2024,12,British Grand Prix,2024-07-07,silverstone,Silverstone Circuit,UK,Silverstone,52.0786,-1.01694,albon,ALB,23,Alexander,Albon,1996-03-23,Thai,williams,Williams,9,9,9,2.0,52,Finished,5015446.0,8.0,89.718,236.38
2024,12,British Grand Prix,2024-07-07,silverstone,Silverstone Circuit,UK,Silverstone,52.0786,-1.01694,tsunoda,TSU,22,Yuki,Tsunoda,2000-05-11,Japanese,rb,RB F1 Team,13,10,10,1.0,52,Finished,5026362.0,14.0,90.229,235.041
2024,12,British Grand Prix,2024-07-07,silverstone,Silverstone Circuit,UK,Silverstone,52.0786,-1.01694,sargeant,SAR,2,Logan,Sargeant,2000-12-31,American,williams,Williams,12,11,11,0.0,52,Finished,5036019.0,12.0,89.97200000000001,235.713
2024,12,British Grand Prix,2024-07-07,silverstone,Silverstone Circuit,UK,Silverstone,52.0786,-1.01694,kevin_magnussen,MAG,20,Kevin,Magnussen,1992-10-05,Danish,haas,Haas F1 Team,17,12,12,0.0,52,Finished,5037212.0,13.0,90.093,235.396
2024,12,British Grand Prix,2024-07-07,silverstone,Silverstone Circuit,UK,Silverstone,52.0786,-1.01694,ricciardo,RIC,3,Daniel,Ricciardo,1989-07-01,Australian,rb,RB F1 Team,15,13,13,0.0,51,Lapped,4956996.0,15.0,90.735,233.731
2024,12,British Grand Prix,2024-07-07,silverstone,Silverstone Circuit,UK,Silverstone,52.0786,-1.01694,leclerc,LEC,16,Charles,Leclerc,1997-10-16,Monegasque,ferrari,Ferrari,11,14,14,0.0,51,Lapped,4987532.0,9.0,89.748,236.301
2024,12,British Grand Prix,2024-07-07,silverstone,Silverstone Circuit,UK,Silverstone,52.0786,-1.01694,bottas,BOT,77,Valtteri,Bottas,1989-08-28,Finnish,sauber,Sauber,16,15,15,0.0,51,Lapped,4988880.0,18.0,91.277,232.343
2024,12,British Grand Prix,2024-07-07,silverstone,Silverstone Circuit,UK,Silverstone,52.0786,-1.01694,ocon,OCO,31,Esteban,Ocon,1996-09-17,French,alpine,Alpine F1 Team,18,16,16,0.0,50,Lapped,4957741.0,16.0,90.875,233.371
2024,12,British Grand Prix,2024-07-07,silverstone,Silverstone Circuit,UK,Silverstone,52.0786,-1.01694,perez,PER,11,Sergio,Pérez,1990-01-26,Mexican,red_bull,Red Bull,20,17,17,0.0,50,Lapped,4965064.0,6.0,89.707,236.409
2024,12,British Grand Prix,2024-07-07,silverstone,Silverstone Circuit,UK,Silverstone,52.0786,-1.01694,zhou,ZHO,24,Guanyu,Zhou,1999-05-30,Chinese,sauber,Sauber,14,18,18,0.0,50,Lapped,5001535.0,17.0,91.014,233.014
2024,12,British Grand Prix,2024-07-07,silverstone,Silverstone Circuit,UK,Silverstone,52.0786,-1.01694,russell,RUS,63,George,Russell,1998-02-15,British,mercedes,Mercedes,1,19,R,0.0,33,Retired,,19.0,91.298,232.289
2024,12,British Grand Prix,2024-07-07,silverstone,Silverstone Circuit,UK,Silverstone,52.0786,-1.01694,gasly,GAS,10,Pierre,Gasly,1996-02-07,French,alpine,Alpine F1 Team,19,20,W,0.0,0,Did not start,,,,
2024,13,Hungarian Grand Prix,2024-07-21,hungaroring,Hungaroring,Hungary,Budapest,47.5789,19.2486,piastri,PIA,81,Oscar,Piastri,2001-04-06,Australian,mclaren,McLaren,2,1,1,25.0,70,Finished,5881989.0,8.0,81.71600000000001,193.005
2024,13,Hungarian Grand Prix,2024-07-21,hungaroring,Hungaroring,Hungary,Budapest,47.5789,19.2486,norris,NOR,4,Lando,Norris,1999-11-13,British,mclaren,McLaren,1,2,2,18.0,70,Finished,5884130.0,7.0,81.712,193.014
2024,13,Hungarian Grand Prix,2024-07-21,hungaroring,Hungaroring,Hungary,Budapest,47.5789,19.2486,hamilton,HAM,44,Lewis,Hamilton,1985-01-07,British,mercedes,Mercedes,5,3,3,15.0,70,Finished,5896869.0,9.0,82.15299999999999,191.978
2024,13,Hungarian Grand Prix,2024-07-21,hungaroring,Hungaroring,Hungary,Budapest,47.5789,19.2486,leclerc,LEC,16,Charles,Leclerc,1997-10-16,Monegasque,ferrari,Ferrari,6,4,4,12.0,70,Finished,5901675.0,10.0,82.182,191.91
2024,13,Hungarian Grand Prix,2024-07-21,hungaroring,Hungaroring,Hungary,Budapest,47.5789,19.2486,max_verstappen,VER,1,Max,Verstappen,1997-09-30,Dutch,red_bull,Red Bull,3,5,5,10.0,70,Finished,5903338.0,3.0,80.908,194.932
2024,13,Hungarian Grand Prix,2024-07-21,hungaroring,Hungaroring,Hungary,Budapest,47.5789,19.2486,sainz,SAI,55,Carlos,Sainz,1994-09-01,Spanish,ferrari,Ferrari,4,6,6,8.0,70,Finished,5905062.0,5.0,81.441,193.656
2024,13,Hungarian Grand Prix,2024-07-21,hungaroring,Hungaroring,Hungary,Budapest,47.5789,19.2486,perez,PER,11,Sergio,Pérez,1990-01-26,Mexican,red_bull,Red Bull,16,7,7,6.0,70,Finished,5921781.0,4.0,81.096,194.48
2024,13,Hungarian Grand Prix,2024-07-21,hungaroring,Hungaroring,Hungary,Budapest,47.5789,19.2486,russell,RUS,63,George,Russell,1998-02-15,British,mercedes,Mercedes,17,8,8,5.0,70,Finished,5924357.0,1.0,80.305,196.396
2024,13,Hungarian Grand Prix,2024-07-21,hungaroring,Hungaroring,Hungary,Budapest,47.5789,19.2486,tsunoda,TSU,22,Yuki,Tsunoda,2000-05-11,Japanese,rb,RB F1 Team,10,9,9,2.0,70,Finished,5959248.0,18.0,83.533,188.806
2024,13,Hungarian Grand Prix,2024-07-21,hungaroring,Hungaroring,Hungary,Budapest,47.5789,19.2486,stroll,STR,18,Lance,Stroll,1998-10-29,Canadian,aston_martin,Aston Martin,8,10,10,1.0,70,Finished,5959965.0,11.0,82.338,191.547
2024,13,Hungarian Grand Prix,2024-07-21,hungaroring,Hungaroring,Hungary,Budapest,47.5789,19.2486,alonso,ALO,14,Fernando,Alonso,1981-07-29,Spanish,aston_martin,Aston Martin,7,11,11,0.0,70,Finished,5964449.0,14.0,83.063,189.875
2024,13,Hungarian Grand Prix,2024-07-21,hungaroring,Hungaroring,Hungary,Budapest,47.5789,19.2486,ricciardo,RIC,3,Daniel,Ricciardo,1989-07-01,Australian,rb,RB F1 Team,9,12,12,0.0,69,Lapped,5899913.0,12.0,82.64,190.847
2024,13,Hungarian Grand Prix,2024-07-21,hungaroring,Hungaroring,Hungary,Budapest,47.5789,19.2486,hulkenberg,HUL,27,Nico,Hülkenberg,1987-08-19,German,haas,Haas F1 Team,11,13,13,0.0,69,Lapped,5915173.0,16.0,83.461,188.969
2024,13,Hungarian Grand Prix,2024-07-21,hungaroring,Hungaroring,Hungary,Budapest,47.5789,19.2486,albon,ALB,23,Alexander,Albon,1996-03-23,Thai,williams,Williams,13,14,14,0.0,69,Lapped,5918758.0,20.0,83.93,187.913
2024,13,Hungarian Grand Prix,2024-07-21,hungaroring,Hungaroring,Hungary,Budapest,47.5789,19.2486,kevin_magnussen,MAG,20,Kevin,Magnussen,1992-10-05,Danish,haas,Haas F1 Team,15,15,15,0.0,69,Lapped,5927291.0,19.0,83.553,188.761
2024,13,Hungarian Grand Prix,2024-07-21,hungaroring,Hungaroring,Hungary,Budapest,47.5789,19.2486,bottas,BOT,77,Valtteri,Bottas,1989-08-28,Finnish,sauber,Sauber,12,16,16,0.0,69,Lapped,5927398.0,13.0,82.792,190.496
2024,13,Hungarian Grand Prix,2024-07-21,hungaroring,Hungaroring,Hungary,Budapest,47.5789,19.2486,sargeant,SAR,2,Logan,Sargeant,2000-12-31,American,williams,Williams,14,17,17,0.0,69,Lapped,5934580.0,2.0,80.561,195.772
2024,13,Hungarian Grand Prix,2024-07-21,hungaroring,Hungaroring,Hungary,Budapest,47.5789,19.2486,ocon,OCO,31,Esteban,Ocon,1996-09-17,French,alpine,Alpine F1 Team,19,18,18,0.0,69,Lapped,5942918.0,6.0,81.61,193.255
2024,13,Hungarian Grand Prix,2024-07-21,hungaroring,Hungaroring,Hungary,Budapest,47.5789,19.2486,zhou,ZHO,24,Guanyu,Zhou,1999-05-30,Chinese,sauber,Sauber,18,19,19,0.0,69,Lapped,5945587.0,17.0,83.487,188.91
2024,13,Hungarian Grand Prix,2024-07-21,hungaroring,Hungaroring,Hungary,Budapest,47.5789,19.2486,gasly,GAS,10,Pierre,Gasly,1996-02-07,French,alpine,Alpine F1 Team,20,20,R,0.0,33,Retired,,15.0,83.34,189.244
2024,14,Belgian Grand Prix,2024-07-28,spa,Circuit de Spa-Francorchamps,Belgium,Spa,50.4372,5.97139,hamilton,HAM,44,Lewis,Hamilton,1985-01-07,British,mercedes,Mercedes,3,1,1,25.0,44,Finished,4797566.0,6.0,106.65299999999999,236.415
2024,14,Belgian Grand Prix,2024-07-28,spa,Circuit de Spa-Francorchamps,Belgium,Spa,50.4372,5.97139,piastri,PIA,81,Oscar,Piastri,2001-04-06,Australian,mclaren,McLaren,5,2,2,18.0,44,Finished,4798213.0,3.0,105.84,238.231
2024,14,Belgian Grand Prix,2024-07-28,spa,Circuit de Spa-Francorchamps,Belgium,Spa,50.4372,5.97139,leclerc,LEC,16,Charles,Leclerc,1997-10-16,Monegasque,ferrari,Ferrari,1,3,3,15.0,44,Finished,4805589.0,8.0,107.013,235.619
2024,14,Belgian Grand Prix,2024-07-28,spa,Circuit de Spa-Francorchamps,Belgium,Spa,50.4372,5.97139,max_verstappen,VER,1,Max,Verstappen,1997-09-30,Dutch,red_bull,Red Bull,11,4,4,12.0,44,Finished,4806266.0,4.0,106.128,237.584
2024,14,Belgian Grand Prix,2024-07-28,spa,Circuit de Spa-Francorchamps,Belgium,Spa,50.4372,5.97139,norris,NOR,4,Lando,Norris,1999-11-13,British,mclaren,McLaren,4,5,5,10.0,44,Finished,4806890.0,2.0,105.563,238.856
2024,14,Belgian Grand Prix,2024-07-28,spa,Circuit de Spa-Francorchamps,Belgium,Spa,50.4372,5.97139,sainz,SAI,55,Carlos,Sainz,1994-09-01,Spanish,ferrari,Ferrari,7,6,6,8.0,44,Finished,4816835.0,5.0,106.364,237.057
2024,14,Belgian Grand Prix,2024-07-28,spa,Circuit de Spa-Francorchamps,Belgium,Spa,50.4372,5.97139,perez,PER,11,Sergio,Pérez,1990-01-26,Mexican,red_bull,Red Bull,2,7,7,7.0,44,Finished,4840235.0,1.0,104.701,240.822
2024,14,Belgian Grand Prix,2024-07-28,spa,Circuit de Spa-Francorchamps,Belgium,Spa,50.4372,5.97139,alonso,ALO,14,Fernando,Alonso,1981-07-29,Spanish,aston_martin,Aston Martin,8,8,8,4.0,44,Finished,4847003.0,17.0,108.051,233.356
2024,14,Belgian Grand Prix,2024-07-28,spa,Circuit de Spa-Francorchamps,Belgium,Spa,50.4372,5.97139,ocon,OCO,31,Esteban,Ocon,1996-09-17,French,alpine,Alpine F1 Team,9,9,9,2.0,44,Finished,4849592.0,7.0,106.957,235.743
2024,14,Belgian Grand Prix,2024-07-28,spa,Circuit de Spa-Francorchamps,Belgium,Spa,50.4372,5.97139,ricciardo,RIC,3,Daniel,Ricciardo,1989-07-01,Australian,rb,RB F1 Team,13,10,10,1.0,44,Finished,4851966.0,12.0,107.435,234.694
2024,14,Belgian Grand Prix,2024-07-28,spa,Circuit de Spa-Francorchamps,Belgium,Spa,50.4372,5.97139,stroll,STR,18,Lance,Stroll,1998-10-29,Canadian,aston_martin,Aston Martin,15,11,11,0.0,44,Finished,4860051.0,18.0,108.10499999999999,233.239
2024,14,Belgian Grand Prix,2024-07-28,spa,Circuit de Spa-Francorchamps,Belgium,Spa,50.4372,5.97139,albon,ALB,23,Alexander,Albon,1996-03-23,Thai,williams,Williams,10,12,12,0.0,44,Finished,4860691.0,16.0,107.99600000000001,233.475
2024,14,Belgian Grand Prix,2024-07-28,spa,Circuit de Spa-Francorchamps,Belgium,Spa,50.4372,5.97139,gasly,GAS,10,Pierre,Gasly,1996-02-07,French,alpine,Alpine F1 Team,12,13,13,0.0,44,Finished,4861405.0,11.0,107.418,234.731
2024,14,Belgian Grand Prix,2024-07-28,spa,Circuit de Spa-Francorchamps,Belgium,Spa,50.4372,5.97139,kevin_magnussen,MAG,20,Kevin,Magnussen,1992-10-05,Danish,haas,Haas F1 Team,17,14,14,0.0,44,Finished,4863671.0,14.0,107.848,233.795
2024,14,Belgian Grand Prix,2024-07-28,spa,Circuit de Spa-Francorchamps,Belgium,Spa,50.4372,5.97139,bottas,BOT,77,Valtteri,Bottas,1989-08-28,Finnish,sauber,Sauber,14,15,15,0.0,44,Finished,4867678.0,9.0,107.019,235.606
2024,14,Belgian Grand Prix,2024-07-28,spa,Circuit de Spa-Francorchamps,Belgium,Spa,50.4372,5.97139,tsunoda,TSU,22,Yuki,Tsunoda,2000-05-11,Japanese,rb,RB F1 Team,20,16,16,0.0,44,Finished,4873777.0,15.0,107.969,233.533
2024,14,Belgian Grand Prix,2024-07-28,spa,Circuit de Spa-Francorchamps,Belgium,Spa,50.4372,5.97139,sargeant,SAR,2,Logan,Sargeant,2000-12-31,American,williams,Williams,18,17,17,0.0,44,Finished,4883097.0,13.0,107.49000000000001,234.574
2024,14,Belgian Grand Prix,2024-07-28,spa,Circuit de Spa-Francorchamps,Belgium,Spa,50.4372,5.97139,hulkenberg,HUL,27,Nico,Hülkenberg,1987-08-19,German,haas,Haas F1 Team,16,18,18,0.0,44,Finished,4885873.0,19.0,108.95400000000001,231.422
2024,14,Belgian Grand Prix,2024-07-28,spa,Circuit de Spa-Francorchamps,Belgium,Spa,50.4372,5.97139,zhou,ZHO,24,Guanyu,Zhou,1999-05-30,Chinese,sauber,Sauber,19,19,R,0.0,5,Retired,,20.0,112.09899999999999,224.929
2024,14,Belgian Grand Prix,2024-07-28,spa,Circuit de Spa-Francorchamps,Belgium,Spa,50.4372,5.97139,russell,RUS,63,George,Russell,1998-02-15,British,mercedes,Mercedes,6,20,20,0.0,44,Disqualified,4797040.0,10.0,107.113,235.399
2024,15,Dutch Grand Prix,2024-08-25,zandvoort,Circuit Park Zandvoort,Netherlands,Zandvoort,52.3888,4.54092,norris,NOR,4,Lando,Norris,1999-11-13,British,mclaren,McLaren,1,1,1,26.0,72,Finished,5445519.0,1.0,73.81700000000001,207.708
2024,15,Dutch Grand Prix,2024-08-25,zandvoort,Circuit Park Zandvoort,Netherlands,Zandvoort,52.3888,4.54092,max_verstappen,VER,1,Max,Verstappen,1997-09-30,Dutch,red_bull,Red Bull,2,2,2,18.0,72,Finished,5468415.0,9.0,74.752,205.11
2024,15,Dutch Grand Prix,2024-08-25,zandvoort,Circuit Park Zandvoort,Netherlands,Zandvoort,52.3888,4.54092,leclerc,LEC,16,Charles,Leclerc,1997-10-16,Monegasque,ferrari,Ferrari,6,3,3,15.0,72,Finished,5470958.0,7.0,74.58500000000001,205.569
2024,15,Dutch Grand Prix,2024-08-25,zandvoort,Circuit Park Zandvoort,Netherlands,Zandvoort,52.3888,4.54092,piastri,PIA,81,Oscar,Piastri,2001-04-06,Australian,mclaren,McLaren,3,4,4,12.0,72,Finished,5472856.0,5.0,74.237,206.533
2024,15,Dutch Grand Prix,2024-08-25,zandvoort,Circuit Park Zandvoort,Netherlands,Zandvoort,52.3888,4.54092,sainz,SAI,55,Carlos,Sainz,1994-09-01,Spanish,ferrari,Ferrari,10,5,5,10.0,72,Finished,5477656.0,4.0,74.117,206.867
2024,15,Dutch Grand Prix,2024-08-25,zandvoort,Circuit Park Zandvoort,Netherlands,Zandvoort,52.3888,4.54092,perez,PER,11,Sergio,Pérez,1990-01-26,Mexican,red_bull,Red Bull,5,6,6,8.0,72,Finished,5485061.0,8.0,74.587,205.563
2024,15,Dutch Grand Prix,2024-08-25,zandvoort,Circuit Park Zandvoort,Netherlands,Zandvoort,52.3888,4.54092,russell,RUS,63,George,Russell,1998-02-15,British,mercedes,Mercedes,4,7,7,6.0,72,Finished,5490136.0,3.0,73.92699999999999,207.399
2024,15,Dutch Grand Prix,2024-08-25,zandvoort,Circuit Park Zandvoort,Netherlands,Zandvoort,52.3888,4.54092,hamilton,HAM,44,Lewis,Hamilton,1985-01-07,British,mercedes,Mercedes,14,8,8,4.0,72,Finished,5495118.0,2.0,73.878,207.536
2024,15,Dutch Grand Prix,2024-08-25,zandvoort,Circuit Park Zandvoort,Netherlands,Zandvoort,52.3888,4.54092,gasly,GAS,10,Pierre,Gasly,1996-02-07,French,alpine,Alpine F1 Team,9,9,9,2.0,71,Lapped,5454123.0,11.0,74.855,204.828
2024,15,Dutch Grand Prix,2024-08-25,zandvoort,Circuit Park Zandvoort,Netherlands,Zandvoort,52.3888,4.54092,alonso,ALO,14,Fernando,Alonso,1981-07-29,Spanish,aston_martin,Aston Martin,7,10,10,1.0,71,Lapped,5459052.0,10.0,74.758,205.093
2024,15,Dutch Grand Prix,2024-08-25,zandvoort,Circuit Park Zandvoort,Netherlands,Zandvoort,52.3888,4.54092,hulkenberg,HUL,27,Nico,Hülkenberg,1987-08-19,German,haas,Haas F1 Team,12,11,11,0.0,71,Lapped,5464733.0,18.0,75.657,202.656
2024,15,Dutch Grand Prix,2024-08-25,zandvoort,Circuit Park Zandvoort,Netherlands,Zandvoort,52.3888,4.54092,ricciardo,RIC,3,Daniel,Ricciardo,1989-07-01,Australian,rb,RB F1 Team,13,12,12,0.0,71,Lapped,5466586.0,13.0,75.222,203.828
2024,15,Dutch Grand Prix,2024-08-25,zandvoort,Circuit Park Zandvoort,Netherlands,Zandvoort,52.3888,4.54092,stroll,STR,18,Lance,Stroll,1998-10-29,Canadian,aston_martin,Aston Martin,8,13,13,0.0,71,Lapped,5471231.0,14.0,75.255,203.739
2024,15,Dutch Grand Prix,2024-08-25,zandvoort,Circuit Park Zandvoort,Netherlands,Zandvoort,52.3888,4.54092,albon,ALB,23,Alexander,Albon,1996-03-23,Thai,williams,Williams,19,14,14,0.0,71,Lapped,5486230.0,6.0,74.434,205.986
2024,15,Dutch Grand Prix,2024-08-25,zandvoort,Circuit Park Zandvoort,Netherlands,Zandvoort,52.3888,4.54092,ocon,OCO,31,Esteban,Ocon,1996-09-17,French,alpine,Alpine F1 Team,15,15,15,0.0,71,Lapped,5492397.0,15.0,75.39,203.374
2024,15,Dutch Grand Prix,2024-08-25,zandvoort,Circuit Park Zandvoort,Netherlands,Zandvoort,52.3888,4.54092,sargeant,SAR,2,Logan,Sargeant,2000-12-31,American,williams,Williams,18,16,16,0.0,71,Lapped,5510058.0,16.0,75.539,202.973
2024,15,Dutch Grand Prix,2024-08-25,zandvoort,Circuit Park Zandvoort,Netherlands,Zandvoort,52.3888,4.54092,tsunoda,TSU,22,Yuki,Tsunoda,2000-05-11,Japanese,rb,RB F1 Team,11,17,17,0.0,71,Lapped,5510665.0,17.0,75.55199999999999,202.938
2024,15,Dutch Grand Prix,2024-08-25,zandvoort,Circuit Park Zandvoort,Netherlands,Zandvoort,52.3888,4.54092,kevin_magnussen,MAG,20,Kevin,Magnussen,1992-10-05,Danish,haas,Haas F1 Team,20,18,18,0.0,71,Lapped,5511226.0,12.0,74.95400000000001,204.557
2024,15,Dutch Grand Prix,2024-08-25,zandvoort,Circuit Park Zandvoort,Netherlands,Zandvoort,52.3888,4.54092,bottas,BOT,77,Valtteri,Bottas,1989-08-28,Finnish,sauber,Sauber,16,19,19,0.0,70,Lapped,5448767.0,20.0,75.822,202.215
2024,15,Dutch Grand Prix,2024-08-25,zandvoort,Circuit Park Zandvoort,Netherlands,Zandvoort,52.3888,4.54092,zhou,ZHO,24,Guanyu,Zhou,1999-05-30,Chinese,sauber,Sauber,17,20,20,0.0,70,Lapped,5481538.0,19.0,75.724,202.477
2024,16,Italian Grand Prix,2024-09-01,monza,Autodromo Nazionale di Monza,Italy,Monza,45.6156,9.28111,leclerc,LEC,16,Charles,Leclerc,1997-10-16,Monegasque,ferrari,Ferrari,4,1,1,25.0,53,Finished,4480727.0,10.0,83.226,250.58
2024,16,Italian Grand Prix,2024-09-01,monza,Autodromo Nazionale di Monza,Italy,Monza,45.6156,9.28111,piastri,PIA,81,Oscar,Piastri,2001-04-06,Australian,mclaren,McLaren,2,2,2,18.0,53,Finished,4483391.0,4.0,81.943,254.503
2024,16,Italian Grand Prix,2024-09-01,monza,Autodromo Nazionale di Monza,Italy,Monza,45.6156,9.28111,norris,NOR,4,Lando,Norris,1999-11-13,British,mclaren,McLaren,1,3,3,16.0,53,Finished,4486880.0,1.0,81.432,256.1
2024,16,Italian Grand Prix,2024-09-01,monza,Autodromo Nazionale di Monza,Italy,Monza,45.6156,9.28111,sainz,SAI,55,Carlos,Sainz,1994-09-01,Spanish,ferrari,Ferrari,5,4,4,12.0,53,Finished,4496348.0,9.0,83.219,250.601
2024,16,Italian Grand Prix,2024-09-01,monza,Autodromo Nazionale di Monza,Italy,Monza,45.6156,9.28111,hamilton,HAM,44,Lewis,Hamilton,1985-01-07,British,mercedes,Mercedes,6,5,5,10.0,53,Finished,4503547.0,2.0,81.512,255.849
2024,16,Italian Grand Prix,2024-09-01,monza,Autodromo Nazionale di Monza,Italy,Monza,45.6156,9.28111,max_verstappen,VER,1,Max,Verstappen,1997-09-30,Dutch,red_bull,Red Bull,7,6,6,8.0,53,Finished,4518659.0,3.0,81.745,255.12
2024,16,Italian Grand Prix,2024-09-01,monza,Autodromo Nazionale di Monza,Italy,Monza,45.6156,9.28111,russell,RUS,63,George,Russell,1998-02-15,British,mercedes,Mercedes,3,7,7,6.0,53,Finished,4520442.0,5.0,82.036,254.215
2024,16,Italian Grand Prix,2024-09-01,monza,Autodromo Nazionale di Monza,Italy,Monza,45.6156,9.28111,perez,PER,11,Sergio,Pérez,1990-01-26,Mexican,red_bull,Red Bull,8,8,8,4.0,53,Finished,4534875.0,8.0,82.971,251.35
2024,16,Italian Grand Prix,2024-09-01,monza,Autodromo Nazionale di Monza,Italy,Monza,45.6156,9.28111,albon,ALB,23,Alexander,Albon,1996-03-23,Thai,williams,Williams,9,9,9,2.0,53,Finished,4548183.0,16.0,83.918,248.514
2024,16,Italian Grand Prix,2024-09-01,monza,Autodromo Nazionale di Monza,Italy,Monza,45.6156,9.28111,kevin_magnussen,MAG,20,Kevin,Magnussen,1992-10-05,Danish,haas,Haas F1 Team,13,10,10,1.0,53,Finished,4549029.0,12.0,83.437,249.946
2024,16,Italian Grand Prix,2024-09-01,monza,Autodromo Nazionale di Monza,Italy,Monza,45.6156,9.28111,alonso,ALO,14,Fernando,Alonso,1981-07-29,Spanish,aston_martin,Aston Martin,11,11,11,0.0,53,Finished,4549222.0,7.0,82.944,251.432
2024,16,Italian Grand Prix,2024-09-01,monza,Autodromo Nazionale di Monza,Italy,Monza,45.6156,9.28111,colapinto,COL,43,Franco,Colapinto,2003-05-27,Argentine,williams,Williams,18,12,12,0.0,53,Finished,4562035.0,14.0,83.72800000000001,249.077
2024,16,Italian Grand Prix,2024-09-01,monza,Autodromo Nazionale di Monza,Italy,Monza,45.6156,9.28111,ricciardo,RIC,3,Daniel,Ricciardo,1989-07-01,Australian,rb,RB F1 Team,12,13,13,0.0,53,Finished,4574179.0,17.0,84.219,247.625
2024,16,Italian Grand Prix,2024-09-01,monza,Autodromo Nazionale di Monza,Italy,Monza,45.6156,9.28111,ocon,OCO,31,Esteban,Ocon,1996-09-17,French,alpine,Alpine F1 Team,15,14,14,0.0,52,Lapped,4493386.0,18.0,84.343,247.261
2024,16,Italian Grand Prix,2024-09-01,monza,Autodromo Nazionale di Monza,Italy,Monza,45.6156,9.28111,gasly,GAS,10,Pierre,Gasly,1996-02-07,French,alpine,Alpine F1 Team,14,15,15,0.0,52,Lapped,4499071.0,15.0,83.755,248.997
2024,16,Italian Grand Prix,2024-09-01,monza,Autodromo Nazionale di Monza,Italy,Monza,45.6156,9.28111,bottas,BOT,77,Valtteri,Bottas,1989-08-28,Finnish,sauber,Sauber,19,16,16,0.0,52,Lapped,4507938.0,13.0,83.60900000000001,249.432
2024,16,Italian Grand Prix,2024-09-01,monza,Autodromo Nazionale di Monza,Italy,Monza,45.6156,9.28111,hulkenberg,HUL,27,Nico,Hülkenberg,1987-08-19,German,haas,Haas F1 Team,10,17,17,0.0,52,Lapped,4511597.0,11.0,83.275,250.432
2024,16,Italian Grand Prix,2024-09-01,monza,Autodromo Nazionale di Monza,Italy,Monza,45.6156,9.28111,zhou,ZHO,24,Guanyu,Zhou,1999-05-30,Chinese,sauber,Sauber,20,18,18,0.0,52,Lapped,4520782.0,19.0,85.092,245.085
2024,16,Italian Grand Prix,2024-09-01,monza,Autodromo Nazionale di Monza,Italy,Monza,45.6156,9.28111,stroll,STR,18,Lance,Stroll,1998-10-29,Canadian,aston_martin,Aston Martin,17,19,19,0.0,52,Lapped,4524235.0,6.0,82.232,253.609
2024,16,Italian Grand Prix,2024-09-01,monza,Autodromo Nazionale di Monza,Italy,Monza,45.6156,9.28111,tsunoda,TSU,22,Yuki,Tsunoda,2000-05-11,Japanese,rb,RB F1 Team,16,20,R,0.0,7,Retired,,20.0,86.19800000000001,241.94
2024,17,Azerbaijan Grand Prix,2024-09-15,baku,Baku City Circuit,Azerbaijan,Baku,40.3725,49.8533,piastri,PIA,81,Oscar,Piastri,2001-04-06,Australian,mclaren,McLaren,2,1,1,25.0,51,Finished,5578007.0,9.0,107.06,201.856
2024,17,Azerbaijan Grand Prix,2024-09-15,baku,Baku City Circuit,Azerbaijan,Baku,40.3725,49.8533,leclerc,LEC,16,Charles,Leclerc,1997-10-16,Monegasque,ferrari,Ferrari,1,2,2,18.0,51,Finished,5588917.0,10.0,107.06700000000001,201.843
2024,17,Azerbaijan Grand Prix,2024-09-15,baku,Baku City Circuit,Azerbaijan,Baku,40.3725,49.8533,russell,RUS,63,George,Russell,1998-02-15,British,mercedes,Mercedes,5,3,3,15.0,51,Finished,5609335.0,2.0,106.628,202.674
2024,17,Azerbaijan Grand Prix,2024-09-15,baku,Baku City Circuit,Azerbaijan,Baku,40.3725,49.8533,norris,NOR,4,Lando,Norris,1999-11-13,British,mclaren,McLaren,15,4,4,13.0,51,Finished,5614150.0,1.0,105.255,205.318
2024,17,Azerbaijan Grand Prix,2024-09-15,baku,Baku City Circuit,Azerbaijan,Baku,40.3725,49.8533,max_verstappen,VER,1,Max,Verstappen,1997-09-30,Dutch,red_bull,Red Bull,6,5,5,10.0,51,Finished,5655105.0,3.0,106.798,202.352
2024,17,Azerbaijan Grand Prix,2024-09-15,baku,Baku City Circuit,Azerbaijan,Baku,40.3725,49.8533,alonso,ALO,14,Fernando,Alonso,1981-07-29,Spanish,aston_martin,Aston Martin,7,6,6,8.0,51,Finished,5663475.0,8.0,107.057,201.862
2024,17,Azerbaijan Grand Prix,2024-09-15,baku,Baku City Circuit,Azerbaijan,Baku,40.3725,49.8533,albon,ALB,23,Alexander,Albon,1996-03-23,Thai,williams,Williams,9,7,7,6.0,51,Finished,5665403.0,5.0,106.947,202.07
2024,17,Azerbaijan Grand Prix,2024-09-15,baku,Baku City Circuit,Azerbaijan,Baku,40.3725,49.8533,colapinto,COL,43,Franco,Colapinto,2003-05-27,Argentine,williams,Williams,8,8,8,4.0,51,Finished,5667548.0,12.0,107.274,201.454
2024,17,Azerbaijan Grand Prix,2024-09-15,baku,Baku City Circuit,Azerbaijan,Baku,40.3725,49.8533,hamilton,HAM,44,Lewis,Hamilton,1985-01-07,British,mercedes,Mercedes,19,9,9,2.0,51,Finished,5670408.0,11.0,107.23599999999999,201.525
2024,17,Azerbaijan Grand Prix,2024-09-15,baku,Baku City Circuit,Azerbaijan,Baku,40.3725,49.8533,bearman,BEA,50,Oliver,Bearman,2005-05-08,British,haas,Haas F1 Team,10,10,10,1.0,51,Finished,5671134.0,7.0,107.048,201.879
2024,17,Azerbaijan Grand Prix,2024-09-15,baku,Baku City Circuit,Azerbaijan,Baku,40.3725,49.8533,hulkenberg,HUL,27,Nico,Hülkenberg,1987-08-19,German,haas,Haas F1 Team,12,11,11,0.0,51,Finished,5671472.0,14.0,107.691,200.674
2024,17,Azerbaijan Grand Prix,2024-09-15,baku,Baku City Circuit,Azerbaijan,Baku,40.3725,49.8533,gasly,GAS,10,Pierre,Gasly,1996-02-07,French,alpine,Alpine F1 Team,18,12,12,0.0,51,Finished,5695196.0,15.0,108.018,200.066
2024,17,Azerbaijan Grand Prix,2024-09-15,baku,Baku City Circuit,Azerbaijan,Baku,40.3725,49.8533,ricciardo,RIC,3,Daniel,Ricciardo,1989-07-01,Australian,rb,RB F1 Team,14,13,13,0.0,51,Finished,5724914.0,17.0,108.38,199.398
2024,17,Azerbaijan Grand Prix,2024-09-15,baku,Baku City Circuit,Azerbaijan,Baku,40.3725,49.8533,zhou,ZHO,24,Guanyu,Zhou,1999-05-30,Chinese,sauber,Sauber,17,14,14,0.0,51,Finished,5726848.0,13.0,107.644,200.761
2024,17,Azerbaijan Grand Prix,2024-09-15,baku,Baku City Circuit,Azerbaijan,Baku,40.3725,49.8533,ocon,OCO,31,Esteban,Ocon,1996-09-17,French,alpine,Alpine F1 Team,20,15,15,0.0,50,Lapped,5599351.0,19.0,108.831,198.572
2024,17,Azerbaijan Grand Prix,2024-09-15,baku,Baku City Circuit,Azerbaijan,Baku,40.3725,49.8533,bottas,BOT,77,Valtteri,Bottas,1989-08-28,Finnish,sauber,Sauber,16,16,16,0.0,50,Lapped,5603402.0,18.0,108.418,199.328
2024,17,Azerbaijan Grand Prix,2024-09-15,baku,Baku City Circuit,Azerbaijan,Baku,40.3725,49.8533,perez,PER,11,Sergio,Pérez,1990-01-26,Mexican,red_bull,Red Bull,4,17,17,0.0,49,Retired,5321198.0,6.0,107.013,201.945
2024,17,Azerbaijan Grand Prix,2024-09-15,baku,Baku City Circuit,Azerbaijan,Baku,40.3725,49.8533,sainz,SAI,55,Carlos,Sainz,1994-09-01,Spanish,ferrari,Ferrari,3,18,18,0.0,49,Retired,5321768.0,4.0,106.866,202.223
2024,17,Azerbaijan Grand Prix,2024-09-15,baku,Baku City Circuit,Azerbaijan,Baku,40.3725,49.8533,stroll,STR,18,Lance,Stroll,1998-10-29,Canadian,aston_martin,Aston Martin,13,19,19,0.0,45,Retired,5001080.0,16.0,108.148,199.826
2024,17,Azerbaijan Grand Prix,2024-09-15,baku,Baku City Circuit,Azerbaijan,Baku,40.3725,49.8533,tsunoda,TSU,22,Yuki,Tsunoda,2000-05-11,Japanese,rb,RB F1 Team,11,20,R,0.0,14,Retired,,20.0,110.887,194.89
2024,18,Singapore Grand Prix,2024-09-22,marina_bay,Marina Bay Street Circuit,Singapore,Marina Bay,1.2914,103.864,norris,NOR,4,Lando,Norris,1999-11-13,British,mclaren,McLaren,1,1,1,25.0,62,Finished,6052571.0,2.0,94.925,187.347
2024,18,Singapore Grand Prix,2024-09-22,marina_bay,Marina Bay Street Circuit,Singapore,Marina Bay,1.2914,103.864,max_verstappen,VER,1,Max,Verstappen,1997-09-30,Dutch,red_bull,Red Bull,2,2,2,18.0,62,Finished,6073516.0,5.0,95.967,185.313
2024,18,Singapore Grand Prix,2024-09-22,marina_bay,Marina Bay Street Circuit,Singapore,Marina Bay,1.2914,103.864,piastri,PIA,81,Oscar,Piastri,2001-04-06,Australian,mclaren,McLaren,5,3,3,15.0,62,Finished,6094394.0,4.0,95.745,185.743
2024,18,Singapore Grand Prix,2024-09-22,marina_bay,Marina Bay Street Circuit,Singapore,Marina Bay,1.2914,103.864,russell,RUS,63,George,Russell,1998-02-15,British,mercedes,Mercedes,4,4,4,12.0,62,Finished,6113611.0,10.0,97.047,183.251
2024,18,Singapore Grand Prix,2024-09-22,marina_bay,Marina Bay Street Circuit,Singapore,Marina Bay,1.2914,103.864,leclerc,LEC,16,Charles,Leclerc,1997-10-16,Monegasque,ferrari,Ferrari,9,5,5,10.0,62,Finished,6115001.0,3.0,95.37100000000001,186.471
2024,18,Singapore Grand Prix,2024-09-22,marina_bay,Marina Bay Street Circuit,Singapore,Marina Bay,1.2914,103.864,hamilton,HAM,44,Lewis,Hamilton,1985-01-07,British,mercedes,Mercedes,3,6,6,8.0,62,Finished,6137819.0,12.0,97.393,182.6
2024,18,Singapore Grand Prix,2024-09-22,marina_bay,Marina Bay Street Circuit,Singapore,Marina Bay,1.2914,103.864,sainz,SAI,55,Carlos,Sainz,1994-09-01,Spanish,ferrari,Ferrari,10,7,7,6.0,62,Finished,6148610.0,7.0,96.561,184.173
2024,18,Singapore Grand Prix,2024-09-22,marina_bay,Marina Bay Street Circuit,Singapore,Marina Bay,1.2914,103.864,alonso,ALO,14,Fernando,Alonso,1981-07-29,Spanish,aston_martin,Aston Martin,7,8,8,4.0,61,Lapped,6053444.0,18.0,97.741,181.95
2024,18,Singapore Grand Prix,2024-09-22,marina_bay,Marina Bay Street Circuit,Singapore,Marina Bay,1.2914,103.864,hulkenberg,HUL,27,Nico,Hülkenberg,1987-08-19,German,haas,Haas F1 Team,6,9,9,2.0,61,Lapped,6055711.0,15.0,97.47,182.456
2024,18,Singapore Grand Prix,2024-09-22,marina_bay,Marina Bay Street Circuit,Singapore,Marina Bay,1.2914,103.864,perez,PER,11,Sergio,Pérez,1990-01-26,Mexican,red_bull,Red Bull,13,10,10,1.0,61,Lapped,6057195.0,16.0,97.477,182.443
2024,18,Singapore Grand Prix,2024-09-22,marina_bay,Marina Bay Street Circuit,Singapore,Marina Bay,1.2914,103.864,colapinto,COL,43,Franco,Colapinto,2003-05-27,Argentine,williams,Williams,12,11,11,0.0,61,Lapped,6058855.0,11.0,97.262,182.846
2024,18,Singapore Grand Prix,2024-09-22,marina_bay,Marina Bay Street Circuit,Singapore,Marina Bay,1.2914,103.864,tsunoda,TSU,22,Yuki,Tsunoda,2000-05-11,Japanese,rb,RB F1 Team,8,12,12,0.0,61,Lapped,6061363.0,6.0,96.393,184.494
2024,18,Singapore Grand Prix,2024-09-22,marina_bay,Marina Bay Street Circuit,Singapore,Marina Bay,1.2914,103.864,ocon,OCO,31,Esteban,Ocon,1996-09-17,French,alpine,Alpine F1 Team,15,13,13,0.0,61,Lapped,6096576.0,20.0,97.964,181.536
2024,18,Singapore Grand Prix,2024-09-22,marina_bay,Marina Bay Street Circuit,Singapore,Marina Bay,1.2914,103.864,stroll,STR,18,Lance,Stroll,1998-10-29,Canadian,aston_martin,Aston Martin,17,14,14,0.0,61,Lapped,6100142.0,19.0,97.851,181.745
2024,18,Singapore Grand Prix,2024-09-22,marina_bay,Marina Bay Street Circuit,Singapore,Marina Bay,1.2914,103.864,zhou,ZHO,24,Guanyu,Zhou,1999-05-30,Chinese,sauber,Sauber,20,15,15,0.0,61,Lapped,6109791.0,14.0,97.461,182.472
2024,18,Singapore Grand Prix,2024-09-22,marina_bay,Marina Bay Street Circuit,Singapore,Marina Bay,1.2914,103.864,bottas,BOT,77,Valtteri,Bottas,1989-08-28,Finnish,sauber,Sauber,19,16,16,0.0,61,Lapped,6110400.0,17.0,97.524,182.355
2024,18,Singapore Grand Prix,2024-09-22,marina_bay,Marina Bay Street Circuit,Singapore,Marina Bay,1.2914,103.864,gasly,GAS,10,Pierre,Gasly,1996-02-07,French,alpine,Alpine F1 Team,18,17,17,0.0,61,Lapped,6111630.0,9.0,96.92699999999999,183.478
2024,18,Singapore Grand Prix,2024-09-22,marina_bay,Marina Bay Street Circuit,Singapore,Marina Bay,1.2914,103.864,ricciardo,RIC,3,Daniel,Ricciardo,1989-07-01,Australian,rb,RB F1 Team,16,18,18,0.0,61,Lapped,6142367.0,1.0,94.48599999999999,188.218
2024,18,Singapore Grand Prix,2024-09-22,marina_bay,Marina Bay Street Circuit,Singapore,Marina Bay,1.2914,103.864,kevin_magnussen,MAG,20,Kevin,Magnussen,1992-10-05,Danish,haas,Haas F1 Team,14,19,19,0.0,57,Retired,5811906.0,13.0,97.425,182.54
2024,18,Singapore Grand Prix,2024-09-22,marina_bay,Marina Bay Street Circuit,Singapore,Marina Bay,1.2914,103.864,albon,ALB,23,Alexander,Albon,1996-03-23,Thai,williams,Williams,11,20,R,0.0,15,Retired,,8.0,96.888,183.552
2024,19,United States Grand Prix,2024-10-20,americas,Circuit of the Americas,USA,Austin,30.1328,-97.6411,leclerc,LEC,16,Charles,Leclerc,1997-10-16,Monegasque,ferrari,Ferrari,4,1,1,25.0,56,Finished,5709639.0,6.0,97.834,202.861
2024,19,United States Grand Prix,2024-10-20,americas,Circuit of the Americas,USA,Austin,30.1328,-97.6411,sainz,SAI,55,Carlos,Sainz,1994-09-01,Spanish,ferrari,Ferrari,3,2,2,18.0,56,Finished,5718201.0,5.0,97.763,203.009
2024,19,United States Grand Prix,2024-10-20,americas,Circuit of the Americas,USA,Austin,30.1328,-97.6411,max_verstappen,VER,1,Max,Verstappen,1997-09-30,Dutch,red_bull,Red Bull,2,3,3,15.0,56,Finished,5729051.0,9.0,98.11699999999999,202.276
2024,19,United States Grand Prix,2024-10-20,americas,Circuit of the Americas,USA,Austin,30.1328,-97.6411,norris,NOR,4,Lando,Norris,1999-11-13,British,mclaren,McLaren,1,4,4,12.0,56,Finished,5729993.0,4.0,97.679,203.183
2024,19,United States Grand Prix,2024-10-20,americas,Circuit of the Americas,USA,Austin,30.1328,-97.6411,piastri,PIA,81,Oscar,Piastri,2001-04-06,Australian,mclaren,McLaren,5,5,5,10.0,56,Finished,5731560.0,7.0,97.88300000000001,202.76
2024,19,United States Grand Prix,2024-10-20,americas,Circuit of the Americas,USA,Austin,30.1328,-97.6411,russell,RUS,63,George,Russell,1998-02-15,British,mercedes,Mercedes,20,6,6,8.0,56,Finished,5765934.0,3.0,97.656,203.231
2024,19,United States Grand Prix,2024-10-20,americas,Circuit of the Americas,USA,Austin,30.1328,-97.6411,perez,PER,11,Sergio,Pérez,1990-01-26,Mexican,red_bull,Red Bull,9,7,7,6.0,56,Finished,5768711.0,13.0,98.51400000000001,201.461
2024,19,United States Grand Prix,2024-10-20,americas,Circuit of the Americas,USA,Austin,30.1328,-97.6411,hulkenberg,HUL,27,Nico,Hülkenberg,1987-08-19,German,haas,Haas F1 Team,11,8,8,4.0,56,Finished,5772596.0,12.0,98.404,201.686
2024,19,United States Grand Prix,2024-10-20,americas,Circuit of the Americas,USA,Austin,30.1328,-97.6411,lawson,LAW,30,Liam,Lawson,2002-02-11,New Zealander,rb,RB F1 Team,19,9,9,2.0,56,Finished,5780202.0,8.0,98.09100000000001,202.33
2024,19,United States Grand Prix,2024-10-20,americas,Circuit of the Americas,USA,Austin,30.1328,-97.6411,colapinto,COL,43,Franco,Colapinto,2003-05-27,Argentine,williams,Williams,15,10,10,1.0,56,Finished,5781618.0,2.0,97.61099999999999,203.325
2024,19,United States Grand Prix,2024-10-20,americas,Circuit of the Americas,USA,Austin,30.1328,-97.6411,kevin_magnussen,MAG,20,Kevin,Magnussen,1992-10-05,Danish,haas,Haas F1 Team,8,11,11,0.0,56,Finished,5789421.0,10.0,98.21000000000001,202.085
2024,19,United States Grand Prix,2024-10-20,americas,Circuit of the Americas,USA,Austin,30.1328,-97.6411,gasly,GAS,10,Pierre,Gasly,1996-02-07,French,alpine,Alpine F1 Team,6,12,12,0.0,56,Finished,5800197.0,11.0,98.311,201.877
2024,19,United States Grand Prix,2024-10-20,americas,Circuit of the Americas,USA,Austin,30.1328,-97.6411,alonso,ALO,14,Fernando,Alonso,1981-07-29,Spanish,aston_martin,Aston Martin,7,13,13,0.0,55,Lapped,5711365.0,17.0,99.261,199.945
2024,19,United States Grand Prix,2024-10-20,americas,Circuit of the Americas,USA,Austin,30.1328,-97.6411,tsunoda,TSU,22,Yuki,Tsunoda,2000-05-11,Japanese,rb,RB F1 Team,10,14,14,0.0,55,Lapped,5717851.0,15.0,99.193,200.082
2024,19,United States Grand Prix,2024-10-20,americas,Circuit of the Americas,USA,Austin,30.1328,-97.6411,stroll,STR,18,Lance,Stroll,1998-10-29,Canadian,aston_martin,Aston Martin,13,15,15,0.0,55,Lapped,5726622.0,16.0,99.214,200.04
2024,19,United States Grand Prix,2024-10-20,americas,Circuit of the Americas,USA,Austin,30.1328,-97.6411,albon,ALB,23,Alexander,Albon,1996-03-23,Thai,williams,Williams,14,16,16,0.0,55,Lapped,5727731.0,14.0,99.084,200.302
2024,19,United States Grand Prix,2024-10-20,americas,Circuit of the Americas,USA,Austin,30.1328,-97.6411,bottas,BOT,77,Valtteri,Bottas,1989-08-28,Finnish,sauber,Sauber,16,17,17,0.0,55,Lapped,5743972.0,19.0,100.575,197.333
2024,19,United States Grand Prix,2024-10-20,americas,Circuit of the Americas,USA,Austin,30.1328,-97.6411,ocon,OCO,31,Esteban,Ocon,1996-09-17,French,alpine,Alpine F1 Team,12,18,18,0.0,55,Lapped,5751751.0,1.0,97.33,203.912
2024,19,United States Grand Prix,2024-10-20,americas,Circuit of the Americas,USA,Austin,30.1328,-97.6411,zhou,ZHO,24,Guanyu,Zhou,1999-05-30,Chinese,sauber,Sauber,18,19,19,0.0,55,Lapped,5758879.0,18.0,99.27199999999999,199.923
2024,19,United States Grand Prix,2024-10-20,americas,Circuit of the Americas,USA,Austin,30.1328,-97.6411,hamilton,HAM,44,Lewis,Hamilton,1985-01-07,British,mercedes,Mercedes,17,20,R,0.0,1,Retired,,,,
2024,20,Mexico City Grand Prix,2024-10-27,rodriguez,Autódromo Hermanos Rodríguez,Mexico,Mexico City,19.4042,-99.0907,sainz,SAI,55,Carlos,Sainz,1994-09-01,Spanish,ferrari,Ferrari,1,1,1,25.0,71,Finished,6055800.0,7.0,80.137,193.348
2024,20,Mexico City Grand Prix,2024-10-27,rodriguez,Autódromo Hermanos Rodríguez,Mexico,Mexico City,19.4042,-99.0907,norris,NOR,4,Lando,Norris,1999-11-13,British,mclaren,McLaren,3,2,2,18.0,71,Finished,6060505.0,4.0,79.691,194.43
2024,20,Mexico City Grand Prix,2024-10-27,rodriguez,Autódromo Hermanos Rodríguez,Mexico,Mexico City,19.4042,-99.0907,leclerc,LEC,16,Charles,Leclerc,1997-10-16,Monegasque,ferrari,Ferrari,4,3,3,16.0,71,Finished,6090187.0,1.0,78.336,197.794
2024,20,Mexico City Grand Prix,2024-10-27,rodriguez,Autódromo Hermanos Rodríguez,Mexico,Mexico City,19.4042,-99.0907,hamilton,HAM,44,Lewis,Hamilton,1985-01-07,British,mercedes,Mercedes,6,4,4,12.0,71,Finished,6100580.0,8.0,80.371,192.785
2024,20,Mexico City Grand Prix,2024-10-27,rodriguez,Autódromo Hermanos Rodríguez,Mexico,Mexico City,19.4042,-99.0907,russell,RUS,63,George,Russell,1998-02-15,British,mercedes,Mercedes,5,5,5,10.0,71,Finished,6104336.0,11.0,80.731,191.926
2024,20,Mexico City Grand Prix,2024-10-27,rodriguez,Autódromo Hermanos Rodríguez,Mexico,Mexico City,19.4042,-99.0907,max_verstappen,VER,1,Max,Verstappen,1997-09-30,Dutch,red_bull,Red Bull,2,6,6,8.0,71,Finished,6115358.0,13.0,80.872,191.591
2024,20,Mexico City Grand Prix,2024-10-27,rodriguez,Autódromo Hermanos Rodríguez,Mexico,Mexico City,19.4042,-99.0907,kevin_magnussen,MAG,20,Kevin,Magnussen,1992-10-05,Danish,haas,Haas F1 Team,7,7,7,6.0,71,Finished,6119442.0,9.0,80.637,192.15
2024,20,Mexico City Grand Prix,2024-10-27,rodriguez,Autódromo Hermanos Rodríguez,Mexico,Mexico City,19.4042,-99.0907,piastri,PIA,81,Oscar,Piastri,2001-04-06,Australian,mclaren,McLaren,17,8,8,4.0,71,Finished,6120728.0,5.0,80.064,193.525
2024,20,Mexico City Grand Prix,2024-10-27,rodriguez,Autódromo Hermanos Rodríguez,Mexico,Mexico City,19.4042,-99.0907,hulkenberg,HUL,27,Nico,Hülkenberg,1987-08-19,German,haas,Haas F1 Team,10,9,9,2.0,70,Lapped,6058520.0,12.0,80.748,191.885
2024,20,Mexico City Grand Prix,2024-10-27,rodriguez,Autódromo Hermanos Rodríguez,Mexico,Mexico City,19.4042,-99.0907,gasly,GAS,10,Pierre,Gasly,1996-02-07,French,alpine,Alpine F1 Team,8,10,10,1.0,70,Lapped,6074387.0,15.0,81.274,190.643
2024,20,Mexico City Grand Prix,2024-10-27,rodriguez,Autódromo Hermanos Rodríguez,Mexico,Mexico City,19.4042,-99.0907,stroll,STR,18,Lance,Stroll,1998-10-29,Canadian,aston_martin,Aston Martin,14,11,11,0.0,70,Lapped,6080872.0,16.0,81.311,190.557
2024,20,Mexico City Grand Prix,2024-10-27,rodriguez,Autódromo Hermanos Rodríguez,Mexico,Mexico City,19.4042,-99.0907,colapinto,COL,43,Franco,Colapinto,2003-05-27,Argentine,williams,Williams,16,12,12,0.0,70,Lapped,6093297.0,6.0,80.09,193.462
2024,20,Mexico City Grand Prix,2024-10-27,rodriguez,Autódromo Hermanos Rodríguez,Mexico,Mexico City,19.4042,-99.0907,ocon,OCO,31,Esteban,Ocon,1996-09-17,French,alpine,Alpine F1 Team,0,13,13,0.0,70,Lapped,6095463.0,10.0,80.65899999999999,192.097
2024,20,Mexico City Grand Prix,2024-10-27,rodriguez,Autódromo Hermanos Rodríguez,Mexico,Mexico City,19.4042,-99.0907,bottas,BOT,77,Valtteri,Bottas,1989-08-28,Finnish,sauber,Sauber,15,14,14,0.0,70,Lapped,6098027.0,14.0,81.08500000000001,191.088
2024,20,Mexico City Grand Prix,2024-10-27,rodriguez,Autódromo Hermanos Rodríguez,Mexico,Mexico City,19.4042,-99.0907,zhou,ZHO,24,Guanyu,Zhou,1999-05-30,Chinese,sauber,Sauber,19,15,15,0.0,70,Lapped,6117522.0,17.0,81.553,189.991
2024,20,Mexico City Grand Prix,2024-10-27,rodriguez,Autódromo Hermanos Rodríguez,Mexico,Mexico City,19.4042,-99.0907,lawson,LAW,30,Liam,Lawson,2002-02-11,New Zealander,rb,RB F1 Team,12,16,16,0.0,70,Lapped,6120266.0,3.0,79.502,194.893
2024,20,Mexico City Grand Prix,2024-10-27,rodriguez,Autódromo Hermanos Rodríguez,Mexico,Mexico City,19.4042,-99.0907,perez,PER,11,Sergio,Pérez,1990-01-26,Mexican,red_bull,Red Bull,18,17,17,0.0,70,Lapped,6129084.0,2.0,79.209,195.614
2024,20,Mexico City Grand Prix,2024-10-27,rodriguez,Autódromo Hermanos Rodríguez,Mexico,Mexico City,19.4042,-99.0907,alonso,ALO,14,Fernando,Alonso,1981-07-29,Spanish,aston_martin,Aston Martin,13,18,R,0.0,15,Retired,,18.0,82.72200000000001,187.306
2024,20,Mexico City Grand Prix,2024-10-27,rodriguez,Autódromo Hermanos Rodríguez,Mexico,Mexico City,19.4042,-99.0907,albon,ALB,23,Alexander,Albon,1996-03-23,Thai,williams,Williams,9,19,R,0.0,0,Retired,,,,
2024,20,Mexico City Grand Prix,2024-10-27,rodriguez,Autódromo Hermanos Rodríguez,Mexico,Mexico City,19.4042,-99.0907,tsunoda,TSU,22,Yuki,Tsunoda,2000-05-11,Japanese,rb,RB F1 Team,11,20,R,0.0,0,Retired,,,,
2024,21,São Paulo Grand Prix,2024-11-03,interlagos,Autódromo José Carlos Pace,Brazil,São Paulo,-23.7036,-46.6997,max_verstappen,VER,1,Max,Verstappen,1997-09-30,Dutch,red_bull,Red Bull,17,1,1,26.0,69,Finished,7614430.0,1.0,80.47200000000001,192.767
2024,21,São Paulo Grand Prix,2024-11-03,interlagos,Autódromo José Carlos Pace,Brazil,São Paulo,-23.7036,-46.6997,ocon,OCO,31,Esteban,Ocon,1996-09-17,French,alpine,Alpine F1 Team,4,2,2,18.0,69,Finished,7633907.0,7.0,81.771,189.705
2024,21,São Paulo Grand Prix,2024-11-03,interlagos,Autódromo José Carlos Pace,Brazil,São Paulo,-23.7036,-46.6997,gasly,GAS,10,Pierre,Gasly,1996-02-07,French,alpine,Alpine F1 Team,13,3,3,15.0,69,Finished,7636962.0,5.0,81.645,189.998
2024,21,São Paulo Grand Prix,2024-11-03,interlagos,Autódromo José Carlos Pace,Brazil,São Paulo,-23.7036,-46.6997,russell,RUS,63,George,Russell,1998-02-15,British,mercedes,Mercedes,2,4,4,12.0,69,Finished,7637695.0,6.0,81.645,189.998
2024,21,São Paulo Grand Prix,2024-11-03,interlagos,Autódromo José Carlos Pace,Brazil,São Paulo,-23.7036,-46.6997,leclerc,LEC,16,Charles,Leclerc,1997-10-16,Monegasque,ferrari,Ferrari,6,5,5,10.0,69,Finished,7644607.0,4.0,81.631,190.03
2024,21,São Paulo Grand Prix,2024-11-03,interlagos,Autódromo José Carlos Pace,Brazil,São Paulo,-23.7036,-46.6997,norris,NOR,4,Lando,Norris,1999-11-13,British,mclaren,McLaren,1,6,6,8.0,69,Finished,7645802.0,2.0,81.517,190.296
2024,21,São Paulo Grand Prix,2024-11-03,interlagos,Autódromo José Carlos Pace,Brazil,São Paulo,-23.7036,-46.6997,tsunoda,TSU,22,Yuki,Tsunoda,2000-05-11,Japanese,rb,RB F1 Team,3,7,7,6.0,69,Finished,7656486.0,8.0,81.828,189.573
2024,21,São Paulo Grand Prix,2024-11-03,interlagos,Autódromo José Carlos Pace,Brazil,São Paulo,-23.7036,-46.6997,piastri,PIA,81,Oscar,Piastri,2001-04-06,Australian,mclaren,McLaren,8,8,8,4.0,69,Finished,7659373.0,3.0,81.532,190.261
2024,21,São Paulo Grand Prix,2024-11-03,interlagos,Autódromo José Carlos Pace,Brazil,São Paulo,-23.7036,-46.6997,lawson,LAW,30,Liam,Lawson,2002-02-11,New Zealander,rb,RB F1 Team,5,9,9,2.0,69,Finished,7664882.0,10.0,82.123,188.892
2024,21,São Paulo Grand Prix,2024-11-03,interlagos,Autódromo José Carlos Pace,Brazil,São Paulo,-23.7036,-46.6997,hamilton,HAM,44,Lewis,Hamilton,1985-01-07,British,mercedes,Mercedes,14,10,10,1.0,69,Finished,7665183.0,9.0,82.041,189.081
2024,21,São Paulo Grand Prix,2024-11-03,interlagos,Autódromo José Carlos Pace,Brazil,São Paulo,-23.7036,-46.6997,perez,PER,11,Sergio,Pérez,1990-01-26,Mexican,red_bull,Red Bull,12,11,11,0.0,69,Finished,7665961.0,11.0,82.143,188.846
2024,21,São Paulo Grand Prix,2024-11-03,interlagos,Autódromo José Carlos Pace,Brazil,São Paulo,-23.7036,-46.6997,bearman,BEA,50,Oliver,Bearman,2005-05-08,British,haas,Haas F1 Team,15,12,12,0.0,69,Finished,7671515.0,13.0,82.494,188.042
2024,21,São Paulo Grand Prix,2024-11-03,interlagos,Autódromo José Carlos Pace,Brazil,São Paulo,-23.7036,-46.6997,bottas,BOT,77,Valtteri,Bottas,1989-08-28,Finnish,sauber,Sauber,11,13,13,0.0,69,Finished,7678018.0,14.0,82.877,187.173
2024,21,São Paulo Grand Prix,2024-11-03,interlagos,Autódromo José Carlos Pace,Brazil,São Paulo,-23.7036,-46.6997,alonso,ALO,14,Fernando,Alonso,1981-07-29,Spanish,aston_martin,Aston Martin,9,14,14,0.0,69,Finished,7692479.0,12.0,82.293,188.502
2024,21,São Paulo Grand Prix,2024-11-03,interlagos,Autódromo José Carlos Pace,Brazil,São Paulo,-23.7036,-46.6997,zhou,ZHO,24,Guanyu,Zhou,1999-05-30,Chinese,sauber,Sauber,19,15,15,0.0,69,Finished,7694079.0,15.0,83.05799999999999,186.765
2024,21,São Paulo Grand Prix,2024-11-03,interlagos,Autódromo José Carlos Pace,Brazil,São Paulo,-23.7036,-46.6997,sainz,SAI,55,Carlos,Sainz,1994-09-01,Spanish,ferrari,Ferrari,20,16,R,0.0,38,Retired,,16.0,84.201,184.23
2024,21,São Paulo Grand Prix,2024-11-03,interlagos,Autódromo José Carlos Pace,Brazil,São Paulo,-23.7036,-46.6997,colapinto,COL,43,Franco,Colapinto,2003-05-27,Argentine,williams,Williams,16,17,R,0.0,30,Retired,,17.0,84.29599999999999,184.022
2024,21,São Paulo Grand Prix,2024-11-03,interlagos,Autódromo José Carlos Pace,Brazil,São Paulo,-23.7036,-46.6997,albon,ALB,23,Alexander,Albon,1996-03-23,Thai,williams,Williams,7,18,W,0.0,0,Did not start,,,,
2024,21,São Paulo Grand Prix,2024-11-03,interlagos,Autódromo José Carlos Pace,Brazil,São Paulo,-23.7036,-46.6997,stroll,STR,18,Lance,Stroll,1998-10-29,Canadian,aston_martin,Aston Martin,10,19,W,0.0,0,Did not start,,,,
2024,21,São Paulo Grand Prix,2024-11-03,interlagos,Autódromo José Carlos Pace,Brazil,São Paulo,-23.7036,-46.6997,hulkenberg,HUL,27,Nico,Hülkenberg,1987-08-19,German,haas,Haas F1 Team,18,20,D,0.0,0,Disqualified,,,,
2024,22,Las Vegas Grand Prix,2024-11-23,vegas,Las Vegas Strip Street Circuit,USA,Las Vegas,36.1147,-115.173,russell,RUS,63,George,Russell,1998-02-15,British,mercedes,Mercedes,1,1,1,25.0,50,Finished,4925969.0,4.0,95.717,233.225
2024,22,Las Vegas Grand Prix,2024-11-23,vegas,Las Vegas Strip Street Circuit,USA,Las Vegas,36.1147,-115.173,hamilton,HAM,44,Lewis,Hamilton,1985-01-07,British,mercedes,Mercedes,10,2,2,18.0,50,Finished,4933282.0,2.0,95.47999999999999,233.803
2024,22,Las Vegas Grand Prix,2024-11-23,vegas,Las Vegas Strip Street Circuit,USA,Las Vegas,36.1147,-115.173,sainz,SAI,55,Carlos,Sainz,1994-09-01,Spanish,ferrari,Ferrari,2,3,3,15.0,50,Finished,4937875.0,5.0,95.875,232.84
2024,22,Las Vegas Grand Prix,2024-11-23,vegas,Las Vegas Strip Street Circuit,USA,Las Vegas,36.1147,-115.173,leclerc,LEC,16,Charles,Leclerc,1997-10-16,Monegasque,ferrari,Ferrari,4,4,4,12.0,50,Finished,4940252.0,3.0,95.674,233.329
2024,22,Las Vegas Grand Prix,2024-11-23,vegas,Las Vegas Strip Street Circuit,USA,Las Vegas,36.1147,-115.173,max_verstappen,VER,1,Max,Verstappen,1997-09-30,Dutch,red_bull,Red Bull,5,5,5,10.0,50,Finished,4942551.0,6.0,96.24799999999999,231.938
2024,22,Las Vegas Grand Prix,2024-11-23,vegas,Las Vegas Strip Street Circuit,USA,Las Vegas,36.1147,-115.173,norris,NOR,4,Lando,Norris,1999-11-13,British,mclaren,McLaren,6,6,6,9.0,50,Finished,4969354.0,1.0,94.876,235.292
2024,22,Las Vegas Grand Prix,2024-11-23,vegas,Las Vegas Strip Street Circuit,USA,Las Vegas,36.1147,-115.173,piastri,PIA,81,Oscar,Piastri,2001-04-06,Australian,mclaren,McLaren,8,7,7,6.0,50,Finished,4977334.0,13.0,96.598,231.097
2024,22,Las Vegas Grand Prix,2024-11-23,vegas,Las Vegas Strip Street Circuit,USA,Las Vegas,36.1147,-115.173,hulkenberg,HUL,27,Nico,Hülkenberg,1987-08-19,German,haas,Haas F1 Team,9,8,8,4.0,50,Finished,4985777.0,12.0,96.58500000000001,231.129
2024,22,Las Vegas Grand Prix,2024-11-23,vegas,Las Vegas Strip Street Circuit,USA,Las Vegas,36.1147,-115.173,tsunoda,TSU,22,Yuki,Tsunoda,2000-05-11,Japanese,rb,RB F1 Team,7,9,9,2.0,50,Finished,4988777.0,16.0,96.957,230.242
2024,22,Las Vegas Grand Prix,2024-11-23,vegas,Las Vegas Strip Street Circuit,USA,Las Vegas,36.1147,-115.173,perez,PER,11,Sergio,Pérez,1990-01-26,Mexican,red_bull,Red Bull,15,10,10,1.0,50,Finished,4989083.0,8.0,96.326,231.75
2024,22,Las Vegas Grand Prix,2024-11-23,vegas,Las Vegas Strip Street Circuit,USA,Las Vegas,36.1147,-115.173,alonso,ALO,14,Fernando,Alonso,1981-07-29,Spanish,aston_martin,Aston Martin,16,11,11,0.0,50,Finished,4995164.0,10.0,96.553,231.205
2024,22,Las Vegas Grand Prix,2024-11-23,vegas,Las Vegas Strip Street Circuit,USA,Las Vegas,36.1147,-115.173,kevin_magnussen,MAG,20,Kevin,Magnussen,1992-10-05,Danish,haas,Haas F1 Team,12,12,12,0.0,50,Finished,4995772.0,11.0,96.557,231.196
2024,22,Las Vegas Grand Prix,2024-11-23,vegas,Las Vegas Strip Street Circuit,USA,Las Vegas,36.1147,-115.173,zhou,ZHO,24,Guanyu,Zhou,1999-05-30,Chinese,sauber,Sauber,13,13,13,0.0,50,Finished,5000054.0,7.0,96.324,231.755
2024,22,Las Vegas Grand Prix,2024-11-23,vegas,Las Vegas Strip Street Circuit,USA,Las Vegas,36.1147,-115.173,colapinto,COL,43,Franco,Colapinto,2003-05-27,Argentine,williams,Williams,20,14,14,0.0,50,Finished,5001141.0,15.0,96.86699999999999,230.456
2024,22,Las Vegas Grand Prix,2024-11-23,vegas,Las Vegas Strip Street Circuit,USA,Las Vegas,36.1147,-115.173,stroll,STR,18,Lance,Stroll,1998-10-29,Canadian,aston_martin,Aston Martin,18,15,15,0.0,50,Finished,5010071.0,18.0,97.179,229.716
2024,22,Las Vegas Grand Prix,2024-11-23,vegas,Las Vegas Strip Street Circuit,USA,Las Vegas,36.1147,-115.173,lawson,LAW,30,Liam,Lawson,2002-02-11,New Zealander,rb,RB F1 Team,14,16,16,0.0,50,Finished,5016974.0,17.0,96.97999999999999,230.187
2024,22,Las Vegas Grand Prix,2024-11-23,vegas,Las Vegas Strip Street Circuit,USA,Las Vegas,36.1147,-115.173,ocon,OCO,31,Esteban,Ocon,1996-09-17,French,alpine,Alpine F1 Team,11,17,17,0.0,49,Lapped,4928029.0,9.0,96.511,231.306
2024,22,Las Vegas Grand Prix,2024-11-23,vegas,Las Vegas Strip Street Circuit,USA,Las Vegas,36.1147,-115.173,bottas,BOT,77,Valtteri,Bottas,1989-08-28,Finnish,sauber,Sauber,19,18,18,0.0,49,Lapped,4937254.0,14.0,96.601,231.09
2024,22,Las Vegas Grand Prix,2024-11-23,vegas,Las Vegas Strip Street Circuit,USA,Las Vegas,36.1147,-115.173,albon,ALB,23,Alexander,Albon,1996-03-23,Thai,williams,Williams,17,19,R,0.0,25,Retired,,19.0,98.00800000000001,227.773
2024,22,Las Vegas Grand Prix,2024-11-23,vegas,Las Vegas Strip Street Circuit,USA,Las Vegas,36.1147,-115.173,gasly,GAS,10,Pierre,Gasly,1996-02-07,French,alpine,Alpine F1 Team,3,20,R,0.0,15,Retired,,20.0,98.314,227.064
2024,23,Qatar Grand Prix,2024-12-01,losail,Losail International Circuit,Qatar,Lusail,25.49,51.4542,max_verstappen,VER,1,Max,Verstappen,1997-09-30,Dutch,red_bull,Red Bull,2,1,1,25.0,57,Finished,5465323.0,2.0,82.905,235.31
2024,23,Qatar Grand Prix,2024-12-01,losail,Losail International Circuit,Qatar,Lusail,25.49,51.4542,leclerc,LEC,16,Charles,Leclerc,1997-10-16,Monegasque,ferrari,Ferrari,5,2,2,18.0,57,Finished,5471354.0,4.0,83.242,234.357
2024,23,Qatar Grand Prix,2024-12-01,losail,Losail International Circuit,Qatar,Lusail,25.49,51.4542,piastri,PIA,81,Oscar,Piastri,2001-04-06,Australian,mclaren,McLaren,4,3,3,15.0,57,Finished,5472142.0,3.0,83.218,234.425
2024,23,Qatar Grand Prix,2024-12-01,losail,Losail International Circuit,Qatar,Lusail,25.49,51.4542,russell,RUS,63,George,Russell,1998-02-15,British,mercedes,Mercedes,1,4,4,12.0,57,Finished,5479427.0,5.0,83.355,234.039
2024,23,Qatar Grand Prix,2024-12-01,losail,Losail International Circuit,Qatar,Lusail,25.49,51.4542,gasly,GAS,10,Pierre,Gasly,1996-02-07,French,alpine,Alpine F1 Team,11,5,5,10.0,57,Finished,5482105.0,8.0,83.705,233.061
2024,23,Qatar Grand Prix,2024-12-01,losail,Losail International Circuit,Qatar,Lusail,25.49,51.4542,sainz,SAI,55,Carlos,Sainz,1994-09-01,Spanish,ferrari,Ferrari,7,6,6,8.0,57,Finished,5482799.0,6.0,83.465,233.731
2024,23,Qatar Grand Prix,2024-12-01,losail,Losail International Circuit,Qatar,Lusail,25.49,51.4542,alonso,ALO,14,Fernando,Alonso,1981-07-29,Spanish,aston_martin,Aston Martin,8,7,7,6.0,57,Finished,5485190.0,7.0,83.667,233.167
2024,23,Qatar Grand Prix,2024-12-01,losail,Losail International Circuit,Qatar,Lusail,25.49,51.4542,zhou,ZHO,24,Guanyu,Zhou,1999-05-30,Chinese,sauber,Sauber,12,8,8,4.0,57,Finished,5490683.0,10.0,83.889,232.55
2024,23,Qatar Grand Prix,2024-12-01,losail,Losail International Circuit,Qatar,Lusail,25.49,51.4542,kevin_magnussen,MAG,20,Kevin,Magnussen,1992-10-05,Danish,haas,Haas F1 Team,10,9,9,2.0,57,Finished,5497500.0,11.0,84.259,231.528
2024,23,Qatar Grand Prix,2024-12-01,losail,Losail International Circuit,Qatar,Lusail,25.49,51.4542,norris,NOR,4,Lando,Norris,1999-11-13,British,mclaren,McLaren,3,10,10,2.0,57,Finished,5501085.0,1.0,82.384,236.798
2024,23,Qatar Grand Prix,2024-12-01,losail,Losail International Circuit,Qatar,Lusail,25.49,51.4542,bottas,BOT,77,Valtteri,Bottas,1989-08-28,Finnish,sauber,Sauber,13,11,11,0.0,57,Finished,5515566.0,13.0,85.533,228.08
2024,23,Qatar Grand Prix,2024-12-01,losail,Losail International Circuit,Qatar,Lusail,25.49,51.4542,hamilton,HAM,44,Lewis,Hamilton,1985-01-07,British,mercedes,Mercedes,6,12,12,0.0,57,Finished,5521445.0,9.0,83.865,232.616
2024,23,Qatar Grand Prix,2024-12-01,losail,Losail International Circuit,Qatar,Lusail,25.49,51.4542,tsunoda,TSU,22,Yuki,Tsunoda,2000-05-11,Japanese,rb,RB F1 Team,14,13,13,0.0,57,Finished,5526423.0,17.0,86.144,226.462
2024,23,Qatar Grand Prix,2024-12-01,losail,Losail International Circuit,Qatar,Lusail,25.49,51.4542,lawson,LAW,30,Liam,Lawson,2002-02-11,New Zealander,rb,RB F1 Team,17,14,14,0.0,57,Finished,5527979.0,16.0,86.076,226.641
2024,23,Qatar Grand Prix,2024-12-01,losail,Losail International Circuit,Qatar,Lusail,25.49,51.4542,albon,ALB,23,Alexander,Albon,1996-03-23,Thai,williams,Williams,16,15,15,0.0,56,Lapped,5478292.0,14.0,85.559,228.011
2024,23,Qatar Grand Prix,2024-12-01,losail,Losail International Circuit,Qatar,Lusail,25.49,51.4542,hulkenberg,HUL,27,Nico,Hülkenberg,1987-08-19,German,haas,Haas F1 Team,18,16,R,0.0,39,Retired,,15.0,85.767,227.458
2024,23,Qatar Grand Prix,2024-12-01,losail,Losail International Circuit,Qatar,Lusail,25.49,51.4542,perez,PER,11,Sergio,Pérez,1990-01-26,Mexican,red_bull,Red Bull,9,17,R,0.0,38,Retired,,12.0,85.288,228.735
2024,23,Qatar Grand Prix,2024-12-01,losail,Losail International Circuit,Qatar,Lusail,25.49,51.4542,stroll,STR,18,Lance,Stroll,1998-10-29,Canadian,aston_martin,Aston Martin,15,18,R,0.0,8,Retired,,18.0,90.935,214.531
2024,23,Qatar Grand Prix,2024-12-01,losail,Losail International Circuit,Qatar,Lusail,25.49,51.4542,colapinto,COL,43,Franco,Colapinto,2003-05-27,Argentine,williams,Williams,19,19,R,0.0,0,Retired,,,,
2024,23,Qatar Grand Prix,2024-12-01,losail,Losail International Circuit,Qatar,Lusail,25.49,51.4542,ocon,OCO,31,Esteban,Ocon,1996-09-17,French,alpine,Alpine F1 Team,20,20,R,0.0,0,Retired,,,,
2024,24,Abu Dhabi Grand Prix,2024-12-08,yas_marina,Yas Marina Circuit,UAE,Abu Dhabi,24.4672,54.6031,norris,NOR,4,Lando,Norris,1999-11-13,British,mclaren,McLaren,1,1,1,25.0,58,Finished,5193291.0,3.0,87.438,217.429
2024,24,Abu Dhabi Grand Prix,2024-12-08,yas_marina,Yas Marina Circuit,UAE,Abu Dhabi,24.4672,54.6031,sainz,SAI,55,Carlos,Sainz,1994-09-01,Spanish,ferrari,Ferrari,3,2,2,18.0,58,Finished,5199123.0,5.0,87.765,216.619
2024,24,Abu Dhabi Grand Prix,2024-12-08,yas_marina,Yas Marina Circuit,UAE,Abu Dhabi,24.4672,54.6031,leclerc,LEC,16,Charles,Leclerc,1997-10-16,Monegasque,ferrari,Ferrari,19,3,3,15.0,58,Finished,5225219.0,9.0,88.018,215.996
2024,24,Abu Dhabi Grand Prix,2024-12-08,yas_marina,Yas Marina Circuit,UAE,Abu Dhabi,24.4672,54.6031,hamilton,HAM,44,Lewis,Hamilton,1985-01-07,British,mercedes,Mercedes,16,4,4,12.0,58,Finished,5229774.0,2.0,87.27799999999999,217.828
2024,24,Abu Dhabi Grand Prix,2024-12-08,yas_marina,Yas Marina Circuit,UAE,Abu Dhabi,24.4672,54.6031,russell,RUS,63,George,Russell,1998-02-15,British,mercedes,Mercedes,6,5,5,10.0,58,Finished,5230829.0,10.0,88.195,215.563
2024,24,Abu Dhabi Grand Prix,2024-12-08,yas_marina,Yas Marina Circuit,UAE,Abu Dhabi,24.4672,54.6031,max_verstappen,VER,1,Max,Verstappen,1997-09-30,Dutch,red_bull,Red Bull,4,6,6,8.0,58,Finished,5243138.0,6.0,87.765,216.619
2024,24,Abu Dhabi Grand Prix,2024-12-08,yas_marina,Yas Marina Circuit,UAE,Abu Dhabi,24.4672,54.6031,gasly,GAS,10,Pierre,Gasly,1996-02-07,French,alpine,Alpine F1 Team,5,7,7,6.0,58,Finished,5265851.0,16.0,89.251,213.012
2024,24,Abu Dhabi Grand Prix,2024-12-08,yas_marina,Yas Marina Circuit,UAE,Abu Dhabi,24.4672,54.6031,hulkenberg,HUL,27,Nico,Hülkenberg,1987-08-19,German,haas,Haas F1 Team,7,8,8,4.0,58,Finished,5268845.0,14.0,89.152,213.249
2024,24,Abu Dhabi Grand Prix,2024-12-08,yas_marina,Yas Marina Circuit,UAE,Abu Dhabi,24.4672,54.6031,alonso,ALO,14,Fernando,Alonso,1981-07-29,Spanish,aston_martin,Aston Martin,8,9,9,2.0,58,Finished,5275664.0,7.0,87.94800000000001,216.168
2024,24,Abu Dhabi Grand Prix,2024-12-08,yas_marina,Yas Marina Circuit,UAE,Abu Dhabi,24.4672,54.6031,piastri,PIA,81,Oscar,Piastri,2001-04-06,Australian,mclaren,McLaren,2,10,10,1.0,58,Finished,5277112.0,4.0,87.69,216.804
2024,24,Abu Dhabi Grand Prix,2024-12-08,yas_marina,Yas Marina Circuit,UAE,Abu Dhabi,24.4672,54.6031,albon,ALB,23,Alexander,Albon,1996-03-23,Thai,williams,Williams,18,11,11,0.0,57,Lapped,5204542.0,18.0,89.438,212.567
2024,24,Abu Dhabi Grand Prix,2024-12-08,yas_marina,Yas Marina Circuit,UAE,Abu Dhabi,24.4672,54.6031,tsunoda,TSU,22,Yuki,Tsunoda,2000-05-11,Japanese,rb,RB F1 Team,11,12,12,0.0,57,Lapped,5208029.0,15.0,89.2,213.134
2024,24,Abu Dhabi Grand Prix,2024-12-08,yas_marina,Yas Marina Circuit,UAE,Abu Dhabi,24.4672,54.6031,zhou,ZHO,24,Guanyu,Zhou,1999-05-30,Chinese,sauber,Sauber,15,13,13,0.0,57,Lapped,5210595.0,8.0,87.982,216.085
2024,24,Abu Dhabi Grand Prix,2024-12-08,yas_marina,Yas Marina Circuit,UAE,Abu Dhabi,24.4672,54.6031,stroll,STR,18,Lance,Stroll,1998-10-29,Canadian,aston_martin,Aston Martin,13,14,14,0.0,57,Lapped,5211764.0,11.0,88.604,214.568
2024,24,Abu Dhabi Grand Prix,2024-12-08,yas_marina,Yas Marina Circuit,UAE,Abu Dhabi,24.4672,54.6031,doohan,DOO,61,Jack,Doohan,2003-01-20,Australian,alpine,Alpine F1 Team,17,15,15,0.0,57,Lapped,5219846.0,13.0,89.121,213.323
2024,24,Abu Dhabi Grand Prix,2024-12-08,yas_marina,Yas Marina Circuit,UAE,Abu Dhabi,24.4672,54.6031,kevin_magnussen,MAG,20,Kevin,Magnussen,1992-10-05,Danish,haas,Haas F1 Team,14,16,16,0.0,57,Lapped,5270888.0,1.0,85.637,222.002
2024,24,Abu Dhabi Grand Prix,2024-12-08,yas_marina,Yas Marina Circuit,UAE,Abu Dhabi,24.4672,54.6031,lawson,LAW,30,Liam,Lawson,2002-02-11,New Zealander,rb,RB F1 Team,12,17,17,0.0,55,Retired,5076949.0,12.0,88.751,214.212
2024,24,Abu Dhabi Grand Prix,2024-12-08,yas_marina,Yas Marina Circuit,UAE,Abu Dhabi,24.4672,54.6031,bottas,BOT,77,Valtteri,Bottas,1989-08-28,Finnish,sauber,Sauber,9,18,R,0.0,30,Retired,,19.0,89.482,212.462
2024,24,Abu Dhabi Grand Prix,2024-12-08,yas_marina,Yas Marina Circuit,UAE,Abu Dhabi,24.4672,54.6031,colapinto,COL,43,Franco,Colapinto,2003-05-27,Argentine,williams,Williams,20,19,R,0.0,26,Retired,,17.0,89.411,212.631
2024,24,Abu Dhabi Grand Prix,2024-12-08,yas_marina,Yas Marina Circuit,UAE,Abu Dhabi,24.4672,54.6031,perez,PER,11,Sergio,Pérez,1990-01-26,Mexican,red_bull,Red Bull,10,20,R,0.0,0,Retired,,,,
2025,1,Australian Grand Prix,2025-03-16,albert_park,Albert Park Grand Prix Circuit,Australia,Melbourne,-37.8497,144.968,norris,NOR,4,Lando,Norris,1999-11-13,British,mclaren,McLaren,1,1,1,25.0,57,Finished,6126304.0,1.0,82.167,
2025,1,Australian Grand Prix,2025-03-16,albert_park,Albert Park Grand Prix Circuit,Australia,Melbourne,-37.8497,144.968,max_verstappen,VER,1,Max,Verstappen,1997-09-30,Dutch,red_bull,Red Bull,3,2,2,18.0,57,Finished,6127199.0,3.0,83.081,
2025,1,Australian Grand Prix,2025-03-16,albert_park,Albert Park Grand Prix Circuit,Australia,Melbourne,-37.8497,144.968,russell,RUS,63,George,Russell,1998-02-15,British,mercedes,Mercedes,4,3,3,15.0,57,Finished,6134785.0,11.0,85.065,
2025,1,Australian Grand Prix,2025-03-16,albert_park,Albert Park Grand Prix Circuit,Australia,Melbourne,-37.8497,144.968,antonelli,ANT,12,Andrea Kimi,Antonelli,2006-08-25,Italian,mercedes,Mercedes,16,4,4,12.0,57,Finished,6136439.0,9.0,84.901,
2025,1,Australian Grand Prix,2025-03-16,albert_park,Albert Park Grand Prix Circuit,Australia,Melbourne,-37.8497,144.968,albon,ALB,23,Alexander,Albon,1996-03-23,Thai,williams,Williams,6,5,5,10.0,57,Finished,6139077.0,8.0,84.59700000000001,
2025,1,Australian Grand Prix,2025-03-16,albert_park,Albert Park Grand Prix Circuit,Australia,Melbourne,-37.8497,144.968,stroll,STR,18,Lance,Stroll,1998-10-29,Canadian,aston_martin,Aston Martin,13,6,6,8.0,57,Finished,6143717.0,14.0,85.538,
2025,1,Australian Grand Prix,2025-03-16,albert_park,Albert Park Grand Prix Circuit,Australia,Melbourne,-37.8497,144.968,hulkenberg,HUL,27,Nico,Hülkenberg,1987-08-19,German,sauber,Sauber,17,7,7,6.0,57,Finished,6144727.0,12.0,85.243,
2025,1,Australian Grand Prix,2025-03-16,albert_park,Albert Park Grand Prix Circuit,Australia,Melbourne,-37.8497,144.968,leclerc,LEC,16,Charles,Leclerc,1997-10-16,Monegasque,ferrari,Ferrari,7,8,8,4.0,57,Finished,6146130.0,13.0,85.271,
2025,1,Australian Grand Prix,2025-03-16,albert_park,Albert Park Grand Prix Circuit,Australia,Melbourne,-37.8497,144.968,piastri,PIA,81,Oscar,Piastri,2001-04-06,Australian,mclaren,McLaren,2,9,9,2.0,57,Finished,6146752.0,4.0,83.242,
2025,1,Australian Grand Prix,2025-03-16,albert_park,Albert Park Grand Prix Circuit,Australia,Melbourne,-37.8497,144.968,hamilton,HAM,44,Lewis,Hamilton,1985-01-07,British,ferrari,Ferrari,8,10,10,1.0,57,Finished,6148777.0,7.0,84.218,
2025,1,Australian Grand Prix,2025-03-16,albert_park,Albert Park Grand Prix Circuit,Australia,Melbourne,-37.8497,144.968,gasly,GAS,10,Pierre,Gasly,1996-02-07,French,alpine,Alpine F1 Team,9,11,11,0.0,57,Finished,6152806.0,10.0,85.02,
2025,1,Australian Grand Prix,2025-03-16,albert_park,Albert Park Grand Prix Circuit,Australia,Melbourne,-37.8497,144.968,tsunoda,TSU,22,Yuki,Tsunoda,2000-05-11,Japanese,rb,RB F1 Team,5,12,12,0.0,57,Finished,6156188.0,6.0,84.194,
2025,1,Australian Grand Prix,2025-03-16,albert_park,Albert Park Grand Prix Circuit,Australia,Melbourne,-37.8497,144.968,ocon,OCO,31,Esteban,Ocon,1996-09-17,French,haas,Haas F1 Team,19,13,13,0.0,57,Finished,6159465.0,15.0,86.764,
2025,1,Australian Grand Prix,2025-03-16,albert_park,Albert Park Grand Prix Circuit,Australia,Melbourne,-37.8497,144.968,bearman,BEA,87,Oliver,Bearman,2005-05-08,British,haas,Haas F1 Team,20,14,14,0.0,57,Finished,6166655.0,16.0,87.60300000000001,
2025,1,Australian Grand Prix,2025-03-16,albert_park,Albert Park Grand Prix Circuit,Australia,Melbourne,-37.8497,144.968,lawson,LAW,30,Liam,Lawson,2002-02-11,New Zealander,red_bull,Red Bull,18,15,R,0.0,46,Retired,,2.0,82.97,
2025,1,Australian Grand Prix,2025-03-16,albert_park,Albert Park Grand Prix Circuit,Australia,Melbourne,-37.8497,144.968,bortoleto,BOR,5,Gabriel,Bortoleto,2004-10-14,Brazilian,sauber,Sauber,15,16,R,0.0,45,Retired,,5.0,84.19200000000001,
2025,1,Australian Grand Prix,2025-03-16,albert_park,Albert Park Grand Prix Circuit,Australia,Melbourne,-37.8497,144.968,alonso,ALO,14,Fernando,Alonso,1981-07-29,Spanish,aston_martin,Aston Martin,12,17,R,0.0,32,Retired,,17.0,88.819,
2025,1,Australian Grand Prix,2025-03-16,albert_park,Albert Park Grand Prix Circuit,Australia,Melbourne,-37.8497,144.968,sainz,SAI,55,Carlos,Sainz,1994-09-01,Spanish,williams,Williams,10,18,R,0.0,0,Retired,,,,
2025,1,Australian Grand Prix,2025-03-16,albert_park,Albert Park Grand Prix Circuit,Australia,Melbourne,-37.8497,144.968,doohan,DOO,7,Jack,Doohan,2003-01-20,Australian,alpine,Alpine F1 Team,14,19,R,0.0,0,Retired,,,,
2025,1,Australian Grand Prix,2025-03-16,albert_park,Albert Park Grand Prix Circuit,Australia,Melbourne,-37.8497,144.968,hadjar,HAD,6,Isack,Hadjar,2004-09-28,French,rb,RB F1 Team,11,20,R,0.0,0,Retired,,,,
2025,2,Chinese Grand Prix,2025-03-23,shanghai,Shanghai International Circuit,China,Shanghai,31.3389,121.22,piastri,PIA,81,Oscar,Piastri,2001-04-06,Australian,mclaren,McLaren,1,1,1,25.0,56,Finished,5455026.0,3.0,95.52000000000001,
2025,2,Chinese Grand Prix,2025-03-23,shanghai,Shanghai International Circuit,China,Shanghai,31.3389,121.22,norris,NOR,4,Lando,Norris,1999-11-13,British,mclaren,McLaren,3,2,2,18.0,56,Finished,5464774.0,1.0,95.45400000000001,
2025,2,Chinese Grand Prix,2025-03-23,shanghai,Shanghai International Circuit,China,Shanghai,31.3389,121.22,russell,RUS,63,George,Russell,1998-02-15,British,mercedes,Mercedes,2,3,3,15.0,56,Finished,5466123.0,5.0,95.816,
2025,2,Chinese Grand Prix,2025-03-23,shanghai,Shanghai International Circuit,China,Shanghai,31.3389,121.22,max_verstappen,VER,1,Max,Verstappen,1997-09-30,Dutch,red_bull,Red Bull,4,4,4,12.0,56,Finished,5471682.0,2.0,95.488,
2025,2,Chinese Grand Prix,2025-03-23,shanghai,Shanghai International Circuit,China,Shanghai,31.3389,121.22,ocon,OCO,31,Esteban,Ocon,1996-09-17,French,haas,Haas F1 Team,11,5,5,10.0,56,Finished,5504995.0,4.0,95.74000000000001,
2025,2,Chinese Grand Prix,2025-03-23,shanghai,Shanghai International Circuit,China,Shanghai,31.3389,121.22,antonelli,ANT,12,Andrea Kimi,Antonelli,2006-08-25,Italian,mercedes,Mercedes,8,6,6,8.0,56,Finished,5508774.0,11.0,96.04599999999999,
2025,2,Chinese Grand Prix,2025-03-23,shanghai,Shanghai International Circuit,China,Shanghai,31.3389,121.22,albon,ALB,23,Alexander,Albon,1996-03-23,Thai,williams,Williams,10,7,7,6.0,56,Finished,5511347.0,12.0,96.25399999999999,
2025,2,Chinese Grand Prix,2025-03-23,shanghai,Shanghai International Circuit,China,Shanghai,31.3389,121.22,bearman,BEA,87,Oliver,Bearman,2005-05-08,British,haas,Haas F1 Team,17,8,8,4.0,56,Finished,5516329.0,13.0,96.363,
2025,2,Chinese Grand Prix,2025-03-23,shanghai,Shanghai International Circuit,China,Shanghai,31.3389,121.22,stroll,STR,18,Lance,Stroll,1998-10-29,Canadian,aston_martin,Aston Martin,14,9,9,2.0,56,Finished,5525230.0,10.0,96.044,
2025,2,Chinese Grand Prix,2025-03-23,shanghai,Shanghai International Circuit,China,Shanghai,31.3389,121.22,sainz,SAI,55,Carlos,Sainz,1994-09-01,Spanish,williams,Williams,15,10,10,1.0,56,Finished,5531413.0,15.0,96.779,
2025,2,Chinese Grand Prix,2025-03-23,shanghai,Shanghai International Circuit,China,Shanghai,31.3389,121.22,hadjar,HAD,6,Isack,Hadjar,2004-09-28,French,rb,RB F1 Team,7,11,11,0.0,56,Finished,5533901.0,6.0,95.868,
2025,2,Chinese Grand Prix,2025-03-23,shanghai,Shanghai International Circuit,China,Shanghai,31.3389,121.22,lawson,LAW,30,Liam,Lawson,2002-02-11,New Zealander,red_bull,Red Bull,20,12,12,0.0,56,Finished,5536173.0,9.0,95.985,
2025,2,Chinese Grand Prix,2025-03-23,shanghai,Shanghai International Circuit,China,Shanghai,31.3389,121.22,doohan,DOO,7,Jack,Doohan,2003-01-20,Australian,alpine,Alpine F1 Team,18,13,13,0.0,56,Finished,5543427.0,14.0,96.424,
2025,2,Chinese Grand Prix,2025-03-23,shanghai,Shanghai International Circuit,China,Shanghai,31.3389,121.22,bortoleto,BOR,5,Gabriel,Bortoleto,2004-10-14,Brazilian,sauber,Sauber,19,14,14,0.0,55,Lapped,5465782.0,8.0,95.874,
2025,2,Chinese Grand Prix,2025-03-23,shanghai,Shanghai International Circuit,China,Shanghai,31.3389,121.22,hulkenberg,HUL,27,Nico,Hülkenberg,1987-08-19,German,sauber,Sauber,12,15,15,0.0,55,Lapped,5475252.0,16.0,97.275,
2025,2,Chinese Grand Prix,2025-03-23,shanghai,Shanghai International Circuit,China,Shanghai,31.3389,121.22,tsunoda,TSU,22,Yuki,Tsunoda,2000-05-11,Japanese,rb,RB F1 Team,9,16,16,0.0,55,Lapped,5478537.0,7.0,95.87100000000001,
2025,2,Chinese Grand Prix,2025-03-23,shanghai,Shanghai International Circuit,China,Shanghai,31.3389,121.22,alonso,ALO,14,Fernando,Alonso,1981-07-29,Spanish,aston_martin,Aston Martin,13,17,R,0.0,4,Retired,,17.0,99.256,
2025,2,Chinese Grand Prix,2025-03-23,shanghai,Shanghai International Circuit,China,Shanghai,31.3389,121.22,leclerc,LEC,16,Charles,Leclerc,1997-10-16,Monegasque,ferrari,Ferrari,6,18,D,0.0,0,Disqualified,,,,
2025,2,Chinese Grand Prix,2025-03-23,shanghai,Shanghai International Circuit,China,Shanghai,31.3389,121.22,hamilton,HAM,44,Lewis,Hamilton,1985-01-07,British,ferrari,Ferrari,5,19,D,0.0,0,Disqualified,,,,
2025,2,Chinese Grand Prix,2025-03-23,shanghai,Shanghai International Circuit,China,Shanghai,31.3389,121.22,gasly,GAS,10,Pierre,Gasly,1996-02-07,French,alpine,Alpine F1 Team,16,20,D,0.0,0,Disqualified,,,,
2025,3,Japanese Grand Prix,2025-04-06,suzuka,Suzuka Circuit,Japan,Suzuka,34.8431,136.541,max_verstappen,VER,1,Max,Verstappen,1997-09-30,Dutch,red_bull,Red Bull,1,1,1,25.0,53,Finished,4926983.0,3.0,91.041,
2025,3,Japanese Grand Prix,2025-04-06,suzuka,Suzuka Circuit,Japan,Suzuka,34.8431,136.541,norris,NOR,4,Lando,Norris,1999-11-13,British,mclaren,McLaren,2,2,2,18.0,53,Finished,4928406.0,5.0,91.116,
2025,3,Japanese Grand Prix,2025-04-06,suzuka,Suzuka Circuit,Japan,Suzuka,34.8431,136.541,piastri,PIA,81,Oscar,Piastri,2001-04-06,Australian,mclaren,McLaren,3,3,3,15.0,53,Finished,4929112.0,2.0,91.039,
2025,3,Japanese Grand Prix,2025-04-06,suzuka,Suzuka Circuit,Japan,Suzuka,34.8431,136.541,leclerc,LEC,16,Charles,Leclerc,1997-10-16,Monegasque,ferrari,Ferrari,4,4,4,12.0,53,Finished,4943080.0,10.0,91.469,
2025,3,Japanese Grand Prix,2025-04-06,suzuka,Suzuka Circuit,Japan,Suzuka,34.8431,136.541,russell,RUS,63,George,Russell,1998-02-15,British,mercedes,Mercedes,5,5,5,10.0,53,Finished,4944345.0,8.0,91.357,
2025,3,Japanese Grand Prix,2025-04-06,suzuka,Suzuka Circuit,Japan,Suzuka,34.8431,136.541,antonelli,ANT,12,Andrea Kimi,Antonelli,2006-08-25,Italian,mercedes,Mercedes,6,6,6,8.0,53,Finished,4945654.0,1.0,90.965,
2025,3,Japanese Grand Prix,2025-04-06,suzuka,Suzuka Circuit,Japan,Suzuka,34.8431,136.541,hamilton,HAM,44,Lewis,Hamilton,1985-01-07,British,ferrari,Ferrari,8,7,7,6.0,53,Finished,4956165.0,9.0,91.406,
2025,3,Japanese Grand Prix,2025-04-06,suzuka,Suzuka Circuit,Japan,Suzuka,34.8431,136.541,hadjar,HAD,6,Isack,Hadjar,2004-09-28,French,rb,RB F1 Team,7,8,8,4.0,53,Finished,4964117.0,7.0,91.31700000000001,
2025,3,Japanese Grand Prix,2025-04-06,suzuka,Suzuka Circuit,Japan,Suzuka,34.8431,136.541,albon,ALB,23,Alexander,Albon,1996-03-23,Thai,williams,Williams,9,9,9,2.0,53,Finished,4967350.0,6.0,91.125,
2025,3,Japanese Grand Prix,2025-04-06,suzuka,Suzuka Circuit,Japan,Suzuka,34.8431,136.541,bearman,BEA,87,Oliver,Bearman,2005-05-08,British,haas,Haas F1 Team,10,10,10,1.0,53,Finished,4981512.0,15.0,92.006,
2025,3,Japanese Grand Prix,2025-04-06,suzuka,Suzuka Circuit,Japan,Suzuka,34.8431,136.541,alonso,ALO,14,Fernando,Alonso,1981-07-29,Spanish,aston_martin,Aston Martin,12,11,11,0.0,53,Finished,4984316.0,11.0,91.77,
2025,3,Japanese Grand Prix,2025-04-06,suzuka,Suzuka Circuit,Japan,Suzuka,34.8431,136.541,tsunoda,TSU,22,Yuki,Tsunoda,2000-05-11,Japanese,red_bull,Red Bull,14,12,12,0.0,53,Finished,4985384.0,13.0,91.871,
2025,3,Japanese Grand Prix,2025-04-06,suzuka,Suzuka Circuit,Japan,Suzuka,34.8431,136.541,gasly,GAS,10,Pierre,Gasly,1996-02-07,French,alpine,Alpine F1 Team,11,13,13,0.0,53,Finished,4989105.0,12.0,91.82,
2025,3,Japanese Grand Prix,2025-04-06,suzuka,Suzuka Circuit,Japan,Suzuka,34.8431,136.541,sainz,SAI,55,Carlos,Sainz,1994-09-01,Spanish,williams,Williams,15,14,14,0.0,53,Finished,5001112.0,4.0,91.106,
2025,3,Japanese Grand Prix,2025-04-06,suzuka,Suzuka Circuit,Japan,Suzuka,34.8431,136.541,doohan,DOO,7,Jack,Doohan,2003-01-20,Australian,alpine,Alpine F1 Team,19,15,15,0.0,53,Finished,5008297.0,20.0,92.685,
2025,3,Japanese Grand Prix,2025-04-06,suzuka,Suzuka Circuit,Japan,Suzuka,34.8431,136.541,hulkenberg,HUL,27,Nico,Hülkenberg,1987-08-19,German,sauber,Sauber,16,16,16,0.0,53,Finished,5008940.0,19.0,92.572,
2025,3,Japanese Grand Prix,2025-04-06,suzuka,Suzuka Circuit,Japan,Suzuka,34.8431,136.541,lawson,LAW,30,Liam,Lawson,2002-02-11,New Zealander,rb,RB F1 Team,13,17,17,0.0,53,Finished,5009717.0,17.0,92.043,
2025,3,Japanese Grand Prix,2025-04-06,suzuka,Suzuka Circuit,Japan,Suzuka,34.8431,136.541,ocon,OCO,31,Esteban,Ocon,1996-09-17,French,haas,Haas F1 Team,18,18,18,0.0,53,Finished,5010421.0,14.0,91.967,
2025,3,Japanese Grand Prix,2025-04-06,suzuka,Suzuka Circuit,Japan,Suzuka,34.8431,136.541,bortoleto,BOR,5,Gabriel,Bortoleto,2004-10-14,Brazilian,sauber,Sauber,17,19,19,0.0,53,Finished,5010880.0,16.0,92.03399999999999,
2025,3,Japanese Grand Prix,2025-04-06,suzuka,Suzuka Circuit,Japan,Suzuka,34.8431,136.541,stroll,STR,18,Lance,Stroll,1998-10-29,Canadian,aston_martin,Aston Martin,20,20,20,0.0,52,Lapped,4939912.0,18.0,92.05199999999999,
2025,4,Bahrain Grand Prix,2025-04-13,bahrain,Bahrain International Circuit,Bahrain,Sakhir,26.0325,50.5106,piastri,PIA,81,Oscar,Piastri,2001-04-06,Australian,mclaren,McLaren,1,1,1,25.0,57,Finished,5739435.0,1.0,95.14,
2025,4,Bahrain Grand Prix,2025-04-13,bahrain,Bahrain International Circuit,Bahrain,Sakhir,26.0325,50.5106,russell,RUS,63,George,Russell,1998-02-15,British,mercedes,Mercedes,3,2,2,18.0,57,Finished,5754934.0,2.0,95.518,
2025,4,Bahrain Grand Prix,2025-04-13,bahrain,Bahrain International Circuit,Bahrain,Sakhir,26.0325,50.5106,norris,NOR,4,Lando,Norris,1999-11-13,British,mclaren,McLaren,6,3,3,15.0,57,Finished,5755708.0,3.0,95.72800000000001,
2025,4,Bahrain Grand Prix,2025-04-13,bahrain,Bahrain International Circuit,Bahrain,Sakhir,26.0325,50.5106,leclerc,LEC,16,Charles,Leclerc,1997-10-16,Monegasque,ferrari,Ferrari,2,4,4,12.0,57,Finished,5759114.0,4.0,96.132,
2025,4,Bahrain Grand Prix,2025-04-13,bahrain,Bahrain International Circuit,Bahrain,Sakhir,26.0325,50.5106,hamilton,HAM,44,Lewis,Hamilton,1985-01-07,British,ferrari,Ferrari,9,5,5,10.0,57,Finished,5767428.0,6.0,96.235,
2025,4,Bahrain Grand Prix,2025-04-13,bahrain,Bahrain International Circuit,Bahrain,Sakhir,26.0325,50.5106,max_verstappen,VER,1,Max,Verstappen,1997-09-30,Dutch,red_bull,Red Bull,7,6,6,8.0,57,Finished,5773830.0,5.0,96.167,
2025,4,Bahrain Grand Prix,2025-04-13,bahrain,Bahrain International Circuit,Bahrain,Sakhir,26.0325,50.5106,gasly,GAS,10,Pierre,Gasly,1996-02-07,French,alpine,Alpine F1 Team,4,7,7,6.0,57,Finished,5775437.0,7.0,96.531,
2025,4,Bahrain Grand Prix,2025-04-13,bahrain,Bahrain International Circuit,Bahrain,Sakhir,26.0325,50.5106,ocon,OCO,31,Esteban,Ocon,1996-09-17,French,haas,Haas F1 Team,14,8,8,4.0,57,Finished,5783679.0,12.0,97.098,
2025,4,Bahrain Grand Prix,2025-04-13,bahrain,Bahrain International Circuit,Bahrain,Sakhir,26.0325,50.5106,tsunoda,TSU,22,Yuki,Tsunoda,2000-05-11,Japanese,red_bull,Red Bull,10,9,9,2.0,57,Finished,5784496.0,14.0,97.225,
2025,4,Bahrain Grand Prix,2025-04-13,bahrain,Bahrain International Circuit,Bahrain,Sakhir,26.0325,50.5106,bearman,BEA,87,Oliver,Bearman,2005-05-08,British,haas,Haas F1 Team,20,10,10,1.0,57,Finished,5787029.0,15.0,97.303,
2025,4,Bahrain Grand Prix,2025-04-13,bahrain,Bahrain International Circuit,Bahrain,Sakhir,26.0325,50.5106,antonelli,ANT,12,Andrea Kimi,Antonelli,2006-08-25,Italian,mercedes,Mercedes,5,11,11,0.0,57,Finished,5787451.0,9.0,96.69,
2025,4,Bahrain Grand Prix,2025-04-13,bahrain,Bahrain International Circuit,Bahrain,Sakhir,26.0325,50.5106,albon,ALB,23,Alexander,Albon,1996-03-23,Thai,williams,Williams,15,12,12,0.0,57,Finished,5788274.0,13.0,97.14099999999999,
2025,4,Bahrain Grand Prix,2025-04-13,bahrain,Bahrain International Circuit,Bahrain,Sakhir,26.0325,50.5106,hadjar,HAD,6,Isack,Hadjar,2004-09-28,French,rb,RB F1 Team,12,13,13,0.0,57,Finished,5795749.0,10.0,96.952,
2025,4,Bahrain Grand Prix,2025-04-13,bahrain,Bahrain International Circuit,Bahrain,Sakhir,26.0325,50.5106,doohan,DOO,7,Jack,Doohan,2003-01-20,Australian,alpine,Alpine F1 Team,11,14,14,0.0,57,Finished,5797241.0,8.0,96.682,
2025,4,Bahrain Grand Prix,2025-04-13,bahrain,Bahrain International Circuit,Bahrain,Sakhir,26.0325,50.5106,alonso,ALO,14,Fernando,Alonso,1981-07-29,Spanish,aston_martin,Aston Martin,13,15,15,0.0,57,Finished,5799775.0,17.0,97.906,
2025,4,Bahrain Grand Prix,2025-04-13,bahrain,Bahrain International Circuit,Bahrain,Sakhir,26.0325,50.5106,lawson,LAW,30,Liam,Lawson,2002-02-11,New Zealander,rb,RB F1 Team,17,16,16,0.0,57,Finished,5803870.0,16.0,97.38,
2025,4,Bahrain Grand Prix,2025-04-13,bahrain,Bahrain International Circuit,Bahrain,Sakhir,26.0325,50.5106,stroll,STR,18,Lance,Stroll,1998-10-29,Canadian,aston_martin,Aston Martin,19,17,17,0.0,57,Finished,5804924.0,19.0,98.064,
2025,4,Bahrain Grand Prix,2025-04-13,bahrain,Bahrain International Circuit,Bahrain,Sakhir,26.0325,50.5106,bortoleto,BOR,5,Gabriel,Bortoleto,2004-10-14,Brazilian,sauber,Sauber,18,18,18,0.0,57,Finished,5806307.0,18.0,98.006,
2025,4,Bahrain Grand Prix,2025-04-13,bahrain,Bahrain International Circuit,Bahrain,Sakhir,26.0325,50.5106,sainz,SAI,55,Carlos,Sainz,1994-09-01,Spanish,williams,Williams,8,19,R,0.0,45,Retired,,11.0,96.95400000000001,
2025,4,Bahrain Grand Prix,2025-04-13,bahrain,Bahrain International Circuit,Bahrain,Sakhir,26.0325,50.5106,hulkenberg,HUL,27,Nico,Hülkenberg,1987-08-19,German,sauber,Sauber,16,20,D,0.0,0,Disqualified,,,,
2025,5,Saudi Arabian Grand Prix,2025-04-20,jeddah,Jeddah Corniche Circuit,Saudi Arabia,Jeddah,21.6319,39.1044,piastri,PIA,81,Oscar,Piastri,2001-04-06,Australian,mclaren,McLaren,2,1,1,25.0,50,Finished,4866758.0,3.0,92.22800000000001,
2025,5,Saudi Arabian Grand Prix,2025-04-20,jeddah,Jeddah Corniche Circuit,Saudi Arabia,Jeddah,21.6319,39.1044,max_verstappen,VER,1,Max,Verstappen,1997-09-30,Dutch,red_bull,Red Bull,1,2,2,18.0,50,Finished,4869601.0,4.0,92.28,
2025,5,Saudi Arabian Grand Prix,2025-04-20,jeddah,Jeddah Corniche Circuit,Saudi Arabia,Jeddah,21.6319,39.1044,leclerc,LEC,16,Charles,Leclerc,1997-10-16,Monegasque,ferrari,Ferrari,4,3,3,15.0,50,Finished,4874862.0,2.0,92.19200000000001,
2025,5,Saudi Arabian Grand Prix,2025-04-20,jeddah,Jeddah Corniche Circuit,Saudi Arabia,Jeddah,21.6319,39.1044,norris,NOR,4,Lando,Norris,1999-11-13,British,mclaren,McLaren,10,4,4,12.0,50,Finished,4875954.0,1.0,91.77799999999999,
2025,5,Saudi Arabian Grand Prix,2025-04-20,jeddah,Jeddah Corniche Circuit,Saudi Arabia,Jeddah,21.6319,39.1044,russell,RUS,63,George,Russell,1998-02-15,British,mercedes,Mercedes,3,5,5,10.0,50,Finished,4893994.0,9.0,92.893,
2025,5,Saudi Arabian Grand Prix,2025-04-20,jeddah,Jeddah Corniche Circuit,Saudi Arabia,Jeddah,21.6319,39.1044,antonelli,ANT,12,Andrea Kimi,Antonelli,2006-08-25,Italian,mercedes,Mercedes,5,6,6,8.0,50,Finished,4901446.0,5.0,92.396,
2025,5,Saudi Arabian Grand Prix,2025-04-20,jeddah,Jeddah Corniche Circuit,Saudi Arabia,Jeddah,21.6319,39.1044,hamilton,HAM,44,Lewis,Hamilton,1985-01-07,British,ferrari,Ferrari,7,7,7,6.0,50,Finished,4905831.0,7.0,92.6,
2025,5,Saudi Arabian Grand Prix,2025-04-20,jeddah,Jeddah Corniche Circuit,Saudi Arabia,Jeddah,21.6319,39.1044,sainz,SAI,55,Carlos,Sainz,1994-09-01,Spanish,williams,Williams,6,8,8,4.0,50,Finished,4931388.0,6.0,92.46600000000001,
2025,5,Saudi Arabian Grand Prix,2025-04-20,jeddah,Jeddah Corniche Circuit,Saudi Arabia,Jeddah,21.6319,39.1044,albon,ALB,23,Alexander,Albon,1996-03-23,Thai,williams,Williams,11,9,9,2.0,50,Finished,4933273.0,16.0,93.477,
2025,5,Saudi Arabian Grand Prix,2025-04-20,jeddah,Jeddah Corniche Circuit,Saudi Arabia,Jeddah,21.6319,39.1044,hadjar,HAD,6,Isack,Hadjar,2004-09-28,French,rb,RB F1 Team,14,10,10,1.0,50,Finished,4933849.0,14.0,93.257,
2025,5,Saudi Arabian Grand Prix,2025-04-20,jeddah,Jeddah Corniche Circuit,Saudi Arabia,Jeddah,21.6319,39.1044,alonso,ALO,14,Fernando,Alonso,1981-07-29,Spanish,aston_martin,Aston Martin,13,11,11,0.0,50,Finished,4942675.0,11.0,93.009,
2025,5,Saudi Arabian Grand Prix,2025-04-20,jeddah,Jeddah Corniche Circuit,Saudi Arabia,Jeddah,21.6319,39.1044,lawson,LAW,30,Liam,Lawson,2002-02-11,New Zealander,rb,RB F1 Team,12,12,12,0.0,50,Finished,4945209.0,10.0,92.99799999999999,
2025,5,Saudi Arabian Grand Prix,2025-04-20,jeddah,Jeddah Corniche Circuit,Saudi Arabia,Jeddah,21.6319,39.1044,bearman,BEA,87,Oliver,Bearman,2005-05-08,British,haas,Haas F1 Team,15,13,13,0.0,50,Finished,4945952.0,13.0,93.238,
2025,5,Saudi Arabian Grand Prix,2025-04-20,jeddah,Jeddah Corniche Circuit,Saudi Arabia,Jeddah,21.6319,39.1044,ocon,OCO,31,Esteban,Ocon,1996-09-17,French,haas,Haas F1 Team,19,14,14,0.0,50,Finished,4966481.0,17.0,94.309,
2025,5,Saudi Arabian Grand Prix,2025-04-20,jeddah,Jeddah Corniche Circuit,Saudi Arabia,Jeddah,21.6319,39.1044,hulkenberg,HUL,27,Nico,Hülkenberg,1987-08-19,German,sauber,Sauber,18,15,15,0.0,49,Lapped,4871367.0,15.0,93.446,
2025,5,Saudi Arabian Grand Prix,2025-04-20,jeddah,Jeddah Corniche Circuit,Saudi Arabia,Jeddah,21.6319,39.1044,stroll,STR,18,Lance,Stroll,1998-10-29,Canadian,aston_martin,Aston Martin,16,16,16,0.0,49,Lapped,4872285.0,8.0,92.745,
2025,5,Saudi Arabian Grand Prix,2025-04-20,jeddah,Jeddah Corniche Circuit,Saudi Arabia,Jeddah,21.6319,39.1044,doohan,DOO,7,Jack,Doohan,2003-01-20,Australian,alpine,Alpine F1 Team,17,17,17,0.0,49,Lapped,4886022.0,12.0,93.15,
2025,5,Saudi Arabian Grand Prix,2025-04-20,jeddah,Jeddah Corniche Circuit,Saudi Arabia,Jeddah,21.6319,39.1044,bortoleto,BOR,5,Gabriel,Bortoleto,2004-10-14,Brazilian,sauber,Sauber,20,18,18,0.0,49,Lapped,4886064.0,18.0,94.447,
2025,5,Saudi Arabian Grand Prix,2025-04-20,jeddah,Jeddah Corniche Circuit,Saudi Arabia,Jeddah,21.6319,39.1044,tsunoda,TSU,22,Yuki,Tsunoda,2000-05-11,Japanese,red_bull,Red Bull,8,19,R,0.0,1,Retired,,,,
2025,5,Saudi Arabian Grand Prix,2025-04-20,jeddah,Jeddah Corniche Circuit,Saudi Arabia,Jeddah,21.6319,39.1044,gasly,GAS,10,Pierre,Gasly,1996-02-07,French,alpine,Alpine F1 Team,9,20,R,0.0,0,Retired,,,,
2025,6,Miami Grand Prix,2025-05-04,miami,Miami International Autodrome,USA,Miami,25.9581,-80.2389,piastri,PIA,81,Oscar,Piastri,2001-04-06,Australian,mclaren,McLaren,4,1,1,25.0,57,Finished,5331587.0,2.0,89.822,
2025,6,Miami Grand Prix,2025-05-04,miami,Miami International Autodrome,USA,Miami,25.9581,-80.2389,norris,NOR,4,Lando,Norris,1999-11-13,British,mclaren,McLaren,2,2,2,18.0,57,Finished,5336217.0,1.0,89.746,
2025,6,Miami Grand Prix,2025-05-04,miami,Miami International Autodrome,USA,Miami,25.9581,-80.2389,russell,RUS,63,George,Russell,1998-02-15,British,mercedes,Mercedes,5,3,3,15.0,57,Finished,5369231.0,3.0,90.318,
2025,6,Miami Grand Prix,2025-05-04,miami,Miami International Autodrome,USA,Miami,25.9581,-80.2389,max_verstappen,VER,1,Max,Verstappen,1997-09-30,Dutch,red_bull,Red Bull,1,4,4,12.0,57,Finished,5371543.0,5.0,90.46600000000001,
2025,6,Miami Grand Prix,2025-05-04,miami,Miami International Autodrome,USA,Miami,25.9581,-80.2389,albon,ALB,23,Alexander,Albon,1996-03-23,Thai,williams,Williams,7,5,5,10.0,57,Finished,5379654.0,6.0,90.482,
2025,6,Miami Grand Prix,2025-05-04,miami,Miami International Autodrome,USA,Miami,25.9581,-80.2389,antonelli,ANT,12,Andrea Kimi,Antonelli,2006-08-25,Italian,mercedes,Mercedes,3,6,6,8.0,57,Finished,5387089.0,9.0,90.795,
2025,6,Miami Grand Prix,2025-05-04,miami,Miami International Autodrome,USA,Miami,25.9581,-80.2389,leclerc,LEC,16,Charles,Leclerc,1997-10-16,Monegasque,ferrari,Ferrari,8,7,7,6.0,57,Finished,5388623.0,4.0,90.461,
2025,6,Miami Grand Prix,2025-05-04,miami,Miami International Autodrome,USA,Miami,25.9581,-80.2389,hamilton,HAM,44,Lewis,Hamilton,1985-01-07,British,ferrari,Ferrari,12,8,8,4.0,57,Finished,5391773.0,7.0,90.562,
2025,6,Miami Grand Prix,2025-05-04,miami,Miami International Autodrome,USA,Miami,25.9581,-80.2389,sainz,SAI,55,Carlos,Sainz,1994-09-01,Spanish,williams,Williams,6,9,9,2.0,57,Finished,5392164.0,8.0,90.703,
2025,6,Miami Grand Prix,2025-05-04,miami,Miami International Autodrome,USA,Miami,25.9581,-80.2389,tsunoda,TSU,22,Yuki,Tsunoda,2000-05-11,Japanese,red_bull,Red Bull,10,10,10,1.0,57,Finished,5406021.0,10.0,90.964,
2025,6,Miami Grand Prix,2025-05-04,miami,Miami International Autodrome,USA,Miami,25.9581,-80.2389,hadjar,HAD,6,Isack,Hadjar,2004-09-28,French,rb,RB F1 Team,11,11,11,0.0,57,Finished,5406189.0,11.0,90.971,
2025,6,Miami Grand Prix,2025-05-04,miami,Miami International Autodrome,USA,Miami,25.9581,-80.2389,ocon,OCO,31,Esteban,Ocon,1996-09-17,French,haas,Haas F1 Team,9,12,12,0.0,57,Finished,5413593.0,13.0,91.122,
2025,6,Miami Grand Prix,2025-05-04,miami,Miami International Autodrome,USA,Miami,25.9581,-80.2389,gasly,GAS,10,Pierre,Gasly,1996-02-07,French,alpine,Alpine F1 Team,20,13,13,0.0,57,Finished,5422032.0,14.0,91.15899999999999,
2025,6,Miami Grand Prix,2025-05-04,miami,Miami International Autodrome,USA,Miami,25.9581,-80.2389,hulkenberg,HUL,27,Nico,Hülkenberg,1987-08-19,German,sauber,Sauber,16,14,14,0.0,56,Lapped,5332742.0,12.0,91.015,
2025,6,Miami Grand Prix,2025-05-04,miami,Miami International Autodrome,USA,Miami,25.9581,-80.2389,alonso,ALO,14,Fernando,Alonso,1981-07-29,Spanish,aston_martin,Aston Martin,17,15,15,0.0,56,Lapped,5352566.0,15.0,91.287,
2025,6,Miami Grand Prix,2025-05-04,miami,Miami International Autodrome,USA,Miami,25.9581,-80.2389,stroll,STR,18,Lance,Stroll,1998-10-29,Canadian,aston_martin,Aston Martin,18,16,16,0.0,56,Lapped,5356749.0,16.0,91.769,
2025,6,Miami Grand Prix,2025-05-04,miami,Miami International Autodrome,USA,Miami,25.9581,-80.2389,lawson,LAW,30,Liam,Lawson,2002-02-11,New Zealander,rb,RB F1 Team,15,17,R,0.0,36,Retired,,17.0,91.77,
2025,6,Miami Grand Prix,2025-05-04,miami,Miami International Autodrome,USA,Miami,25.9581,-80.2389,bortoleto,BOR,5,Gabriel,Bortoleto,2004-10-14,Brazilian,sauber,Sauber,13,18,R,0.0,30,Retired,,18.0,92.328,
2025,6,Miami Grand Prix,2025-05-04,miami,Miami International Autodrome,USA,Miami,25.9581,-80.2389,bearman,BEA,87,Oliver,Bearman,2005-05-08,British,haas,Haas F1 Team,19,19,R,0.0,27,Retired,,19.0,92.68,
2025,6,Miami Grand Prix,2025-05-04,miami,Miami International Autodrome,USA,Miami,25.9581,-80.2389,doohan,DOO,7,Jack,Doohan,2003-01-20,Australian,alpine,Alpine F1 Team,14,20,R,0.0,0,Retired,,,,
2025,7,Emilia Romagna Grand Prix,2025-05-18,imola,Autodromo Enzo e Dino Ferrari,Italy,Imola,44.3439,11.7167,max_verstappen,VER,1,Max,Verstappen,1997-09-30,Dutch,red_bull,Red Bull,2,1,1,25.0,63,Finished,5493199.0,1.0,77.988,
2025,7,Emilia Romagna Grand Prix,2025-05-18,imola,Autodromo Enzo e Dino Ferrari,Italy,Imola,44.3439,11.7167,norris,NOR,4,Lando,Norris,1999-11-13,British,mclaren,McLaren,4,2,2,18.0,63,Finished,5499308.0,4.0,78.311,
2025,7,Emilia Romagna Grand Prix,2025-05-18,imola,Autodromo Enzo e Dino Ferrari,Italy,Imola,44.3439,11.7167,piastri,PIA,81,Oscar,Piastri,2001-04-06,Australian,mclaren,McLaren,1,3,3,15.0,63,Finished,5506155.0,5.0,78.894,
2025,7,Emilia Romagna Grand Prix,2025-05-18,imola,Autodromo Enzo e Dino Ferrari,Italy,Imola,44.3439,11.7167,hamilton,HAM,44,Lewis,Hamilton,1985-01-07,British,ferrari,Ferrari,12,4,4,12.0,63,Finished,5507555.0,2.0,78.265,
2025,7,Emilia Romagna Grand Prix,2025-05-18,imola,Autodromo Enzo e Dino Ferrari,Italy,Imola,44.3439,11.7167,albon,ALB,23,Alexander,Albon,1996-03-23,Thai,williams,Williams,7,5,5,10.0,63,Finished,5511144.0,3.0,78.289,
2025,7,Emilia Romagna Grand Prix,2025-05-18,imola,Autodromo Enzo e Dino Ferrari,Italy,Imola,44.3439,11.7167,leclerc,LEC,16,Charles,Leclerc,1997-10-16,Monegasque,ferrari,Ferrari,11,6,6,8.0,63,Finished,5513973.0,6.0,79.048,
2025,7,Emilia Romagna Grand Prix,2025-05-18,imola,Autodromo Enzo e Dino Ferrari,Italy,Imola,44.3439,11.7167,russell,RUS,63,George,Russell,1998-02-15,British,mercedes,Mercedes,3,7,7,6.0,63,Finished,5515233.0,9.0,79.733,
2025,7,Emilia Romagna Grand Prix,2025-05-18,imola,Autodromo Enzo e Dino Ferrari,Italy,Imola,44.3439,11.7167,sainz,SAI,55,Carlos,Sainz,1994-09-01,Spanish,williams,Williams,6,8,8,4.0,63,Finished,5516097.0,10.0,79.836,
2025,7,Emilia Romagna Grand Prix,2025-05-18,imola,Autodromo Enzo e Dino Ferrari,Italy,Imola,44.3439,11.7167,hadjar,HAD,6,Isack,Hadjar,2004-09-28,French,rb,RB F1 Team,9,9,9,2.0,63,Finished,5516785.0,7.0,79.473,
2025,7,Emilia Romagna Grand Prix,2025-05-18,imola,Autodromo Enzo e Dino Ferrari,Italy,Imola,44.3439,11.7167,tsunoda,TSU,22,Yuki,Tsunoda,2000-05-11,Japanese,red_bull,Red Bull,20,10,10,1.0,63,Finished,5519645.0,12.0,80.039,
2025,7,Emilia Romagna Grand Prix,2025-05-18,imola,Autodromo Enzo e Dino Ferrari,Italy,Imola,44.3439,11.7167,alonso,ALO,14,Fernando,Alonso,1981-07-29,Spanish,aston_martin,Aston Martin,5,11,11,0.0,63,Finished,5520449.0,11.0,79.894,
2025,7,Emilia Romagna Grand Prix,2025-05-18,imola,Autodromo Enzo e Dino Ferrari,Italy,Imola,44.3439,11.7167,hulkenberg,HUL,27,Nico,Hülkenberg,1987-08-19,German,sauber,Sauber,17,12,12,0.0,63,Finished,5523495.0,15.0,80.401,
2025,7,Emilia Romagna Grand Prix,2025-05-18,imola,Autodromo Enzo e Dino Ferrari,Italy,Imola,44.3439,11.7167,gasly,GAS,10,Pierre,Gasly,1996-02-07,French,alpine,Alpine F1 Team,10,13,13,0.0,63,Finished,5524623.0,14.0,80.398,
2025,7,Emilia Romagna Grand Prix,2025-05-18,imola,Autodromo Enzo e Dino Ferrari,Italy,Imola,44.3439,11.7167,lawson,LAW,30,Liam,Lawson,2002-02-11,New Zealander,rb,RB F1 Team,15,14,14,0.0,63,Finished,5525710.0,16.0,80.473,
2025,7,Emilia Romagna Grand Prix,2025-05-18,imola,Autodromo Enzo e Dino Ferrari,Italy,Imola,44.3439,11.7167,stroll,STR,18,Lance,Stroll,1998-10-29,Canadian,aston_martin,Aston Martin,8,15,15,0.0,63,Finished,5526192.0,17.0,80.501,
2025,7,Emilia Romagna Grand Prix,2025-05-18,imola,Autodromo Enzo e Dino Ferrari,Italy,Imola,44.3439,11.7167,colapinto,COL,43,Franco,Colapinto,2003-05-27,Argentine,alpine,Alpine F1 Team,16,16,16,0.0,63,Finished,5526610.0,13.0,80.345,
2025,7,Emilia Romagna Grand Prix,2025-05-18,imola,Autodromo Enzo e Dino Ferrari,Italy,Imola,44.3439,11.7167,bearman,BEA,87,Oliver,Bearman,2005-05-08,British,haas,Haas F1 Team,19,17,17,0.0,63,Finished,5527007.0,8.0,79.521,
2025,7,Emilia Romagna Grand Prix,2025-05-18,imola,Autodromo Enzo e Dino Ferrari,Italy,Imola,44.3439,11.7167,bortoleto,BOR,5,Gabriel,Bortoleto,2004-10-14,Brazilian,sauber,Sauber,14,18,18,0.0,63,Finished,5531771.0,19.0,80.63,
2025,7,Emilia Romagna Grand Prix,2025-05-18,imola,Autodromo Enzo e Dino Ferrari,Italy,Imola,44.3439,11.7167,antonelli,ANT,12,Andrea Kimi,Antonelli,2006-08-25,Italian,mercedes,Mercedes,13,19,R,0.0,44,Retired,,18.0,80.62,
2025,7,Emilia Romagna Grand Prix,2025-05-18,imola,Autodromo Enzo e Dino Ferrari,Italy,Imola,44.3439,11.7167,ocon,OCO,31,Esteban,Ocon,1996-09-17,French,haas,Haas F1 Team,18,20,R,0.0,27,Retired,,20.0,81.413,
2025,8,Monaco Grand Prix,2025-05-25,monaco,Circuit de Monaco,Monaco,Monte Carlo,43.7347,7.42056,norris,NOR,4,Lando,Norris,1999-11-13,British,mclaren,McLaren,1,1,1,25.0,78,Finished,6033843.0,1.0,73.221,
2025,8,Monaco Grand Prix,2025-05-25,monaco,Circuit de Monaco,Monaco,Monte Carlo,43.7347,7.42056,leclerc,LEC,16,Charles,Leclerc,1997-10-16,Monegasque,ferrari,Ferrari,2,2,2,18.0,78,Finished,6036974.0,6.0,74.055,
2025,8,Monaco Grand Prix,2025-05-25,monaco,Circuit de Monaco,Monaco,Monte Carlo,43.7347,7.42056,piastri,PIA,81,Oscar,Piastri,2001-04-06,Australian,mclaren,McLaren,3,3,3,15.0,78,Finished,6037501.0,4.0,73.745,
2025,8,Monaco Grand Prix,2025-05-25,monaco,Circuit de Monaco,Monaco,Monte Carlo,43.7347,7.42056,max_verstappen,VER,1,Max,Verstappen,1997-09-30,Dutch,red_bull,Red Bull,4,4,4,12.0,78,Finished,6054415.0,8.0,74.23,
2025,8,Monaco Grand Prix,2025-05-25,monaco,Circuit de Monaco,Monaco,Monte Carlo,43.7347,7.42056,hamilton,HAM,44,Lewis,Hamilton,1985-01-07,British,ferrari,Ferrari,7,5,5,10.0,78,Finished,6085230.0,7.0,74.09,
2025,8,Monaco Grand Prix,2025-05-25,monaco,Circuit de Monaco,Monaco,Monte Carlo,43.7347,7.42056,hadjar,HAD,6,Isack,Hadjar,2004-09-28,French,rb,RB F1 Team,5,6,6,8.0,77,Lapped,6098925.0,19.0,75.981,
2025,8,Monaco Grand Prix,2025-05-25,monaco,Circuit de Monaco,Monaco,Monte Carlo,43.7347,7.42056,ocon,OCO,31,Esteban,Ocon,1996-09-17,French,haas,Haas F1 Team,8,7,7,6.0,77,Lapped,6099872.0,14.0,75.157,
2025,8,Monaco Grand Prix,2025-05-25,monaco,Circuit de Monaco,Monaco,Monte Carlo,43.7347,7.42056,lawson,LAW,30,Liam,Lawson,2002-02-11,New Zealander,rb,RB F1 Team,9,8,8,4.0,77,Lapped,6100589.0,17.0,75.321,
2025,8,Monaco Grand Prix,2025-05-25,monaco,Circuit de Monaco,Monaco,Monte Carlo,43.7347,7.42056,albon,ALB,23,Alexander,Albon,1996-03-23,Thai,williams,Williams,10,9,9,2.0,76,Lapped,6045712.0,9.0,74.597,
2025,8,Monaco Grand Prix,2025-05-25,monaco,Circuit de Monaco,Monaco,Monte Carlo,43.7347,7.42056,sainz,SAI,55,Carlos,Sainz,1994-09-01,Spanish,williams,Williams,11,10,10,1.0,76,Lapped,6049075.0,5.0,73.988,
2025,8,Monaco Grand Prix,2025-05-25,monaco,Circuit de Monaco,Monaco,Monte Carlo,43.7347,7.42056,russell,RUS,63,George,Russell,1998-02-15,British,mercedes,Mercedes,14,11,11,0.0,76,Lapped,6067687.0,2.0,73.405,
2025,8,Monaco Grand Prix,2025-05-25,monaco,Circuit de Monaco,Monaco,Monte Carlo,43.7347,7.42056,bearman,BEA,87,Oliver,Bearman,2005-05-08,British,haas,Haas F1 Team,20,12,12,0.0,76,Lapped,6088536.0,10.0,74.855,
2025,8,Monaco Grand Prix,2025-05-25,monaco,Circuit de Monaco,Monaco,Monte Carlo,43.7347,7.42056,colapinto,COL,43,Franco,Colapinto,2003-05-27,Argentine,alpine,Alpine F1 Team,18,13,13,0.0,76,Lapped,6090957.0,16.0,75.298,
2025,8,Monaco Grand Prix,2025-05-25,monaco,Circuit de Monaco,Monaco,Monte Carlo,43.7347,7.42056,bortoleto,BOR,5,Gabriel,Bortoleto,2004-10-14,Brazilian,sauber,Sauber,16,14,14,0.0,76,Lapped,6102267.0,12.0,74.884,
2025,8,Monaco Grand Prix,2025-05-25,monaco,Circuit de Monaco,Monaco,Monte Carlo,43.7347,7.42056,stroll,STR,18,Lance,Stroll,1998-10-29,Canadian,aston_martin,Aston Martin,19,15,15,0.0,76,Lapped,6104238.0,11.0,74.877,
2025,8,Monaco Grand Prix,2025-05-25,monaco,Circuit de Monaco,Monaco,Monte Carlo,43.7347,7.42056,hulkenberg,HUL,27,Nico,Hülkenberg,1987-08-19,German,sauber,Sauber,13,16,16,0.0,76,Lapped,6105387.0,15.0,75.223,
2025,8,Monaco Grand Prix,2025-05-25,monaco,Circuit de Monaco,Monaco,Monte Carlo,43.7347,7.42056,tsunoda,TSU,22,Yuki,Tsunoda,2000-05-11,Japanese,red_bull,Red Bull,12,17,17,0.0,76,Lapped,6105692.0,13.0,74.913,
2025,8,Monaco Grand Prix,2025-05-25,monaco,Circuit de Monaco,Monaco,Monte Carlo,43.7347,7.42056,antonelli,ANT,12,Andrea Kimi,Antonelli,2006-08-25,Italian,mercedes,Mercedes,15,18,18,0.0,75,Lapped,6042252.0,3.0,73.518,
2025,8,Monaco Grand Prix,2025-05-25,monaco,Circuit de Monaco,Monaco,Monte Carlo,43.7347,7.42056,alonso,ALO,14,Fernando,Alonso,1981-07-29,Spanish,aston_martin,Aston Martin,6,19,R,0.0,36,Retired,,18.0,75.593,
2025,8,Monaco Grand Prix,2025-05-25,monaco,Circuit de Monaco,Monaco,Monte Carlo,43.7347,7.42056,gasly,GAS,10,Pierre,Gasly,1996-02-07,French,alpine,Alpine F1 Team,17,20,R,0.0,7,Retired,,20.0,78.054,
2025,9,Spanish Grand Prix,2025-06-01,catalunya,Circuit de Barcelona-Catalunya,Spain,Barcelona,41.57,2.26111,piastri,PIA,81,Oscar,Piastri,2001-04-06,Australian,mclaren,McLaren,1,1,1,25.0,66,Finished,5577375.0,1.0,75.743,
2025,9,Spanish Grand Prix,2025-06-01,catalunya,Circuit de Barcelona-Catalunya,Spain,Barcelona,41.57,2.26111,norris,NOR,4,Lando,Norris,1999-11-13,British,mclaren,McLaren,2,2,2,18.0,66,Finished,5579846.0,2.0,76.187,
2025,9,Spanish Grand Prix,2025-06-01,catalunya,Circuit de Barcelona-Catalunya,Spain,Barcelona,41.57,2.26111,leclerc,LEC,16,Charles,Leclerc,1997-10-16,Monegasque,ferrari,Ferrari,7,3,3,15.0,66,Finished,5587830.0,5.0,77.259,
2025,9,Spanish Grand Prix,2025-06-01,catalunya,Circuit de Barcelona-Catalunya,Spain,Barcelona,41.57,2.26111,russell,RUS,63,George,Russell,1998-02-15,British,mercedes,Mercedes,4,4,4,12.0,66,Finished,5588734.0,4.0,77.244,
2025,9,Spanish Grand Prix,2025-06-01,catalunya,Circuit de Barcelona-Catalunya,Spain,Barcelona,41.57,2.26111,hulkenberg,HUL,27,Nico,Hülkenberg,1987-08-19,German,sauber,Sauber,15,5,5,10.0,66,Finished,5591023.0,6.0,77.575,
2025,9,Spanish Grand Prix,2025-06-01,catalunya,Circuit de Barcelona-Catalunya,Spain,Barcelona,41.57,2.26111,hamilton,HAM,44,Lewis,Hamilton,1985-01-07,British,ferrari,Ferrari,5,6,6,8.0,66,Finished,5592883.0,7.0,77.706,
2025,9,Spanish Grand Prix,2025-06-01,catalunya,Circuit de Barcelona-Catalunya,Spain,Barcelona,41.57,2.26111,hadjar,HAD,6,Isack,Hadjar,2004-09-28,French,rb,RB F1 Team,9,7,7,6.0,66,Finished,5593397.0,8.0,77.77,
2025,9,Spanish Grand Prix,2025-06-01,catalunya,Circuit de Barcelona-Catalunya,Spain,Barcelona,41.57,2.26111,gasly,GAS,10,Pierre,Gasly,1996-02-07,French,alpine,Alpine F1 Team,8,8,8,4.0,66,Finished,5595257.0,9.0,77.896,
2025,9,Spanish Grand Prix,2025-06-01,catalunya,Circuit de Barcelona-Catalunya,Spain,Barcelona,41.57,2.26111,alonso,ALO,14,Fernando,Alonso,1981-07-29,Spanish,aston_martin,Aston Martin,10,9,9,2.0,66,Finished,5598939.0,11.0,78.128,
2025,9,Spanish Grand Prix,2025-06-01,catalunya,Circuit de Barcelona-Catalunya,Spain,Barcelona,41.57,2.26111,max_verstappen,VER,1,Max,Verstappen,1997-09-30,Dutch,red_bull,Red Bull,3,10,10,1.0,66,Finished,5599201.0,3.0,77.019,
2025,9,Spanish Grand Prix,2025-06-01,catalunya,Circuit de Barcelona-Catalunya,Spain,Barcelona,41.57,2.26111,lawson,LAW,30,Liam,Lawson,2002-02-11,New Zealander,rb,RB F1 Team,13,11,11,0.0,66,Finished,5602907.0,18.0,79.424,
2025,9,Spanish Grand Prix,2025-06-01,catalunya,Circuit de Barcelona-Catalunya,Spain,Barcelona,41.57,2.26111,bortoleto,BOR,5,Gabriel,Bortoleto,2004-10-14,Brazilian,sauber,Sauber,12,12,12,0.0,66,Finished,5603371.0,13.0,78.297,
2025,9,Spanish Grand Prix,2025-06-01,catalunya,Circuit de Barcelona-Catalunya,Spain,Barcelona,41.57,2.26111,tsunoda,TSU,22,Yuki,Tsunoda,2000-05-11,Japanese,red_bull,Red Bull,19,13,13,0.0,66,Finished,5606197.0,10.0,77.998,
2025,9,Spanish Grand Prix,2025-06-01,catalunya,Circuit de Barcelona-Catalunya,Spain,Barcelona,41.57,2.26111,sainz,SAI,55,Carlos,Sainz,1994-09-01,Spanish,williams,Williams,17,14,14,0.0,66,Finished,5606684.0,17.0,79.31700000000001,
2025,9,Spanish Grand Prix,2025-06-01,catalunya,Circuit de Barcelona-Catalunya,Spain,Barcelona,41.57,2.26111,colapinto,COL,43,Franco,Colapinto,2003-05-27,Argentine,alpine,Alpine F1 Team,18,15,15,0.0,66,Finished,5608756.0,14.0,78.35300000000001,
2025,9,Spanish Grand Prix,2025-06-01,catalunya,Circuit de Barcelona-Catalunya,Spain,Barcelona,41.57,2.26111,ocon,OCO,31,Esteban,Ocon,1996-09-17,French,haas,Haas F1 Team,16,16,16,0.0,66,Finished,5609572.0,15.0,78.624,
2025,9,Spanish Grand Prix,2025-06-01,catalunya,Circuit de Barcelona-Catalunya,Spain,Barcelona,41.57,2.26111,bearman,BEA,87,Oliver,Bearman,2005-05-08,British,haas,Haas F1 Team,14,17,17,0.0,66,Finished,5614440.0,16.0,78.907,
2025,9,Spanish Grand Prix,2025-06-01,catalunya,Circuit de Barcelona-Catalunya,Spain,Barcelona,41.57,2.26111,antonelli,ANT,12,Andrea Kimi,Antonelli,2006-08-25,Italian,mercedes,Mercedes,6,18,R,0.0,53,Retired,,12.0,78.255,
2025,9,Spanish Grand Prix,2025-06-01,catalunya,Circuit de Barcelona-Catalunya,Spain,Barcelona,41.57,2.26111,albon,ALB,23,Alexander,Albon,1996-03-23,Thai,williams,Williams,11,19,R,0.0,27,Retired,,19.0,80.508,
2025,10,Canadian Grand Prix,2025-06-15,villeneuve,Circuit Gilles Villeneuve,Canada,Montreal,45.5,-73.5228,russell,RUS,63,George,Russell,1998-02-15,British,mercedes,Mercedes,1,1,1,25.0,70,Finished,5512688.0,1.0,74.119,
2025,10,Canadian Grand Prix,2025-06-15,villeneuve,Circuit Gilles Villeneuve,Canada,Montreal,45.5,-73.5228,max_verstappen,VER,1,Max,Verstappen,1997-09-30,Dutch,red_bull,Red Bull,2,2,2,18.0,70,Finished,5512916.0,5.0,74.287,
2025,10,Canadian Grand Prix,2025-06-15,villeneuve,Circuit Gilles Villeneuve,Canada,Montreal,45.5,-73.5228,antonelli,ANT,12,Andrea Kimi,Antonelli,2006-08-25,Italian,mercedes,Mercedes,4,3,3,15.0,70,Finished,5513702.0,7.0,74.455,
2025,10,Canadian Grand Prix,2025-06-15,villeneuve,Circuit Gilles Villeneuve,Canada,Montreal,45.5,-73.5228,piastri,PIA,81,Oscar,Piastri,2001-04-06,Australian,mclaren,McLaren,3,4,4,12.0,70,Finished,5514797.0,3.0,74.255,
2025,10,Canadian Grand Prix,2025-06-15,villeneuve,Circuit Gilles Villeneuve,Canada,Montreal,45.5,-73.5228,leclerc,LEC,16,Charles,Leclerc,1997-10-16,Monegasque,ferrari,Ferrari,8,5,5,10.0,70,Finished,5516130.0,4.0,74.261,
2025,10,Canadian Grand Prix,2025-06-15,villeneuve,Circuit Gilles Villeneuve,Canada,Montreal,45.5,-73.5228,hamilton,HAM,44,Lewis,Hamilton,1985-01-07,British,ferrari,Ferrari,5,6,6,8.0,70,Finished,5523401.0,9.0,74.805,
2025,10,Canadian Grand Prix,2025-06-15,villeneuve,Circuit Gilles Villeneuve,Canada,Montreal,45.5,-73.5228,alonso,ALO,14,Fernando,Alonso,1981-07-29,Spanish,aston_martin,Aston Martin,6,7,7,6.0,70,Finished,5523660.0,12.0,75.024,
2025,10,Canadian Grand Prix,2025-06-15,villeneuve,Circuit Gilles Villeneuve,Canada,Montreal,45.5,-73.5228,hulkenberg,HUL,27,Nico,Hülkenberg,1987-08-19,German,sauber,Sauber,11,8,8,4.0,70,Finished,5528052.0,14.0,75.372,
2025,10,Canadian Grand Prix,2025-06-15,villeneuve,Circuit Gilles Villeneuve,Canada,Montreal,45.5,-73.5228,ocon,OCO,31,Esteban,Ocon,1996-09-17,French,haas,Haas F1 Team,14,9,9,2.0,69,Lapped,5514161.0,8.0,74.593,
2025,10,Canadian Grand Prix,2025-06-15,villeneuve,Circuit Gilles Villeneuve,Canada,Montreal,45.5,-73.5228,sainz,SAI,55,Carlos,Sainz,1994-09-01,Spanish,williams,Williams,16,10,10,1.0,69,Lapped,5514574.0,6.0,74.389,
2025,10,Canadian Grand Prix,2025-06-15,villeneuve,Circuit Gilles Villeneuve,Canada,Montreal,45.5,-73.5228,bearman,BEA,87,Oliver,Bearman,2005-05-08,British,haas,Haas F1 Team,13,11,11,0.0,69,Lapped,5516405.0,15.0,75.397,
2025,10,Canadian Grand Prix,2025-06-15,villeneuve,Circuit Gilles Villeneuve,Canada,Montreal,45.5,-73.5228,tsunoda,TSU,22,Yuki,Tsunoda,2000-05-11,Japanese,red_bull,Red Bull,18,12,12,0.0,69,Lapped,5518144.0,13.0,75.358,
2025,10,Canadian Grand Prix,2025-06-15,villeneuve,Circuit Gilles Villeneuve,Canada,Montreal,45.5,-73.5228,colapinto,COL,43,Franco,Colapinto,2003-05-27,Argentine,alpine,Alpine F1 Team,10,13,13,0.0,69,Lapped,5519706.0,17.0,76.076,
2025,10,Canadian Grand Prix,2025-06-15,villeneuve,Circuit Gilles Villeneuve,Canada,Montreal,45.5,-73.5228,bortoleto,BOR,5,Gabriel,Bortoleto,2004-10-14,Brazilian,sauber,Sauber,15,14,14,0.0,69,Lapped,5520567.0,16.0,75.414,
2025,10,Canadian Grand Prix,2025-06-15,villeneuve,Circuit Gilles Villeneuve,Canada,Montreal,45.5,-73.5228,gasly,GAS,10,Pierre,Gasly,1996-02-07,French,alpine,Alpine F1 Team,20,15,15,0.0,69,Lapped,5520638.0,11.0,74.993,
2025,10,Canadian Grand Prix,2025-06-15,villeneuve,Circuit Gilles Villeneuve,Canada,Montreal,45.5,-73.5228,hadjar,HAD,6,Isack,Hadjar,2004-09-28,French,rb,RB F1 Team,12,16,16,0.0,69,Lapped,5521425.0,19.0,76.292,
2025,10,Canadian Grand Prix,2025-06-15,villeneuve,Circuit Gilles Villeneuve,Canada,Montreal,45.5,-73.5228,stroll,STR,18,Lance,Stroll,1998-10-29,Canadian,aston_martin,Aston Martin,17,17,17,0.0,69,Lapped,5521751.0,10.0,74.902,
2025,10,Canadian Grand Prix,2025-06-15,villeneuve,Circuit Gilles Villeneuve,Canada,Montreal,45.5,-73.5228,norris,NOR,4,Lando,Norris,1999-11-13,British,mclaren,McLaren,7,18,18,0.0,66,Retired,5042470.0,2.0,74.229,
2025,10,Canadian Grand Prix,2025-06-15,villeneuve,Circuit Gilles Villeneuve,Canada,Montreal,45.5,-73.5228,lawson,LAW,30,Liam,Lawson,2002-02-11,New Zealander,rb,RB F1 Team,19,19,R,0.0,53,Retired,,20.0,76.32,
2025,10,Canadian Grand Prix,2025-06-15,villeneuve,Circuit Gilles Villeneuve,Canada,Montreal,45.5,-73.5228,albon,ALB,23,Alexander,Albon,1996-03-23,Thai,williams,Williams,9,20,R,0.0,46,Retired,,18.0,76.197,
2025,11,Austrian Grand Prix,2025-06-29,red_bull_ring,Red Bull Ring,Austria,Spielberg,47.2197,14.7647,norris,NOR,4,Lando,Norris,1999-11-13,British,mclaren,McLaren,1,1,1,25.0,70,Finished,5027693.0,2.0,68.272,
2025,11,Austrian Grand Prix,2025-06-29,red_bull_ring,Red Bull Ring,Austria,Spielberg,47.2197,14.7647,piastri,PIA,81,Oscar,Piastri,2001-04-06,Australian,mclaren,McLaren,3,2,2,18.0,70,Finished,5030388.0,1.0,67.924,
2025,11,Austrian Grand Prix,2025-06-29,red_bull_ring,Red Bull Ring,Austria,Spielberg,47.2197,14.7647,leclerc,LEC,16,Charles,Leclerc,1997-10-16,Monegasque,ferrari,Ferrari,2,3,3,15.0,70,Finished,5047513.0,4.0,68.765,
2025,11,Austrian Grand Prix,2025-06-29,red_bull_ring,Red Bull Ring,Austria,Spielberg,47.2197,14.7647,hamilton,HAM,44,Lewis,Hamilton,1985-01-07,British,ferrari,Ferrari,4,4,4,12.0,70,Finished,5056713.0,3.0,68.628,
2025,11,Austrian Grand Prix,2025-06-29,red_bull_ring,Red Bull Ring,Austria,Spielberg,47.2197,14.7647,russell,RUS,63,George,Russell,1998-02-15,British,mercedes,Mercedes,5,5,5,10.0,70,Finished,5090089.0,7.0,69.372,
2025,11,Austrian Grand Prix,2025-06-29,red_bull_ring,Red Bull Ring,Austria,Spielberg,47.2197,14.7647,lawson,LAW,30,Liam,Lawson,2002-02-11,New Zealander,rb,RB F1 Team,6,6,6,8.0,70,Finished,5095447.0,14.0,69.977,
2025,11,Austrian Grand Prix,2025-06-29,red_bull_ring,Red Bull Ring,Austria,Spielberg,47.2197,14.7647,alonso,ALO,14,Fernando,Alonso,1981-07-29,Spanish,aston_martin,Aston Martin,11,7,7,6.0,69,Lapped,5029130.0,12.0,69.935,
2025,11,Austrian Grand Prix,2025-06-29,red_bull_ring,Red Bull Ring,Austria,Spielberg,47.2197,14.7647,bortoleto,BOR,5,Gabriel,Bortoleto,2004-10-14,Brazilian,sauber,Sauber,8,8,8,4.0,69,Lapped,5029645.0,6.0,69.247,
2025,11,Austrian Grand Prix,2025-06-29,red_bull_ring,Red Bull Ring,Austria,Spielberg,47.2197,14.7647,hulkenberg,HUL,27,Nico,Hülkenberg,1987-08-19,German,sauber,Sauber,20,9,9,2.0,69,Lapped,5035413.0,8.0,69.459,
2025,11,Austrian Grand Prix,2025-06-29,red_bull_ring,Red Bull Ring,Austria,Spielberg,47.2197,14.7647,ocon,OCO,31,Esteban,Ocon,1996-09-17,French,haas,Haas F1 Team,17,10,10,1.0,69,Lapped,5037679.0,9.0,69.55,
2025,11,Austrian Grand Prix,2025-06-29,red_bull_ring,Red Bull Ring,Austria,Spielberg,47.2197,14.7647,bearman,BEA,87,Oliver,Bearman,2005-05-08,British,haas,Haas F1 Team,15,11,11,0.0,69,Lapped,5052547.0,13.0,69.96000000000001,
2025,11,Austrian Grand Prix,2025-06-29,red_bull_ring,Red Bull Ring,Austria,Spielberg,47.2197,14.7647,hadjar,HAD,6,Isack,Hadjar,2004-09-28,French,rb,RB F1 Team,13,12,12,0.0,69,Lapped,5055650.0,16.0,70.20400000000001,
2025,11,Austrian Grand Prix,2025-06-29,red_bull_ring,Red Bull Ring,Austria,Spielberg,47.2197,14.7647,gasly,GAS,10,Pierre,Gasly,1996-02-07,French,alpine,Alpine F1 Team,10,13,13,0.0,69,Lapped,5060748.0,15.0,70.151,
2025,11,Austrian Grand Prix,2025-06-29,red_bull_ring,Red Bull Ring,Austria,Spielberg,47.2197,14.7647,stroll,STR,18,Lance,Stroll,1998-10-29,Canadian,aston_martin,Aston Martin,16,14,14,0.0,69,Lapped,5062155.0,5.0,69.214,
2025,11,Austrian Grand Prix,2025-06-29,red_bull_ring,Red Bull Ring,Austria,Spielberg,47.2197,14.7647,colapinto,COL,43,Franco,Colapinto,2003-05-27,Argentine,alpine,Alpine F1 Team,14,15,15,0.0,69,Lapped,5070385.0,10.0,69.621,
2025,11,Austrian Grand Prix,2025-06-29,red_bull_ring,Red Bull Ring,Austria,Spielberg,47.2197,14.7647,tsunoda,TSU,22,Yuki,Tsunoda,2000-05-11,Japanese,red_bull,Red Bull,18,16,16,0.0,68,Lapped,5030672.0,11.0,69.80199999999999,
2025,11,Austrian Grand Prix,2025-06-29,red_bull_ring,Red Bull Ring,Austria,Spielberg,47.2197,14.7647,albon,ALB,23,Alexander,Albon,1996-03-23,Thai,williams,Williams,12,17,R,0.0,15,Retired,,17.0,70.641,
2025,11,Austrian Grand Prix,2025-06-29,red_bull_ring,Red Bull Ring,Austria,Spielberg,47.2197,14.7647,max_verstappen,VER,1,Max,Verstappen,1997-09-30,Dutch,red_bull,Red Bull,7,18,R,0.0,0,Retired,,,,
2025,11,Austrian Grand Prix,2025-06-29,red_bull_ring,Red Bull Ring,Austria,Spielberg,47.2197,14.7647,antonelli,ANT,12,Andrea Kimi,Antonelli,2006-08-25,Italian,mercedes,Mercedes,9,19,R,0.0,0,Retired,,,,
2025,11,Austrian Grand Prix,2025-06-29,red_bull_ring,Red Bull Ring,Austria,Spielberg,47.2197,14.7647,sainz,SAI,55,Carlos,Sainz,1994-09-01,Spanish,williams,Williams,19,20,W,0.0,0,Did not start,,,,
2025,12,British Grand Prix,2025-07-06,silverstone,Silverstone Circuit,UK,Silverstone,52.0786,-1.01694,norris,NOR,4,Lando,Norris,1999-11-13,British,mclaren,McLaren,3,1,1,25.0,52,Finished,5835735.0,2.0,89.73400000000001,
2025,12,British Grand Prix,2025-07-06,silverstone,Silverstone Circuit,UK,Silverstone,52.0786,-1.01694,piastri,PIA,81,Oscar,Piastri,2001-04-06,Australian,mclaren,McLaren,2,2,2,18.0,52,Finished,5842547.0,1.0,89.337,
2025,12,British Grand Prix,2025-07-06,silverstone,Silverstone Circuit,UK,Silverstone,52.0786,-1.01694,hulkenberg,HUL,27,Nico,Hülkenberg,1987-08-19,German,sauber,Sauber,19,3,3,15.0,52,Finished,5870477.0,14.0,90.93299999999999,
2025,12,British Grand Prix,2025-07-06,silverstone,Silverstone Circuit,UK,Silverstone,52.0786,-1.01694,hamilton,HAM,44,Lewis,Hamilton,1985-01-07,British,ferrari,Ferrari,5,4,4,12.0,52,Finished,5875547.0,3.0,90.01599999999999,
2025,12,British Grand Prix,2025-07-06,silverstone,Silverstone Circuit,UK,Silverstone,52.0786,-1.01694,max_verstappen,VER,1,Max,Verstappen,1997-09-30,Dutch,red_bull,Red Bull,1,5,5,10.0,52,Finished,5892516.0,5.0,90.179,
2025,12,British Grand Prix,2025-07-06,silverstone,Silverstone Circuit,UK,Silverstone,52.0786,-1.01694,gasly,GAS,10,Pierre,Gasly,1996-02-07,French,alpine,Alpine F1 Team,8,6,6,8.0,52,Finished,5895592.0,8.0,90.751,
2025,12,British Grand Prix,2025-07-06,silverstone,Silverstone Circuit,UK,Silverstone,52.0786,-1.01694,stroll,STR,18,Lance,Stroll,1998-10-29,Canadian,aston_martin,Aston Martin,17,7,7,6.0,52,Finished,5896338.0,15.0,92.088,
2025,12,British Grand Prix,2025-07-06,silverstone,Silverstone Circuit,UK,Silverstone,52.0786,-1.01694,albon,ALB,23,Alexander,Albon,1996-03-23,Thai,williams,Williams,13,8,8,4.0,52,Finished,5899870.0,4.0,90.047,
2025,12,British Grand Prix,2025-07-06,silverstone,Silverstone Circuit,UK,Silverstone,52.0786,-1.01694,alonso,ALO,14,Fernando,Alonso,1981-07-29,Spanish,aston_martin,Aston Martin,7,9,9,2.0,52,Finished,5901593.0,6.0,90.35300000000001,
2025,12,British Grand Prix,2025-07-06,silverstone,Silverstone Circuit,UK,Silverstone,52.0786,-1.01694,russell,RUS,63,George,Russell,1998-02-15,British,mercedes,Mercedes,4,10,10,1.0,52,Finished,5906409.0,11.0,90.869,
2025,12,British Grand Prix,2025-07-06,silverstone,Silverstone Circuit,UK,Silverstone,52.0786,-1.01694,bearman,BEA,87,Oliver,Bearman,2005-05-08,British,haas,Haas F1 Team,18,11,11,0.0,52,Finished,5907830.0,13.0,90.92099999999999,
2025,12,British Grand Prix,2025-07-06,silverstone,Silverstone Circuit,UK,Silverstone,52.0786,-1.01694,sainz,SAI,55,Carlos,Sainz,1994-09-01,Spanish,williams,Williams,9,12,12,0.0,52,Finished,5912327.0,7.0,90.645,
2025,12,British Grand Prix,2025-07-06,silverstone,Silverstone Circuit,UK,Silverstone,52.0786,-1.01694,ocon,OCO,31,Esteban,Ocon,1996-09-17,French,haas,Haas F1 Team,14,13,13,0.0,52,Finished,5913036.0,9.0,90.818,
2025,12,British Grand Prix,2025-07-06,silverstone,Silverstone Circuit,UK,Silverstone,52.0786,-1.01694,leclerc,LEC,16,Charles,Leclerc,1997-10-16,Monegasque,ferrari,Ferrari,6,14,14,0.0,52,Finished,5920212.0,10.0,90.819,
2025,12,British Grand Prix,2025-07-06,silverstone,Silverstone Circuit,UK,Silverstone,52.0786,-1.01694,tsunoda,TSU,22,Yuki,Tsunoda,2000-05-11,Japanese,red_bull,Red Bull,11,15,15,0.0,51,Lapped,5867985.0,12.0,90.873,
2025,12,British Grand Prix,2025-07-06,silverstone,Silverstone Circuit,UK,Silverstone,52.0786,-1.01694,antonelli,ANT,12,Andrea Kimi,Antonelli,2006-08-25,Italian,mercedes,Mercedes,10,16,R,0.0,23,Retired,,17.0,105.576,
2025,12,British Grand Prix,2025-07-06,silverstone,Silverstone Circuit,UK,Silverstone,52.0786,-1.01694,hadjar,HAD,6,Isack,Hadjar,2004-09-28,French,rb,RB F1 Team,12,17,R,0.0,17,Retired,,16.0,101.705,
2025,12,British Grand Prix,2025-07-06,silverstone,Silverstone Circuit,UK,Silverstone,52.0786,-1.01694,bortoleto,BOR,5,Gabriel,Bortoleto,2004-10-14,Brazilian,sauber,Sauber,16,18,R,0.0,3,Retired,,18.0,136.121,
2025,12,British Grand Prix,2025-07-06,silverstone,Silverstone Circuit,UK,Silverstone,52.0786,-1.01694,lawson,LAW,30,Liam,Lawson,2002-02-11,New Zealander,rb,RB F1 Team,15,19,R,0.0,0,Retired,,,,
2025,12,British Grand Prix,2025-07-06,silverstone,Silverstone Circuit,UK,Silverstone,52.0786,-1.01694,colapinto,COL,43,Franco,Colapinto,2003-05-27,Argentine,alpine,Alpine F1 Team,20,20,W,0.0,0,Did not start,,,,
2025,13,Belgian Grand Prix,2025-07-27,spa,Circuit de Spa-Francorchamps,Belgium,Spa,50.4372,5.97139,piastri,PIA,81,Oscar,Piastri,2001-04-06,Australian,mclaren,McLaren,2,1,1,25.0,44,Finished,5122601.0,4.0,105.706,
2025,13,Belgian Grand Prix,2025-07-27,spa,Circuit de Spa-Francorchamps,Belgium,Spa,50.4372,5.97139,norris,NOR,4,Lando,Norris,1999-11-13,British,mclaren,McLaren,1,2,2,18.0,44,Finished,5126016.0,3.0,105.257,
2025,13,Belgian Grand Prix,2025-07-27,spa,Circuit de Spa-Francorchamps,Belgium,Spa,50.4372,5.97139,leclerc,LEC,16,Charles,Leclerc,1997-10-16,Monegasque,ferrari,Ferrari,3,3,3,15.0,44,Finished,5142786.0,9.0,106.174,
2025,13,Belgian Grand Prix,2025-07-27,spa,Circuit de Spa-Francorchamps,Belgium,Spa,50.4372,5.97139,max_verstappen,VER,1,Max,Verstappen,1997-09-30,Dutch,red_bull,Red Bull,4,4,4,12.0,44,Finished,5144332.0,7.0,106.096,
2025,13,Belgian Grand Prix,2025-07-27,spa,Circuit de Spa-Francorchamps,Belgium,Spa,50.4372,5.97139,russell,RUS,63,George,Russell,1998-02-15,British,mercedes,Mercedes,6,5,5,10.0,44,Finished,5157464.0,11.0,106.566,
2025,13,Belgian Grand Prix,2025-07-27,spa,Circuit de Spa-Francorchamps,Belgium,Spa,50.4372,5.97139,albon,ALB,23,Alexander,Albon,1996-03-23,Thai,williams,Williams,5,6,6,8.0,44,Finished,5162527.0,15.0,106.813,
2025,13,Belgian Grand Prix,2025-07-27,spa,Circuit de Spa-Francorchamps,Belgium,Spa,50.4372,5.97139,hamilton,HAM,44,Lewis,Hamilton,1985-01-07,British,ferrari,Ferrari,18,7,7,6.0,44,Finished,5163280.0,10.0,106.53399999999999,
2025,13,Belgian Grand Prix,2025-07-27,spa,Circuit de Spa-Francorchamps,Belgium,Spa,50.4372,5.97139,lawson,LAW,30,Liam,Lawson,2002-02-11,New Zealander,rb,RB F1 Team,9,8,8,4.0,44,Finished,5174634.0,12.0,106.649,
2025,13,Belgian Grand Prix,2025-07-27,spa,Circuit de Spa-Francorchamps,Belgium,Spa,50.4372,5.97139,bortoleto,BOR,5,Gabriel,Bortoleto,2004-10-14,Brazilian,sauber,Sauber,10,9,9,2.0,44,Finished,5179035.0,16.0,106.96600000000001,
2025,13,Belgian Grand Prix,2025-07-27,spa,Circuit de Spa-Francorchamps,Belgium,Spa,50.4372,5.97139,gasly,GAS,10,Pierre,Gasly,1996-02-07,French,alpine,Alpine F1 Team,13,10,10,1.0,44,Finished,5195315.0,17.0,107.17699999999999,
2025,13,Belgian Grand Prix,2025-07-27,spa,Circuit de Spa-Francorchamps,Belgium,Spa,50.4372,5.97139,bearman,BEA,87,Oliver,Bearman,2005-05-08,British,haas,Haas F1 Team,12,11,11,0.0,44,Finished,5195746.0,13.0,106.709,
2025,13,Belgian Grand Prix,2025-07-27,spa,Circuit de Spa-Francorchamps,Belgium,Spa,50.4372,5.97139,hulkenberg,HUL,27,Nico,Hülkenberg,1987-08-19,German,sauber,Sauber,14,12,12,0.0,44,Finished,5196229.0,2.0,105.068,
2025,13,Belgian Grand Prix,2025-07-27,spa,Circuit de Spa-Francorchamps,Belgium,Spa,50.4372,5.97139,tsunoda,TSU,22,Yuki,Tsunoda,2000-05-11,Japanese,red_bull,Red Bull,7,13,13,0.0,44,Finished,5197996.0,19.0,107.241,
2025,13,Belgian Grand Prix,2025-07-27,spa,Circuit de Spa-Francorchamps,Belgium,Spa,50.4372,5.97139,stroll,STR,18,Lance,Stroll,1998-10-29,Canadian,aston_martin,Aston Martin,16,14,14,0.0,44,Finished,5202432.0,18.0,107.212,
2025,13,Belgian Grand Prix,2025-07-27,spa,Circuit de Spa-Francorchamps,Belgium,Spa,50.4372,5.97139,ocon,OCO,31,Esteban,Ocon,1996-09-17,French,haas,Haas F1 Team,11,15,15,0.0,44,Finished,5208664.0,14.0,106.744,
2025,13,Belgian Grand Prix,2025-07-27,spa,Circuit de Spa-Francorchamps,Belgium,Spa,50.4372,5.97139,antonelli,ANT,12,Andrea Kimi,Antonelli,2006-08-25,Italian,mercedes,Mercedes,19,16,16,0.0,44,Finished,5209322.0,1.0,104.86099999999999,
2025,13,Belgian Grand Prix,2025-07-27,spa,Circuit de Spa-Francorchamps,Belgium,Spa,50.4372,5.97139,alonso,ALO,14,Fernando,Alonso,1981-07-29,Spanish,aston_martin,Aston Martin,20,17,17,0.0,44,Finished,5210525.0,5.0,105.84899999999999,
2025,13,Belgian Grand Prix,2025-07-27,spa,Circuit de Spa-Francorchamps,Belgium,Spa,50.4372,5.97139,sainz,SAI,55,Carlos,Sainz,1994-09-01,Spanish,williams,Williams,17,18,18,0.0,44,Finished,5214625.0,6.0,106.07300000000001,
2025,13,Belgian Grand Prix,2025-07-27,spa,Circuit de Spa-Francorchamps,Belgium,Spa,50.4372,5.97139,colapinto,COL,43,Franco,Colapinto,2003-05-27,Argentine,alpine,Alpine F1 Team,15,19,19,0.0,44,Finished,5217851.0,8.0,106.104,
2025,13,Belgian Grand Prix,2025-07-27,spa,Circuit de Spa-Francorchamps,Belgium,Spa,50.4372,5.97139,hadjar,HAD,6,Isack,Hadjar,2004-09-28,French,rb,RB F1 Team,8,20,20,0.0,43,Lapped,5135543.0,20.0,107.667,
2025,14,Hungarian Grand Prix,2025-08-03,hungaroring,Hungaroring,Hungary,Budapest,47.5789,19.2486,norris,NOR,4,Lando,Norris,1999-11-13,British,mclaren,McLaren,3,1,1,25.0,70,Finished,5721231.0,5.0,79.918,
2025,14,Hungarian Grand Prix,2025-08-03,hungaroring,Hungaroring,Hungary,Budapest,47.5789,19.2486,piastri,PIA,81,Oscar,Piastri,2001-04-06,Australian,mclaren,McLaren,2,2,2,18.0,70,Finished,5721929.0,2.0,79.412,
2025,14,Hungarian Grand Prix,2025-08-03,hungaroring,Hungaroring,Hungary,Budapest,47.5789,19.2486,russell,RUS,63,George,Russell,1998-02-15,British,mercedes,Mercedes,4,3,3,15.0,70,Finished,5743147.0,1.0,79.40899999999999,
2025,14,Hungarian Grand Prix,2025-08-03,hungaroring,Hungaroring,Hungary,Budapest,47.5789,19.2486,leclerc,LEC,16,Charles,Leclerc,1997-10-16,Monegasque,ferrari,Ferrari,1,4,4,12.0,70,Finished,5763791.0,9.0,80.44,
2025,14,Hungarian Grand Prix,2025-08-03,hungaroring,Hungaroring,Hungary,Budapest,47.5789,19.2486,alonso,ALO,14,Fernando,Alonso,1981-07-29,Spanish,aston_martin,Aston Martin,5,5,5,10.0,70,Finished,5780271.0,8.0,80.113,
2025,14,Hungarian Grand Prix,2025-08-03,hungaroring,Hungaroring,Hungary,Budapest,47.5789,19.2486,bortoleto,BOR,5,Gabriel,Bortoleto,2004-10-14,Brazilian,sauber,Sauber,7,6,6,8.0,70,Finished,5787400.0,11.0,80.705,
2025,14,Hungarian Grand Prix,2025-08-03,hungaroring,Hungaroring,Hungary,Budapest,47.5789,19.2486,stroll,STR,18,Lance,Stroll,1998-10-29,Canadian,aston_martin,Aston Martin,6,7,7,6.0,70,Finished,5789405.0,12.0,80.708,
2025,14,Hungarian Grand Prix,2025-08-03,hungaroring,Hungaroring,Hungary,Budapest,47.5789,19.2486,lawson,LAW,30,Liam,Lawson,2002-02-11,New Zealander,rb,RB F1 Team,9,8,8,4.0,70,Finished,5790682.0,10.0,80.457,
2025,14,Hungarian Grand Prix,2025-08-03,hungaroring,Hungaroring,Hungary,Budapest,47.5789,19.2486,max_verstappen,VER,1,Max,Verstappen,1997-09-30,Dutch,red_bull,Red Bull,8,9,9,2.0,70,Finished,5793876.0,3.0,79.576,
2025,14,Hungarian Grand Prix,2025-08-03,hungaroring,Hungaroring,Hungary,Budapest,47.5789,19.2486,antonelli,ANT,12,Andrea Kimi,Antonelli,2006-08-25,Italian,mercedes,Mercedes,15,10,10,1.0,69,Lapped,5728880.0,13.0,80.745,
2025,14,Hungarian Grand Prix,2025-08-03,hungaroring,Hungaroring,Hungary,Budapest,47.5789,19.2486,hadjar,HAD,6,Isack,Hadjar,2004-09-28,French,rb,RB F1 Team,10,11,11,0.0,69,Lapped,5729731.0,15.0,80.80199999999999,
2025,14,Hungarian Grand Prix,2025-08-03,hungaroring,Hungaroring,Hungary,Budapest,47.5789,19.2486,hamilton,HAM,44,Lewis,Hamilton,1985-01-07,British,ferrari,Ferrari,12,12,12,0.0,69,Lapped,5731092.0,7.0,80.02199999999999,
2025,14,Hungarian Grand Prix,2025-08-03,hungaroring,Hungaroring,Hungary,Budapest,47.5789,19.2486,hulkenberg,HUL,27,Nico,Hülkenberg,1987-08-19,German,sauber,Sauber,18,13,13,0.0,69,Lapped,5752499.0,6.0,80.013,
2025,14,Hungarian Grand Prix,2025-08-03,hungaroring,Hungaroring,Hungary,Budapest,47.5789,19.2486,sainz,SAI,55,Carlos,Sainz,1994-09-01,Spanish,williams,Williams,13,14,14,0.0,69,Lapped,5754557.0,4.0,79.78999999999999,
2025,14,Hungarian Grand Prix,2025-08-03,hungaroring,Hungaroring,Hungary,Budapest,47.5789,19.2486,albon,ALB,23,Alexander,Albon,1996-03-23,Thai,williams,Williams,19,15,15,0.0,69,Lapped,5759342.0,14.0,80.779,
2025,14,Hungarian Grand Prix,2025-08-03,hungaroring,Hungaroring,Hungary,Budapest,47.5789,19.2486,ocon,OCO,31,Esteban,Ocon,1996-09-17,French,haas,Haas F1 Team,17,16,16,0.0,69,Lapped,5766489.0,19.0,81.916,
2025,14,Hungarian Grand Prix,2025-08-03,hungaroring,Hungaroring,Hungary,Budapest,47.5789,19.2486,tsunoda,TSU,22,Yuki,Tsunoda,2000-05-11,Japanese,red_bull,Red Bull,20,17,17,0.0,69,Lapped,5768174.0,17.0,81.18,
2025,14,Hungarian Grand Prix,2025-08-03,hungaroring,Hungaroring,Hungary,Budapest,47.5789,19.2486,colapinto,COL,43,Franco,Colapinto,2003-05-27,Argentine,alpine,Alpine F1 Team,14,18,18,0.0,69,Lapped,5768601.0,16.0,80.827,
2025,14,Hungarian Grand Prix,2025-08-03,hungaroring,Hungaroring,Hungary,Budapest,47.5789,19.2486,gasly,GAS,10,Pierre,Gasly,1996-02-07,French,alpine,Alpine F1 Team,16,19,19,0.0,69,Lapped,5777575.0,18.0,81.43299999999999,
2025,14,Hungarian Grand Prix,2025-08-03,hungaroring,Hungaroring,Hungary,Budapest,47.5789,19.2486,bearman,BEA,87,Oliver,Bearman,2005-05-08,British,haas,Haas F1 Team,11,20,R,0.0,48,Retired,,20.0,81.989,
2025,15,Dutch Grand Prix,2025-08-31,zandvoort,Circuit Park Zandvoort,Netherlands,Zandvoort,52.3888,4.54092,piastri,PIA,81,Oscar,Piastri,2001-04-06,Australian,mclaren,McLaren,1,1,1,25.0,72,Finished,5909849.0,1.0,72.271,
2025,15,Dutch Grand Prix,2025-08-31,zandvoort,Circuit Park Zandvoort,Netherlands,Zandvoort,52.3888,4.54092,max_verstappen,VER,1,Max,Verstappen,1997-09-30,Dutch,red_bull,Red Bull,3,2,2,18.0,72,Finished,5911120.0,3.0,72.92099999999999,
2025,15,Dutch Grand Prix,2025-08-31,zandvoort,Circuit Park Zandvoort,Netherlands,Zandvoort,52.3888,4.54092,hadjar,HAD,6,Isack,Hadjar,2004-09-28,French,rb,RB F1 Team,4,3,3,15.0,72,Finished,5913082.0,5.0,73.327,
2025,15,Dutch Grand Prix,2025-08-31,zandvoort,Circuit Park Zandvoort,Netherlands,Zandvoort,52.3888,4.54092,russell,RUS,63,George,Russell,1998-02-15,British,mercedes,Mercedes,5,4,4,12.0,72,Finished,5915503.0,9.0,73.728,
2025,15,Dutch Grand Prix,2025-08-31,zandvoort,Circuit Park Zandvoort,Netherlands,Zandvoort,52.3888,4.54092,albon,ALB,23,Alexander,Albon,1996-03-23,Thai,williams,Williams,15,5,5,10.0,72,Finished,5916176.0,7.0,73.687,
2025,15,Dutch Grand Prix,2025-08-31,zandvoort,Circuit Park Zandvoort,Netherlands,Zandvoort,52.3888,4.54092,bearman,BEA,87,Oliver,Bearman,2005-05-08,British,haas,Haas F1 Team,20,6,6,8.0,72,Finished,5918893.0,13.0,73.95,
2025,15,Dutch Grand Prix,2025-08-31,zandvoort,Circuit Park Zandvoort,Netherlands,Zandvoort,52.3888,4.54092,stroll,STR,18,Lance,Stroll,1998-10-29,Canadian,aston_martin,Aston Martin,19,7,7,6.0,72,Finished,5919346.0,11.0,73.822,
2025,15,Dutch Grand Prix,2025-08-31,zandvoort,Circuit Park Zandvoort,Netherlands,Zandvoort,52.3888,4.54092,alonso,ALO,14,Fernando,Alonso,1981-07-29,Spanish,aston_martin,Aston Martin,10,8,8,4.0,72,Finished,5921558.0,8.0,73.719,
2025,15,Dutch Grand Prix,2025-08-31,zandvoort,Circuit Park Zandvoort,Netherlands,Zandvoort,52.3888,4.54092,tsunoda,TSU,22,Yuki,Tsunoda,2000-05-11,Japanese,red_bull,Red Bull,12,9,9,2.0,72,Finished,5923446.0,16.0,74.354,
2025,15,Dutch Grand Prix,2025-08-31,zandvoort,Circuit Park Zandvoort,Netherlands,Zandvoort,52.3888,4.54092,ocon,OCO,31,Esteban,Ocon,1996-09-17,French,haas,Haas F1 Team,18,10,10,1.0,72,Finished,5923912.0,14.0,73.986,
2025,15,Dutch Grand Prix,2025-08-31,zandvoort,Circuit Park Zandvoort,Netherlands,Zandvoort,52.3888,4.54092,colapinto,COL,43,Franco,Colapinto,2003-05-27,Argentine,alpine,Alpine F1 Team,16,11,11,0.0,72,Finished,5924360.0,4.0,73.049,
2025,15,Dutch Grand Prix,2025-08-31,zandvoort,Circuit Park Zandvoort,Netherlands,Zandvoort,52.3888,4.54092,lawson,LAW,30,Liam,Lawson,2002-02-11,New Zealander,rb,RB F1 Team,8,12,12,0.0,72,Finished,5926912.0,12.0,73.879,
2025,15,Dutch Grand Prix,2025-08-31,zandvoort,Circuit Park Zandvoort,Netherlands,Zandvoort,52.3888,4.54092,sainz,SAI,55,Carlos,Sainz,1994-09-01,Spanish,williams,Williams,9,13,13,0.0,72,Finished,5927225.0,10.0,73.80799999999999,
2025,15,Dutch Grand Prix,2025-08-31,zandvoort,Circuit Park Zandvoort,Netherlands,Zandvoort,52.3888,4.54092,hulkenberg,HUL,27,Nico,Hülkenberg,1987-08-19,German,sauber,Sauber,17,14,14,0.0,72,Finished,5929574.0,18.0,74.912,
2025,15,Dutch Grand Prix,2025-08-31,zandvoort,Circuit Park Zandvoort,Netherlands,Zandvoort,52.3888,4.54092,bortoleto,BOR,5,Gabriel,Bortoleto,2004-10-14,Brazilian,sauber,Sauber,13,15,15,0.0,72,Finished,5931414.0,15.0,74.307,
2025,15,Dutch Grand Prix,2025-08-31,zandvoort,Circuit Park Zandvoort,Netherlands,Zandvoort,52.3888,4.54092,antonelli,ANT,12,Andrea Kimi,Antonelli,2006-08-25,Italian,mercedes,Mercedes,11,16,16,0.0,72,Finished,5931878.0,6.0,73.48,
2025,15,Dutch Grand Prix,2025-08-31,zandvoort,Circuit Park Zandvoort,Netherlands,Zandvoort,52.3888,4.54092,gasly,GAS,10,Pierre,Gasly,1996-02-07,French,alpine,Alpine F1 Team,14,17,17,0.0,72,Finished,5933478.0,19.0,75.248,
2025,15,Dutch Grand Prix,2025-08-31,zandvoort,Circuit Park Zandvoort,Netherlands,Zandvoort,52.3888,4.54092,norris,NOR,4,Lando,Norris,1999-11-13,British,mclaren,McLaren,2,18,18,0.0,64,Retired,5168487.0,2.0,72.379,
2025,15,Dutch Grand Prix,2025-08-31,zandvoort,Circuit Park Zandvoort,Netherlands,Zandvoort,52.3888,4.54092,leclerc,LEC,16,Charles,Leclerc,1997-10-16,Monegasque,ferrari,Ferrari,6,19,R,0.0,52,Retired,,17.0,74.557,
2025,15,Dutch Grand Prix,2025-08-31,zandvoort,Circuit Park Zandvoort,Netherlands,Zandvoort,52.3888,4.54092,hamilton,HAM,44,Lewis,Hamilton,1985-01-07,British,ferrari,Ferrari,7,20,R,0.0,22,Retired,,20.0,75.684,
2025,16,Italian Grand Prix,2025-09-07,monza,Autodromo Nazionale di Monza,Italy,Monza,45.6156,9.28111,max_verstappen,VER,1,Max,Verstappen,1997-09-30,Dutch,red_bull,Red Bull,1,1,1,25.0,53,Finished,4404325.0,2.0,81.003,
2025,16,Italian Grand Prix,2025-09-07,monza,Autodromo Nazionale di Monza,Italy,Monza,45.6156,9.28111,norris,NOR,4,Lando,Norris,1999-11-13,British,mclaren,McLaren,2,2,2,18.0,53,Finished,4423532.0,1.0,80.901,
2025,16,Italian Grand Prix,2025-09-07,monza,Autodromo Nazionale di Monza,Italy,Monza,45.6156,9.28111,piastri,PIA,81,Oscar,Piastri,2001-04-06,Australian,mclaren,McLaren,3,3,3,15.0,53,Finished,4425676.0,3.0,81.245,
2025,16,Italian Grand Prix,2025-09-07,monza,Autodromo Nazionale di Monza,Italy,Monza,45.6156,9.28111,leclerc,LEC,16,Charles,Leclerc,1997-10-16,Monegasque,ferrari,Ferrari,4,4,4,12.0,53,Finished,4429949.0,4.0,81.294,
2025,16,Italian Grand Prix,2025-09-07,monza,Autodromo Nazionale di Monza,Italy,Monza,45.6156,9.28111,russell,RUS,63,George,Russell,1998-02-15,British,mercedes,Mercedes,5,5,5,10.0,53,Finished,4437206.0,8.0,81.8,
2025,16,Italian Grand Prix,2025-09-07,monza,Autodromo Nazionale di Monza,Italy,Monza,45.6156,9.28111,hamilton,HAM,44,Lewis,Hamilton,1985-01-07,British,ferrari,Ferrari,10,6,6,8.0,53,Finished,4441774.0,6.0,81.54599999999999,
2025,16,Italian Grand Prix,2025-09-07,monza,Autodromo Nazionale di Monza,Italy,Monza,45.6156,9.28111,albon,ALB,23,Alexander,Albon,1996-03-23,Thai,williams,Williams,14,7,7,6.0,53,Finished,4454862.0,5.0,81.368,
2025,16,Italian Grand Prix,2025-09-07,monza,Autodromo Nazionale di Monza,Italy,Monza,45.6156,9.28111,bortoleto,BOR,5,Gabriel,Bortoleto,2004-10-14,Brazilian,sauber,Sauber,7,8,8,4.0,53,Finished,4462809.0,12.0,82.139,
2025,16,Italian Grand Prix,2025-09-07,monza,Autodromo Nazionale di Monza,Italy,Monza,45.6156,9.28111,antonelli,ANT,12,Andrea Kimi,Antonelli,2006-08-25,Italian,mercedes,Mercedes,6,9,9,2.0,53,Finished,4464087.0,10.0,81.968,
2025,16,Italian Grand Prix,2025-09-07,monza,Autodromo Nazionale di Monza,Italy,Monza,45.6156,9.28111,hadjar,HAD,6,Isack,Hadjar,2004-09-28,French,rb,RB F1 Team,19,10,10,1.0,53,Finished,4468216.0,11.0,82.133,
2025,16,Italian Grand Prix,2025-09-07,monza,Autodromo Nazionale di Monza,Italy,Monza,45.6156,9.28111,sainz,SAI,55,Carlos,Sainz,1994-09-01,Spanish,williams,Williams,13,11,11,0.0,53,Finished,4468794.0,7.0,81.74,
2025,16,Italian Grand Prix,2025-09-07,monza,Autodromo Nazionale di Monza,Italy,Monza,45.6156,9.28111,bearman,BEA,87,Oliver,Bearman,2005-05-08,British,haas,Haas F1 Team,11,12,12,0.0,53,Finished,4483613.0,9.0,81.82,
2025,16,Italian Grand Prix,2025-09-07,monza,Autodromo Nazionale di Monza,Italy,Monza,45.6156,9.28111,tsunoda,TSU,22,Yuki,Tsunoda,2000-05-11,Japanese,red_bull,Red Bull,9,13,13,0.0,53,Finished,4485026.0,16.0,82.712,
2025,16,Italian Grand Prix,2025-09-07,monza,Autodromo Nazionale di Monza,Italy,Monza,45.6156,9.28111,lawson,LAW,30,Liam,Lawson,2002-02-11,New Zealander,rb,RB F1 Team,18,14,14,0.0,53,Finished,4486676.0,17.0,82.777,
2025,16,Italian Grand Prix,2025-09-07,monza,Autodromo Nazionale di Monza,Italy,Monza,45.6156,9.28111,ocon,OCO,31,Esteban,Ocon,1996-09-17,French,haas,Haas F1 Team,15,15,15,0.0,52,Lapped,4406460.0,18.0,82.892,
2025,16,Italian Grand Prix,2025-09-07,monza,Autodromo Nazionale di Monza,Italy,Monza,45.6156,9.28111,gasly,GAS,10,Pierre,Gasly,1996-02-07,French,alpine,Alpine F1 Team,20,16,16,0.0,52,Lapped,4410162.0,14.0,82.185,
2025,16,Italian Grand Prix,2025-09-07,monza,Autodromo Nazionale di Monza,Italy,Monza,45.6156,9.28111,colapinto,COL,43,Franco,Colapinto,2003-05-27,Argentine,alpine,Alpine F1 Team,17,17,17,0.0,52,Lapped,4411773.0,15.0,82.239,
2025,16,Italian Grand Prix,2025-09-07,monza,Autodromo Nazionale di Monza,Italy,Monza,45.6156,9.28111,stroll,STR,18,Lance,Stroll,1998-10-29,Canadian,aston_martin,Aston Martin,16,18,18,0.0,52,Lapped,4413626.0,13.0,82.164,
2025,16,Italian Grand Prix,2025-09-07,monza,Autodromo Nazionale di Monza,Italy,Monza,45.6156,9.28111,alonso,ALO,14,Fernando,Alonso,1981-07-29,Spanish,aston_martin,Aston Martin,8,19,R,0.0,24,Retired,,19.0,83.757,
2025,16,Italian Grand Prix,2025-09-07,monza,Autodromo Nazionale di Monza,Italy,Monza,45.6156,9.28111,hulkenberg,HUL,27,Nico,Hülkenberg,1987-08-19,German,sauber,Sauber,12,20,W,0.0,0,Did not start,,,,
2025,17,Azerbaijan Grand Prix,2025-09-21,baku,Baku City Circuit,Azerbaijan,Baku,40.3725,49.8533,max_verstappen,VER,1,Max,Verstappen,1997-09-30,Dutch,red_bull,Red Bull,1,1,1,25.0,51,Finished,5606408.0,1.0,103.388,
2025,17,Azerbaijan Grand Prix,2025-09-21,baku,Baku City Circuit,Azerbaijan,Baku,40.3725,49.8533,russell,RUS,63,George,Russell,1998-02-15,British,mercedes,Mercedes,5,2,2,18.0,51,Finished,5621017.0,2.0,103.75399999999999,
2025,17,Azerbaijan Grand Prix,2025-09-21,baku,Baku City Circuit,Azerbaijan,Baku,40.3725,49.8533,sainz,SAI,55,Carlos,Sainz,1994-09-01,Spanish,williams,Williams,2,3,3,15.0,51,Finished,5625607.0,4.0,103.97200000000001,
2025,17,Azerbaijan Grand Prix,2025-09-21,baku,Baku City Circuit,Azerbaijan,Baku,40.3725,49.8533,antonelli,ANT,12,Andrea Kimi,Antonelli,2006-08-25,Italian,mercedes,Mercedes,4,4,4,12.0,51,Finished,5628168.0,6.0,104.09100000000001,
2025,17,Azerbaijan Grand Prix,2025-09-21,baku,Baku City Circuit,Azerbaijan,Baku,40.3725,49.8533,lawson,LAW,30,Liam,Lawson,2002-02-11,New Zealander,rb,RB F1 Team,3,5,5,10.0,51,Finished,5639698.0,13.0,104.531,
2025,17,Azerbaijan Grand Prix,2025-09-21,baku,Baku City Circuit,Azerbaijan,Baku,40.3725,49.8533,tsunoda,TSU,22,Yuki,Tsunoda,2000-05-11,Japanese,red_bull,Red Bull,6,6,6,8.0,51,Finished,5640216.0,12.0,104.434,
2025,17,Azerbaijan Grand Prix,2025-09-21,baku,Baku City Circuit,Azerbaijan,Baku,40.3725,49.8533,norris,NOR,4,Lando,Norris,1999-11-13,British,mclaren,McLaren,7,7,7,6.0,51,Finished,5640635.0,8.0,104.155,
2025,17,Azerbaijan Grand Prix,2025-09-21,baku,Baku City Circuit,Azerbaijan,Baku,40.3725,49.8533,hamilton,HAM,44,Lewis,Hamilton,1985-01-07,British,ferrari,Ferrari,12,8,8,4.0,51,Finished,5642718.0,5.0,103.977,
2025,17,Azerbaijan Grand Prix,2025-09-21,baku,Baku City Circuit,Azerbaijan,Baku,40.3725,49.8533,leclerc,LEC,16,Charles,Leclerc,1997-10-16,Monegasque,ferrari,Ferrari,10,9,9,2.0,51,Finished,5643182.0,9.0,104.274,
2025,17,Azerbaijan Grand Prix,2025-09-21,baku,Baku City Circuit,Azerbaijan,Baku,40.3725,49.8533,hadjar,HAD,6,Isack,Hadjar,2004-09-28,French,rb,RB F1 Team,8,10,10,1.0,51,Finished,5645390.0,3.0,103.884,
2025,17,Azerbaijan Grand Prix,2025-09-21,baku,Baku City Circuit,Azerbaijan,Baku,40.3725,49.8533,bortoleto,BOR,5,Gabriel,Bortoleto,2004-10-14,Brazilian,sauber,Sauber,13,11,11,0.0,51,Finished,5674014.0,14.0,104.93,
2025,17,Azerbaijan Grand Prix,2025-09-21,baku,Baku City Circuit,Azerbaijan,Baku,40.3725,49.8533,bearman,BEA,87,Oliver,Bearman,2005-05-08,British,haas,Haas F1 Team,15,12,12,0.0,51,Finished,5674670.0,10.0,104.288,
2025,17,Azerbaijan Grand Prix,2025-09-21,baku,Baku City Circuit,Azerbaijan,Baku,40.3725,49.8533,albon,ALB,23,Alexander,Albon,1996-03-23,Thai,williams,Williams,19,13,13,0.0,51,Finished,5679278.0,7.0,104.152,
2025,17,Azerbaijan Grand Prix,2025-09-21,baku,Baku City Circuit,Azerbaijan,Baku,40.3725,49.8533,ocon,OCO,31,Esteban,Ocon,1996-09-17,French,haas,Haas F1 Team,20,14,14,0.0,51,Finished,5683988.0,17.0,105.388,
2025,17,Azerbaijan Grand Prix,2025-09-21,baku,Baku City Circuit,Azerbaijan,Baku,40.3725,49.8533,alonso,ALO,14,Fernando,Alonso,1981-07-29,Spanish,aston_martin,Aston Martin,11,15,15,0.0,51,Finished,5685115.0,15.0,105.00200000000001,
2025,17,Azerbaijan Grand Prix,2025-09-21,baku,Baku City Circuit,Azerbaijan,Baku,40.3725,49.8533,hulkenberg,HUL,27,Nico,Hülkenberg,1987-08-19,German,sauber,Sauber,17,16,16,0.0,51,Finished,5686645.0,11.0,104.37,
2025,17,Azerbaijan Grand Prix,2025-09-21,baku,Baku City Circuit,Azerbaijan,Baku,40.3725,49.8533,stroll,STR,18,Lance,Stroll,1998-10-29,Canadian,aston_martin,Aston Martin,14,17,17,0.0,51,Finished,5702800.0,16.0,105.083,
2025,17,Azerbaijan Grand Prix,2025-09-21,baku,Baku City Circuit,Azerbaijan,Baku,40.3725,49.8533,gasly,GAS,10,Pierre,Gasly,1996-02-07,French,alpine,Alpine F1 Team,18,18,18,0.0,50,Lapped,5610273.0,18.0,105.49199999999999,
2025,17,Azerbaijan Grand Prix,2025-09-21,baku,Baku City Circuit,Azerbaijan,Baku,40.3725,49.8533,colapinto,COL,43,Franco,Colapinto,2003-05-27,Argentine,alpine,Alpine F1 Team,16,19,19,0.0,50,Lapped,5612733.0,19.0,106.055,
2025,17,Azerbaijan Grand Prix,2025-09-21,baku,Baku City Circuit,Azerbaijan,Baku,40.3725,49.8533,piastri,PIA,81,Oscar,Piastri,2001-04-06,Australian,mclaren,McLaren,9,20,R,0.0,0,Retired,,,,
2025,18,Singapore Grand Prix,2025-10-05,marina_bay,Marina Bay Street Circuit,Singapore,Marina Bay,1.2914,103.864,russell,RUS,63,George,Russell,1998-02-15,British,mercedes,Mercedes,1,1,1,25.0,62,Finished,6022367.0,11.0,95.676,
2025,18,Singapore Grand Prix,2025-10-05,marina_bay,Marina Bay Street Circuit,Singapore,Marina Bay,1.2914,103.864,max_verstappen,VER,1,Max,Verstappen,1997-09-30,Dutch,red_bull,Red Bull,2,2,2,18.0,62,Finished,6027797.0,10.0,95.649,
2025,18,Singapore Grand Prix,2025-10-05,marina_bay,Marina Bay Street Circuit,Singapore,Marina Bay,1.2914,103.864,norris,NOR,4,Lando,Norris,1999-11-13,British,mclaren,McLaren,5,3,3,15.0,62,Finished,6028433.0,7.0,95.555,
2025,18,Singapore Grand Prix,2025-10-05,marina_bay,Marina Bay Street Circuit,Singapore,Marina Bay,1.2914,103.864,piastri,PIA,81,Oscar,Piastri,2001-04-06,Australian,mclaren,McLaren,3,4,4,12.0,62,Finished,6030513.0,6.0,95.408,
2025,18,Singapore Grand Prix,2025-10-05,marina_bay,Marina Bay Street Circuit,Singapore,Marina Bay,1.2914,103.864,antonelli,ANT,12,Andrea Kimi,Antonelli,2006-08-25,Italian,mercedes,Mercedes,4,5,5,10.0,62,Finished,6056048.0,4.0,95.303,
2025,18,Singapore Grand Prix,2025-10-05,marina_bay,Marina Bay Street Circuit,Singapore,Marina Bay,1.2914,103.864,leclerc,LEC,16,Charles,Leclerc,1997-10-16,Monegasque,ferrari,Ferrari,7,6,6,8.0,62,Finished,6068363.0,14.0,95.983,
2025,18,Singapore Grand Prix,2025-10-05,marina_bay,Marina Bay Street Circuit,Singapore,Marina Bay,1.2914,103.864,alonso,ALO,14,Fernando,Alonso,1981-07-29,Spanish,aston_martin,Aston Martin,10,7,7,6.0,62,Finished,6103034.0,13.0,95.862,
2025,18,Singapore Grand Prix,2025-10-05,marina_bay,Marina Bay Street Circuit,Singapore,Marina Bay,1.2914,103.864,hamilton,HAM,44,Lewis,Hamilton,1985-01-07,British,ferrari,Ferrari,6,8,8,4.0,62,Finished,6107618.0,1.0,93.80799999999999,
2025,18,Singapore Grand Prix,2025-10-05,marina_bay,Marina Bay Street Circuit,Singapore,Marina Bay,1.2914,103.864,bearman,BEA,87,Oliver,Bearman,2005-05-08,British,haas,Haas F1 Team,9,9,9,2.0,62,Finished,6115894.0,15.0,96.201,
2025,18,Singapore Grand Prix,2025-10-05,marina_bay,Marina Bay Street Circuit,Singapore,Marina Bay,1.2914,103.864,sainz,SAI,55,Carlos,Sainz,1994-09-01,Spanish,williams,Williams,18,10,10,1.0,61,Lapped,6033121.0,3.0,94.963,
2025,18,Singapore Grand Prix,2025-10-05,marina_bay,Marina Bay Street Circuit,Singapore,Marina Bay,1.2914,103.864,hadjar,HAD,6,Isack,Hadjar,2004-09-28,French,rb,RB F1 Team,8,11,11,0.0,61,Lapped,6039702.0,18.0,96.938,
2025,18,Singapore Grand Prix,2025-10-05,marina_bay,Marina Bay Street Circuit,Singapore,Marina Bay,1.2914,103.864,tsunoda,TSU,22,Yuki,Tsunoda,2000-05-11,Japanese,red_bull,Red Bull,13,12,12,0.0,61,Lapped,6041636.0,17.0,96.831,
2025,18,Singapore Grand Prix,2025-10-05,marina_bay,Marina Bay Street Circuit,Singapore,Marina Bay,1.2914,103.864,stroll,STR,18,Lance,Stroll,1998-10-29,Canadian,aston_martin,Aston Martin,15,13,13,0.0,61,Lapped,6046857.0,12.0,95.851,
2025,18,Singapore Grand Prix,2025-10-05,marina_bay,Marina Bay Street Circuit,Singapore,Marina Bay,1.2914,103.864,albon,ALB,23,Alexander,Albon,1996-03-23,Thai,williams,Williams,20,14,14,0.0,61,Lapped,6047687.0,9.0,95.648,
2025,18,Singapore Grand Prix,2025-10-05,marina_bay,Marina Bay Street Circuit,Singapore,Marina Bay,1.2914,103.864,lawson,LAW,30,Liam,Lawson,2002-02-11,New Zealander,rb,RB F1 Team,12,15,15,0.0,61,Lapped,6049512.0,8.0,95.64099999999999,
2025,18,Singapore Grand Prix,2025-10-05,marina_bay,Marina Bay Street Circuit,Singapore,Marina Bay,1.2914,103.864,colapinto,COL,43,Franco,Colapinto,2003-05-27,Argentine,alpine,Alpine F1 Team,16,16,16,0.0,61,Lapped,6065257.0,20.0,97.182,
2025,18,Singapore Grand Prix,2025-10-05,marina_bay,Marina Bay Street Circuit,Singapore,Marina Bay,1.2914,103.864,bortoleto,BOR,5,Gabriel,Bortoleto,2004-10-14,Brazilian,sauber,Sauber,14,17,17,0.0,61,Lapped,6069120.0,19.0,97.126,
2025,18,Singapore Grand Prix,2025-10-05,marina_bay,Marina Bay Street Circuit,Singapore,Marina Bay,1.2914,103.864,ocon,OCO,31,Esteban,Ocon,1996-09-17,French,haas,Haas F1 Team,17,18,18,0.0,61,Lapped,6069500.0,16.0,96.646,
2025,18,Singapore Grand Prix,2025-10-05,marina_bay,Marina Bay Street Circuit,Singapore,Marina Bay,1.2914,103.864,gasly,GAS,10,Pierre,Gasly,1996-02-07,French,alpine,Alpine F1 Team,19,19,19,0.0,61,Lapped,6069828.0,2.0,94.57300000000001,
2025,18,Singapore Grand Prix,2025-10-05,marina_bay,Marina Bay Street Circuit,Singapore,Marina Bay,1.2914,103.864,hulkenberg,HUL,27,Nico,Hülkenberg,1987-08-19,German,sauber,Sauber,11,20,20,0.0,61,Lapped,6071407.0,5.0,95.404,
2025,19,United States Grand Prix,2025-10-19,americas,Circuit of the Americas,USA,Austin,30.1328,-97.6411,max_verstappen,VER,1,Max,Verstappen,1997-09-30,Dutch,red_bull,Red Bull,1,1,1,25.0,56,Finished,5640161.0,3.0,97.991,
2025,19,United States Grand Prix,2025-10-19,americas,Circuit of the Americas,USA,Austin,30.1328,-97.6411,norris,NOR,4,Lando,Norris,1999-11-13,British,mclaren,McLaren,2,2,2,18.0,56,Finished,5648120.0,2.0,97.62,
2025,19,United States Grand Prix,2025-10-19,americas,Circuit of the Americas,USA,Austin,30.1328,-97.6411,leclerc,LEC,16,Charles,Leclerc,1997-10-16,Monegasque,ferrari,Ferrari,3,3,3,15.0,56,Finished,5655534.0,5.0,98.231,
2025,19,United States Grand Prix,2025-10-19,americas,Circuit of the Americas,USA,Austin,30.1328,-97.6411,hamilton,HAM,44,Lewis,Hamilton,1985-01-07,British,ferrari,Ferrari,5,4,4,12.0,56,Finished,5668697.0,8.0,98.36099999999999,
2025,19,United States Grand Prix,2025-10-19,americas,Circuit of the Americas,USA,Austin,30.1328,-97.6411,piastri,PIA,81,Oscar,Piastri,2001-04-06,Australian,mclaren,McLaren,6,5,5,10.0,56,Finished,5669839.0,10.0,98.564,
2025,19,United States Grand Prix,2025-10-19,americas,Circuit of the Americas,USA,Austin,30.1328,-97.6411,russell,RUS,63,George,Russell,1998-02-15,British,mercedes,Mercedes,4,6,6,8.0,56,Finished,5673617.0,4.0,98.22399999999999,
2025,19,United States Grand Prix,2025-10-19,americas,Circuit of the Americas,USA,Austin,30.1328,-97.6411,tsunoda,TSU,22,Yuki,Tsunoda,2000-05-11,Japanese,red_bull,Red Bull,13,7,7,6.0,56,Finished,5692875.0,13.0,98.803,
2025,19,United States Grand Prix,2025-10-19,americas,Circuit of the Americas,USA,Austin,30.1328,-97.6411,hulkenberg,HUL,27,Nico,Hülkenberg,1987-08-19,German,sauber,Sauber,11,8,8,4.0,56,Finished,5697410.0,9.0,98.372,
2025,19,United States Grand Prix,2025-10-19,americas,Circuit of the Americas,USA,Austin,30.1328,-97.6411,bearman,BEA,87,Oliver,Bearman,2005-05-08,British,haas,Haas F1 Team,8,9,9,2.0,56,Finished,5704883.0,16.0,99.119,
2025,19,United States Grand Prix,2025-10-19,americas,Circuit of the Americas,USA,Austin,30.1328,-97.6411,alonso,ALO,14,Fernando,Alonso,1981-07-29,Spanish,aston_martin,Aston Martin,10,10,10,1.0,56,Finished,5710162.0,12.0,98.789,
2025,19,United States Grand Prix,2025-10-19,americas,Circuit of the Americas,USA,Austin,30.1328,-97.6411,lawson,LAW,30,Liam,Lawson,2002-02-11,New Zealander,rb,RB F1 Team,12,11,11,0.0,56,Finished,5713370.0,14.0,98.983,
2025,19,United States Grand Prix,2025-10-19,americas,Circuit of the Americas,USA,Austin,30.1328,-97.6411,stroll,STR,18,Lance,Stroll,1998-10-29,Canadian,aston_martin,Aston Martin,19,12,12,0.0,56,Finished,5714939.0,15.0,99.071,
2025,19,United States Grand Prix,2025-10-19,americas,Circuit of the Americas,USA,Austin,30.1328,-97.6411,antonelli,ANT,12,Andrea Kimi,Antonelli,2006-08-25,Italian,mercedes,Mercedes,7,13,13,0.0,56,Finished,5715907.0,1.0,97.577,
2025,19,United States Grand Prix,2025-10-19,americas,Circuit of the Americas,USA,Austin,30.1328,-97.6411,albon,ALB,23,Alexander,Albon,1996-03-23,Thai,williams,Williams,18,14,14,0.0,56,Finished,5720161.0,7.0,98.328,
2025,19,United States Grand Prix,2025-10-19,americas,Circuit of the Americas,USA,Austin,30.1328,-97.6411,ocon,OCO,31,Esteban,Ocon,1996-09-17,French,haas,Haas F1 Team,17,15,15,0.0,56,Finished,5723204.0,18.0,99.263,
2025,19,United States Grand Prix,2025-10-19,americas,Circuit of the Americas,USA,Austin,30.1328,-97.6411,hadjar,HAD,6,Isack,Hadjar,2004-09-28,French,rb,RB F1 Team,20,16,16,0.0,56,Finished,5732968.0,11.0,98.72399999999999,
2025,19,United States Grand Prix,2025-10-19,americas,Circuit of the Americas,USA,Austin,30.1328,-97.6411,colapinto,COL,43,Franco,Colapinto,2003-05-27,Argentine,alpine,Alpine F1 Team,15,17,17,0.0,55,Lapped,5642468.0,17.0,99.173,
2025,19,United States Grand Prix,2025-10-19,americas,Circuit of the Americas,USA,Austin,30.1328,-97.6411,bortoleto,BOR,5,Gabriel,Bortoleto,2004-10-14,Brazilian,sauber,Sauber,16,18,18,0.0,55,Lapped,5643718.0,6.0,98.275,
2025,19,United States Grand Prix,2025-10-19,americas,Circuit of the Americas,USA,Austin,30.1328,-97.6411,gasly,GAS,10,Pierre,Gasly,1996-02-07,French,alpine,Alpine F1 Team,14,19,19,0.0,55,Lapped,5646316.0,19.0,99.27000000000001,
2025,19,United States Grand Prix,2025-10-19,americas,Circuit of the Americas,USA,Austin,30.1328,-97.6411,sainz,SAI,55,Carlos,Sainz,1994-09-01,Spanish,williams,Williams,9,20,R,0.0,5,Retired,,20.0,100.327,
2025,20,Mexico City Grand Prix,2025-10-26,rodriguez,Autódromo Hermanos Rodríguez,Mexico,Mexico City,19.4042,-99.0907,norris,NOR,4,Lando,Norris,1999-11-13,British,mclaren,McLaren,1,1,1,25.0,71,Finished,5878574.0,8.0,80.764,
2025,20,Mexico City Grand Prix,2025-10-26,rodriguez,Autódromo Hermanos Rodríguez,Mexico,Mexico City,19.4042,-99.0907,leclerc,LEC,16,Charles,Leclerc,1997-10-16,Monegasque,ferrari,Ferrari,2,2,2,18.0,71,Finished,5908898.0,14.0,81.588,
2025,20,Mexico City Grand Prix,2025-10-26,rodriguez,Autódromo Hermanos Rodríguez,Mexico,Mexico City,19.4042,-99.0907,max_verstappen,VER,1,Max,Verstappen,1997-09-30,Dutch,red_bull,Red Bull,5,3,3,15.0,71,Finished,5909623.0,10.0,81.108,
2025,20,Mexico City Grand Prix,2025-10-26,rodriguez,Autódromo Hermanos Rodríguez,Mexico,Mexico City,19.4042,-99.0907,bearman,BEA,87,Oliver,Bearman,2005-05-08,British,haas,Haas F1 Team,9,4,4,12.0,71,Finished,5919529.0,7.0,80.705,
2025,20,Mexico City Grand Prix,2025-10-26,rodriguez,Autódromo Hermanos Rodríguez,Mexico,Mexico City,19.4042,-99.0907,piastri,PIA,81,Oscar,Piastri,2001-04-06,Australian,mclaren,McLaren,7,5,5,10.0,71,Finished,5920639.0,3.0,80.422,
2025,20,Mexico City Grand Prix,2025-10-26,rodriguez,Autódromo Hermanos Rodríguez,Mexico,Mexico City,19.4042,-99.0907,antonelli,ANT,12,Andrea Kimi,Antonelli,2006-08-25,Italian,mercedes,Mercedes,6,6,6,8.0,71,Finished,5926411.0,9.0,80.826,
2025,20,Mexico City Grand Prix,2025-10-26,rodriguez,Autódromo Hermanos Rodríguez,Mexico,Mexico City,19.4042,-99.0907,russell,RUS,63,George,Russell,1998-02-15,British,mercedes,Mercedes,4,7,7,6.0,71,Finished,5928861.0,1.0,80.05199999999999,
2025,20,Mexico City Grand Prix,2025-10-26,rodriguez,Autódromo Hermanos Rodríguez,Mexico,Mexico City,19.4042,-99.0907,hamilton,HAM,44,Lewis,Hamilton,1985-01-07,British,ferrari,Ferrari,3,8,8,4.0,71,Finished,5935020.0,6.0,80.601,
2025,20,Mexico City Grand Prix,2025-10-26,rodriguez,Autódromo Hermanos Rodríguez,Mexico,Mexico City,19.4042,-99.0907,ocon,OCO,31,Esteban,Ocon,1996-09-17,French,haas,Haas F1 Team,11,9,9,2.0,71,Finished,5954038.0,17.0,81.869,
2025,20,Mexico City Grand Prix,2025-10-26,rodriguez,Autódromo Hermanos Rodríguez,Mexico,Mexico City,19.4042,-99.0907,bortoleto,BOR,5,Gabriel,Bortoleto,2004-10-14,Brazilian,sauber,Sauber,16,10,10,1.0,71,Finished,5955437.0,11.0,81.121,
2025,20,Mexico City Grand Prix,2025-10-26,rodriguez,Autódromo Hermanos Rodríguez,Mexico,Mexico City,19.4042,-99.0907,tsunoda,TSU,22,Yuki,Tsunoda,2000-05-11,Japanese,red_bull,Red Bull,10,11,11,0.0,71,Finished,5957622.0,13.0,81.486,
2025,20,Mexico City Grand Prix,2025-10-26,rodriguez,Autódromo Hermanos Rodríguez,Mexico,Mexico City,19.4042,-99.0907,albon,ALB,23,Alexander,Albon,1996-03-23,Thai,williams,Williams,17,12,12,0.0,70,Lapped,5881024.0,4.0,80.48,
2025,20,Mexico City Grand Prix,2025-10-26,rodriguez,Autódromo Hermanos Rodríguez,Mexico,Mexico City,19.4042,-99.0907,hadjar,HAD,6,Isack,Hadjar,2004-09-28,French,rb,RB F1 Team,8,13,13,0.0,70,Lapped,5885230.0,16.0,81.714,
2025,20,Mexico City Grand Prix,2025-10-26,rodriguez,Autódromo Hermanos Rodríguez,Mexico,Mexico City,19.4042,-99.0907,stroll,STR,18,Lance,Stroll,1998-10-29,Canadian,aston_martin,Aston Martin,19,14,14,0.0,70,Lapped,5885609.0,5.0,80.593,
2025,20,Mexico City Grand Prix,2025-10-26,rodriguez,Autódromo Hermanos Rodríguez,Mexico,Mexico City,19.4042,-99.0907,gasly,GAS,10,Pierre,Gasly,1996-02-07,French,alpine,Alpine F1 Team,18,15,15,0.0,70,Lapped,5922654.0,18.0,82.271,
2025,20,Mexico City Grand Prix,2025-10-26,rodriguez,Autódromo Hermanos Rodríguez,Mexico,Mexico City,19.4042,-99.0907,colapinto,COL,43,Franco,Colapinto,2003-05-27,Argentine,alpine,Alpine F1 Team,20,16,16,0.0,70,Lapped,5922950.0,12.0,81.342,
2025,20,Mexico City Grand Prix,2025-10-26,rodriguez,Autódromo Hermanos Rodríguez,Mexico,Mexico City,19.4042,-99.0907,sainz,SAI,55,Carlos,Sainz,1994-09-01,Spanish,williams,Williams,12,17,17,0.0,67,Retired,5614132.0,2.0,80.098,
2025,20,Mexico City Grand Prix,2025-10-26,rodriguez,Autódromo Hermanos Rodríguez,Mexico,Mexico City,19.4042,-99.0907,alonso,ALO,14,Fernando,Alonso,1981-07-29,Spanish,aston_martin,Aston Martin,14,18,R,0.0,34,Retired,,15.0,81.708,
2025,20,Mexico City Grand Prix,2025-10-26,rodriguez,Autódromo Hermanos Rodríguez,Mexico,Mexico City,19.4042,-99.0907,hulkenberg,HUL,27,Nico,Hülkenberg,1987-08-19,German,sauber,Sauber,13,19,R,0.0,25,Retired,,19.0,83.09100000000001,
2025,20,Mexico City Grand Prix,2025-10-26,rodriguez,Autódromo Hermanos Rodríguez,Mexico,Mexico City,19.4042,-99.0907,lawson,LAW,30,Liam,Lawson,2002-02-11,New Zealander,rb,RB F1 Team,15,20,R,0.0,5,Retired,,20.0,85.124,
2025,21,São Paulo Grand Prix,2025-11-09,interlagos,Autódromo José Carlos Pace,Brazil,São Paulo,-23.7036,-46.6997,norris,NOR,4,Lando,Norris,1999-11-13,British,mclaren,McLaren,1,1,1,25.0,71,Finished,5521596.0,6.0,73.03999999999999,
2025,21,São Paulo Grand Prix,2025-11-09,interlagos,Autódromo José Carlos Pace,Brazil,São Paulo,-23.7036,-46.6997,antonelli,ANT,12,Andrea Kimi,Antonelli,2006-08-25,Italian,mercedes,Mercedes,2,2,2,18.0,71,Finished,5531984.0,9.0,73.123,
2025,21,São Paulo Grand Prix,2025-11-09,interlagos,Autódromo José Carlos Pace,Brazil,São Paulo,-23.7036,-46.6997,max_verstappen,VER,1,Max,Verstappen,1997-09-30,Dutch,red_bull,Red Bull,19,3,3,15.0,71,Finished,5532346.0,2.0,72.447,
2025,21,São Paulo Grand Prix,2025-11-09,interlagos,Autódromo José Carlos Pace,Brazil,São Paulo,-23.7036,-46.6997,russell,RUS,63,George,Russell,1998-02-15,British,mercedes,Mercedes,6,4,4,12.0,71,Finished,5536863.0,8.0,73.097,
2025,21,São Paulo Grand Prix,2025-11-09,interlagos,Autódromo José Carlos Pace,Brazil,São Paulo,-23.7036,-46.6997,piastri,PIA,81,Oscar,Piastri,2001-04-06,Australian,mclaren,McLaren,4,5,5,10.0,71,Finished,5537345.0,3.0,72.742,
2025,21,São Paulo Grand Prix,2025-11-09,interlagos,Autódromo José Carlos Pace,Brazil,São Paulo,-23.7036,-46.6997,bearman,BEA,87,Oliver,Bearman,2005-05-08,British,haas,Haas F1 Team,8,6,6,8.0,71,Finished,5551226.0,13.0,73.483,
2025,21,São Paulo Grand Prix,2025-11-09,interlagos,Autódromo José Carlos Pace,Brazil,São Paulo,-23.7036,-46.6997,lawson,LAW,30,Liam,Lawson,2002-02-11,New Zealander,rb,RB F1 Team,7,7,7,6.0,71,Finished,5574238.0,18.0,74.029,
2025,21,São Paulo Grand Prix,2025-11-09,interlagos,Autódromo José Carlos Pace,Brazil,São Paulo,-23.7036,-46.6997,hadjar,HAD,6,Isack,Hadjar,2004-09-28,French,rb,RB F1 Team,5,8,8,4.0,71,Finished,5574469.0,15.0,73.694,
2025,21,São Paulo Grand Prix,2025-11-09,interlagos,Autódromo José Carlos Pace,Brazil,São Paulo,-23.7036,-46.6997,hulkenberg,HUL,27,Nico,Hülkenberg,1987-08-19,German,sauber,Sauber,10,9,9,2.0,71,Finished,5574920.0,11.0,73.474,
2025,21,São Paulo Grand Prix,2025-11-09,interlagos,Autódromo José Carlos Pace,Brazil,São Paulo,-23.7036,-46.6997,gasly,GAS,10,Pierre,Gasly,1996-02-07,French,alpine,Alpine F1 Team,9,10,10,1.0,71,Finished,5575510.0,16.0,73.736,
2025,21,São Paulo Grand Prix,2025-11-09,interlagos,Autódromo José Carlos Pace,Brazil,São Paulo,-23.7036,-46.6997,albon,ALB,23,Alexander,Albon,1996-03-23,Thai,williams,Williams,12,11,11,0.0,71,Finished,5575780.0,1.0,72.4,
2025,21,São Paulo Grand Prix,2025-11-09,interlagos,Autódromo José Carlos Pace,Brazil,São Paulo,-23.7036,-46.6997,ocon,OCO,31,Esteban,Ocon,1996-09-17,French,haas,Haas F1 Team,20,12,12,0.0,71,Finished,5576292.0,12.0,73.481,
2025,21,São Paulo Grand Prix,2025-11-09,interlagos,Autódromo José Carlos Pace,Brazil,São Paulo,-23.7036,-46.6997,sainz,SAI,55,Carlos,Sainz,1994-09-01,Spanish,williams,Williams,15,13,13,0.0,71,Finished,5577016.0,14.0,73.68299999999999,
2025,21,São Paulo Grand Prix,2025-11-09,interlagos,Autódromo José Carlos Pace,Brazil,São Paulo,-23.7036,-46.6997,alonso,ALO,14,Fernando,Alonso,1981-07-29,Spanish,aston_martin,Aston Martin,11,14,14,0.0,71,Finished,5577362.0,10.0,73.312,
2025,21,São Paulo Grand Prix,2025-11-09,interlagos,Autódromo José Carlos Pace,Brazil,São Paulo,-23.7036,-46.6997,colapinto,COL,43,Franco,Colapinto,2003-05-27,Argentine,alpine,Alpine F1 Team,16,15,15,0.0,71,Finished,5579373.0,5.0,72.816,
2025,21,São Paulo Grand Prix,2025-11-09,interlagos,Autódromo José Carlos Pace,Brazil,São Paulo,-23.7036,-46.6997,stroll,STR,18,Lance,Stroll,1998-10-29,Canadian,aston_martin,Aston Martin,14,16,16,0.0,71,Finished,5579843.0,7.0,73.094,
2025,21,São Paulo Grand Prix,2025-11-09,interlagos,Autódromo José Carlos Pace,Brazil,São Paulo,-23.7036,-46.6997,tsunoda,TSU,22,Yuki,Tsunoda,2000-05-11,Japanese,red_bull,Red Bull,17,17,17,0.0,71,Finished,5590772.0,4.0,72.774,
2025,21,São Paulo Grand Prix,2025-11-09,interlagos,Autódromo José Carlos Pace,Brazil,São Paulo,-23.7036,-46.6997,hamilton,HAM,44,Lewis,Hamilton,1985-01-07,British,ferrari,Ferrari,13,18,R,0.0,37,Retired,,17.0,73.844,
2025,21,São Paulo Grand Prix,2025-11-09,interlagos,Autódromo José Carlos Pace,Brazil,São Paulo,-23.7036,-46.6997,leclerc,LEC,16,Charles,Leclerc,1997-10-16,Monegasque,ferrari,Ferrari,3,19,R,0.0,5,Retired,,19.0,103.56,
2025,21,São Paulo Grand Prix,2025-11-09,interlagos,Autódromo José Carlos Pace,Brazil,São Paulo,-23.7036,-46.6997,bortoleto,BOR,5,Gabriel,Bortoleto,2004-10-14,Brazilian,sauber,Sauber,18,20,R,0.0,0,Retired,,,,
2025,22,Las Vegas Grand Prix,2025-11-23,vegas,Las Vegas Strip Street Circuit,USA,Las Vegas,36.1147,-115.173,max_verstappen,VER,1,Max,Verstappen,1997-09-30,Dutch,red_bull,Red Bull,2,1,1,25.0,50,Finished,4868429.0,1.0,93.36500000000001,
2025,22,Las Vegas Grand Prix,2025-11-23,vegas,Las Vegas Strip Street Circuit,USA,Las Vegas,36.1147,-115.173,russell,RUS,63,George,Russell,1998-02-15,British,mercedes,Mercedes,4,2,2,18.0,50,Finished,4891975.0,9.0,94.592,
2025,22,Las Vegas Grand Prix,2025-11-23,vegas,Las Vegas Strip Street Circuit,USA,Las Vegas,36.1147,-115.173,antonelli,ANT,12,Andrea Kimi,Antonelli,2006-08-25,Italian,mercedes,Mercedes,17,3,3,15.0,50,Finished,4898917.0,2.0,93.99799999999999,
2025,22,Las Vegas Grand Prix,2025-11-23,vegas,Las Vegas Strip Street Circuit,USA,Las Vegas,36.1147,-115.173,leclerc,LEC,16,Charles,Leclerc,1997-10-16,Monegasque,ferrari,Ferrari,9,4,4,12.0,50,Finished,4899107.0,3.0,94.304,
2025,22,Las Vegas Grand Prix,2025-11-23,vegas,Las Vegas Strip Street Circuit,USA,Las Vegas,36.1147,-115.173,sainz,SAI,55,Carlos,Sainz,1994-09-01,Spanish,williams,Williams,3,5,5,10.0,50,Finished,4903353.0,4.0,94.49600000000001,
2025,22,Las Vegas Grand Prix,2025-11-23,vegas,Las Vegas Strip Street Circuit,USA,Las Vegas,36.1147,-115.173,hadjar,HAD,6,Isack,Hadjar,2004-09-28,French,rb,RB F1 Team,8,6,6,8.0,50,Finished,4913686.0,10.0,94.62,
2025,22,Las Vegas Grand Prix,2025-11-23,vegas,Las Vegas Strip Street Circuit,USA,Las Vegas,36.1147,-115.173,hulkenberg,HUL,27,Nico,Hülkenberg,1987-08-19,German,sauber,Sauber,11,7,7,6.0,50,Finished,4919563.0,8.0,94.592,
2025,22,Las Vegas Grand Prix,2025-11-23,vegas,Las Vegas Strip Street Circuit,USA,Las Vegas,36.1147,-115.173,hamilton,HAM,44,Lewis,Hamilton,1985-01-07,British,ferrari,Ferrari,19,8,8,4.0,50,Finished,4927798.0,6.0,94.553,
2025,22,Las Vegas Grand Prix,2025-11-23,vegas,Las Vegas Strip Street Circuit,USA,Las Vegas,36.1147,-115.173,ocon,OCO,31,Esteban,Ocon,1996-09-17,French,haas,Haas F1 Team,13,9,9,2.0,50,Finished,4929064.0,7.0,94.557,
2025,22,Las Vegas Grand Prix,2025-11-23,vegas,Las Vegas Strip Street Circuit,USA,Las Vegas,36.1147,-115.173,bearman,BEA,87,Oliver,Bearman,2005-05-08,British,haas,Haas F1 Team,14,10,10,1.0,50,Finished,4938978.0,5.0,94.519,
2025,22,Las Vegas Grand Prix,2025-11-23,vegas,Las Vegas Strip Street Circuit,USA,Las Vegas,36.1147,-115.173,alonso,ALO,14,Fernando,Alonso,1981-07-29,Spanish,aston_martin,Aston Martin,7,11,11,0.0,50,Finished,4953737.0,14.0,95.62899999999999,
2025,22,Las Vegas Grand Prix,2025-11-23,vegas,Las Vegas Strip Street Circuit,USA,Las Vegas,36.1147,-115.173,tsunoda,TSU,22,Yuki,Tsunoda,2000-05-11,Japanese,red_bull,Red Bull,20,12,12,0.0,50,Finished,4955403.0,12.0,94.967,
2025,22,Las Vegas Grand Prix,2025-11-23,vegas,Las Vegas Strip Street Circuit,USA,Las Vegas,36.1147,-115.173,gasly,GAS,10,Pierre,Gasly,1996-02-07,French,alpine,Alpine F1 Team,10,13,13,0.0,50,Finished,4960131.0,15.0,95.674,
2025,22,Las Vegas Grand Prix,2025-11-23,vegas,Las Vegas Strip Street Circuit,USA,Las Vegas,36.1147,-115.173,lawson,LAW,30,Liam,Lawson,2002-02-11,New Zealander,rb,RB F1 Team,6,14,14,0.0,49,Lapped,4871720.0,11.0,94.837,
2025,22,Las Vegas Grand Prix,2025-11-23,vegas,Las Vegas Strip Street Circuit,USA,Las Vegas,36.1147,-115.173,colapinto,COL,43,Franco,Colapinto,2003-05-27,Argentine,alpine,Alpine F1 Team,15,15,15,0.0,49,Lapped,4878888.0,16.0,95.78,
2025,22,Las Vegas Grand Prix,2025-11-23,vegas,Las Vegas Strip Street Circuit,USA,Las Vegas,36.1147,-115.173,albon,ALB,23,Alexander,Albon,1996-03-23,Thai,williams,Williams,16,16,R,0.0,35,Retired,,13.0,95.184,
2025,22,Las Vegas Grand Prix,2025-11-23,vegas,Las Vegas Strip Street Circuit,USA,Las Vegas,36.1147,-115.173,bortoleto,BOR,5,Gabriel,Bortoleto,2004-10-14,Brazilian,sauber,Sauber,18,17,R,0.0,2,Retired,,,,
2025,22,Las Vegas Grand Prix,2025-11-23,vegas,Las Vegas Strip Street Circuit,USA,Las Vegas,36.1147,-115.173,stroll,STR,18,Lance,Stroll,1998-10-29,Canadian,aston_martin,Aston Martin,12,18,R,0.0,0,Retired,,,,
2025,22,Las Vegas Grand Prix,2025-11-23,vegas,Las Vegas Strip Street Circuit,USA,Las Vegas,36.1147,-115.173,norris,NOR,4,Lando,Norris,1999-11-13,British,mclaren,McLaren,1,19,D,0.0,50,Disqualified,,,,
2025,22,Las Vegas Grand Prix,2025-11-23,vegas,Las Vegas Strip Street Circuit,USA,Las Vegas,36.1147,-115.173,piastri,PIA,81,Oscar,Piastri,2001-04-06,Australian,mclaren,McLaren,5,20,D,0.0,50,Disqualified,,,,
2025,23,Qatar Grand Prix,2025-11-30,losail,Losail International Circuit,Qatar,Lusail,25.49,51.4542,max_verstappen,VER,1,Max,Verstappen,1997-09-30,Dutch,red_bull,Red Bull,3,1,1,25.0,57,Finished,5078241.0,5.0,83.498,
2025,23,Qatar Grand Prix,2025-11-30,losail,Losail International Circuit,Qatar,Lusail,25.49,51.4542,piastri,PIA,81,Oscar,Piastri,2001-04-06,Australian,mclaren,McLaren,1,2,2,18.0,57,Finished,5086236.0,1.0,82.996,
2025,23,Qatar Grand Prix,2025-11-30,losail,Losail International Circuit,Qatar,Lusail,25.49,51.4542,sainz,SAI,55,Carlos,Sainz,1994-09-01,Spanish,williams,Williams,7,3,3,15.0,57,Finished,5100906.0,6.0,83.85900000000001,
2025,23,Qatar Grand Prix,2025-11-30,losail,Losail International Circuit,Qatar,Lusail,25.49,51.4542,norris,NOR,4,Lando,Norris,1999-11-13,British,mclaren,McLaren,2,4,4,12.0,57,Finished,5101556.0,2.0,83.197,
2025,23,Qatar Grand Prix,2025-11-30,losail,Losail International Circuit,Qatar,Lusail,25.49,51.4542,antonelli,ANT,12,Andrea Kimi,Antonelli,2006-08-25,Italian,mercedes,Mercedes,5,5,5,10.0,57,Finished,5106558.0,8.0,83.955,
2025,23,Qatar Grand Prix,2025-11-30,losail,Losail International Circuit,Qatar,Lusail,25.49,51.4542,russell,RUS,63,George,Russell,1998-02-15,British,mercedes,Mercedes,4,6,6,8.0,57,Finished,5126840.0,3.0,83.19800000000001,
2025,23,Qatar Grand Prix,2025-11-30,losail,Losail International Circuit,Qatar,Lusail,25.49,51.4542,alonso,ALO,14,Fernando,Alonso,1981-07-29,Spanish,aston_martin,Aston Martin,8,7,7,6.0,57,Finished,5132286.0,7.0,83.94,
2025,23,Qatar Grand Prix,2025-11-30,losail,Losail International Circuit,Qatar,Lusail,25.49,51.4542,leclerc,LEC,16,Charles,Leclerc,1997-10-16,Monegasque,ferrari,Ferrari,10,8,8,4.0,57,Finished,5135026.0,13.0,84.432,
2025,23,Qatar Grand Prix,2025-11-30,losail,Losail International Circuit,Qatar,Lusail,25.49,51.4542,lawson,LAW,30,Liam,Lawson,2002-02-11,New Zealander,rb,RB F1 Team,12,9,9,2.0,57,Finished,5138314.0,9.0,83.971,
2025,23,Qatar Grand Prix,2025-11-30,losail,Losail International Circuit,Qatar,Lusail,25.49,51.4542,tsunoda,TSU,22,Yuki,Tsunoda,2000-05-11,Japanese,red_bull,Red Bull,15,10,10,1.0,57,Finished,5140011.0,10.0,84.139,
2025,23,Qatar Grand Prix,2025-11-30,losail,Losail International Circuit,Qatar,Lusail,25.49,51.4542,albon,ALB,23,Alexander,Albon,1996-03-23,Thai,williams,Williams,14,11,11,0.0,57,Finished,5145172.0,11.0,84.261,
2025,23,Qatar Grand Prix,2025-11-30,losail,Losail International Circuit,Qatar,Lusail,25.49,51.4542,hamilton,HAM,44,Lewis,Hamilton,1985-01-07,British,ferrari,Ferrari,17,12,12,0.0,57,Finished,5155971.0,14.0,84.848,
2025,23,Qatar Grand Prix,2025-11-30,losail,Losail International Circuit,Qatar,Lusail,25.49,51.4542,bortoleto,BOR,5,Gabriel,Bortoleto,2004-10-14,Brazilian,sauber,Sauber,19,13,13,0.0,57,Finished,5163053.0,17.0,85.233,
2025,23,Qatar Grand Prix,2025-11-30,losail,Losail International Circuit,Qatar,Lusail,25.49,51.4542,colapinto,COL,43,Franco,Colapinto,2003-05-27,Argentine,alpine,Alpine F1 Team,20,14,14,0.0,56,Lapped,5081524.0,19.0,85.644,
2025,23,Qatar Grand Prix,2025-11-30,losail,Losail International Circuit,Qatar,Lusail,25.49,51.4542,ocon,OCO,31,Esteban,Ocon,1996-09-17,French,haas,Haas F1 Team,16,15,15,0.0,56,Lapped,5082494.0,16.0,85.056,
2025,23,Qatar Grand Prix,2025-11-30,losail,Losail International Circuit,Qatar,Lusail,25.49,51.4542,gasly,GAS,10,Pierre,Gasly,1996-02-07,French,alpine,Alpine F1 Team,9,16,16,0.0,56,Lapped,5083182.0,18.0,85.376,
2025,23,Qatar Grand Prix,2025-11-30,losail,Losail International Circuit,Qatar,Lusail,25.49,51.4542,stroll,STR,18,Lance,Stroll,1998-10-29,Canadian,aston_martin,Aston Martin,18,17,17,0.0,55,Retired,5015203.0,4.0,83.48400000000001,
2025,23,Qatar Grand Prix,2025-11-30,losail,Losail International Circuit,Qatar,Lusail,25.49,51.4542,hadjar,HAD,6,Isack,Hadjar,2004-09-28,French,rb,RB F1 Team,6,18,18,0.0,55,Retired,5032324.0,12.0,84.31700000000001,
2025,23,Qatar Grand Prix,2025-11-30,losail,Losail International Circuit,Qatar,Lusail,25.49,51.4542,bearman,BEA,87,Oliver,Bearman,2005-05-08,British,haas,Haas F1 Team,13,19,R,0.0,41,Retired,,15.0,84.93,
2025,23,Qatar Grand Prix,2025-11-30,losail,Losail International Circuit,Qatar,Lusail,25.49,51.4542,hulkenberg,HUL,27,Nico,Hülkenberg,1987-08-19,German,sauber,Sauber,11,20,R,0.0,6,Retired,,20.0,88.139,
2025,24,Abu Dhabi Grand Prix,2025-12-07,yas_marina,Yas Marina Circuit,UAE,Abu Dhabi,24.4672,54.6031,max_verstappen,VER,1,Max,Verstappen,1997-09-30,Dutch,red_bull,Red Bull,1,1,1,25.0,58,Finished,5167469.0,5.0,87.625,
2025,24,Abu Dhabi Grand Prix,2025-12-07,yas_marina,Yas Marina Circuit,UAE,Abu Dhabi,24.4672,54.6031,piastri,PIA,81,Oscar,Piastri,2001-04-06,Australian,mclaren,McLaren,3,2,2,18.0,58,Finished,5180063.0,2.0,86.765,
2025,24,Abu Dhabi Grand Prix,2025-12-07,yas_marina,Yas Marina Circuit,UAE,Abu Dhabi,24.4672,54.6031,norris,NOR,4,Lando,Norris,1999-11-13,British,mclaren,McLaren,2,3,3,15.0,58,Finished,5184041.0,3.0,86.818,
2025,24,Abu Dhabi Grand Prix,2025-12-07,yas_marina,Yas Marina Circuit,UAE,Abu Dhabi,24.4672,54.6031,leclerc,LEC,16,Charles,Leclerc,1997-10-16,Monegasque,ferrari,Ferrari,5,4,4,12.0,58,Finished,5190748.0,1.0,86.725,
2025,24,Abu Dhabi Grand Prix,2025-12-07,yas_marina,Yas Marina Circuit,UAE,Abu Dhabi,24.4672,54.6031,russell,RUS,63,George,Russell,1998-02-15,British,mercedes,Mercedes,4,5,5,10.0,58,Finished,5216032.0,14.0,88.599,
2025,24,Abu Dhabi Grand Prix,2025-12-07,yas_marina,Yas Marina Circuit,UAE,Abu Dhabi,24.4672,54.6031,alonso,ALO,14,Fernando,Alonso,1981-07-29,Spanish,aston_martin,Aston Martin,6,6,6,8.0,58,Finished,5235031.0,11.0,88.279,
2025,24,Abu Dhabi Grand Prix,2025-12-07,yas_marina,Yas Marina Circuit,UAE,Abu Dhabi,24.4672,54.6031,ocon,OCO,31,Esteban,Ocon,1996-09-17,French,haas,Haas F1 Team,8,7,7,6.0,58,Finished,5237345.0,15.0,88.655,
2025,24,Abu Dhabi Grand Prix,2025-12-07,yas_marina,Yas Marina Circuit,UAE,Abu Dhabi,24.4672,54.6031,hamilton,HAM,44,Lewis,Hamilton,1985-01-07,British,ferrari,Ferrari,16,8,8,4.0,58,Finished,5240139.0,10.0,88.094,
2025,24,Abu Dhabi Grand Prix,2025-12-07,yas_marina,Yas Marina Circuit,UAE,Abu Dhabi,24.4672,54.6031,hulkenberg,HUL,27,Nico,Hülkenberg,1987-08-19,German,sauber,Sauber,18,9,9,2.0,58,Finished,5246483.0,4.0,87.05,
2025,24,Abu Dhabi Grand Prix,2025-12-07,yas_marina,Yas Marina Circuit,UAE,Abu Dhabi,24.4672,54.6031,stroll,STR,18,Lance,Stroll,1998-10-29,Canadian,aston_martin,Aston Martin,15,10,10,1.0,58,Finished,5246992.0,6.0,87.626,
2025,24,Abu Dhabi Grand Prix,2025-12-07,yas_marina,Yas Marina Circuit,UAE,Abu Dhabi,24.4672,54.6031,bortoleto,BOR,5,Gabriel,Bortoleto,2004-10-14,Brazilian,sauber,Sauber,7,11,11,0.0,58,Finished,5248512.0,19.0,89.114,
2025,24,Abu Dhabi Grand Prix,2025-12-07,yas_marina,Yas Marina Circuit,UAE,Abu Dhabi,24.4672,54.6031,bearman,BEA,87,Oliver,Bearman,2005-05-08,British,haas,Haas F1 Team,11,12,12,0.0,58,Finished,5248635.0,17.0,88.976,
2025,24,Abu Dhabi Grand Prix,2025-12-07,yas_marina,Yas Marina Circuit,UAE,Abu Dhabi,24.4672,54.6031,sainz,SAI,55,Carlos,Sainz,1994-09-01,Spanish,williams,Williams,12,13,13,0.0,58,Finished,5249627.0,18.0,89.05199999999999,
2025,24,Abu Dhabi Grand Prix,2025-12-07,yas_marina,Yas Marina Circuit,UAE,Abu Dhabi,24.4672,54.6031,tsunoda,TSU,22,Yuki,Tsunoda,2000-05-11,Japanese,red_bull,Red Bull,10,14,14,0.0,58,Finished,5251263.0,13.0,88.557,
2025,24,Abu Dhabi Grand Prix,2025-12-07,yas_marina,Yas Marina Circuit,UAE,Abu Dhabi,24.4672,54.6031,antonelli,ANT,12,Andrea Kimi,Antonelli,2006-08-25,Italian,mercedes,Mercedes,14,15,15,0.0,58,Finished,5251868.0,9.0,88.029,
2025,24,Abu Dhabi Grand Prix,2025-12-07,yas_marina,Yas Marina Circuit,UAE,Abu Dhabi,24.4672,54.6031,albon,ALB,23,Alexander,Albon,1996-03-23,Thai,williams,Williams,17,16,16,0.0,58,Finished,5257796.0,12.0,88.367,
2025,24,Abu Dhabi Grand Prix,2025-12-07,yas_marina,Yas Marina Circuit,UAE,Abu Dhabi,24.4672,54.6031,hadjar,HAD,6,Isack,Hadjar,2004-09-28,French,rb,RB F1 Team,9,17,17,0.0,57,Lapped,5168796.0,20.0,89.375,
2025,24,Abu Dhabi Grand Prix,2025-12-07,yas_marina,Yas Marina Circuit,UAE,Abu Dhabi,24.4672,54.6031,lawson,LAW,30,Liam,Lawson,2002-02-11,New Zealander,rb,RB F1 Team,13,18,18,0.0,57,Lapped,5172128.0,16.0,88.886,
2025,24,Abu Dhabi Grand Prix,2025-12-07,yas_marina,Yas Marina Circuit,UAE,Abu Dhabi,24.4672,54.6031,gasly,GAS,10,Pierre,Gasly,1996-02-07,French,alpine,Alpine F1 Team,19,19,19,0.0,57,Lapped,5179377.0,8.0,87.767,
2025,24,Abu Dhabi Grand Prix,2025-12-07,yas_marina,Yas Marina Circuit,UAE,Abu Dhabi,24.4672,54.6031,colapinto,COL,43,Franco,Colapinto,2003-05-27,Argentine,alpine,Alpine F1 Team,20,20,20,0.0,57,Lapped,5181472.0,7.0,87.71000000000001,
2026,1,Australian Grand Prix,2026-03-08,albert_park,Albert Park Grand Prix Circuit,Australia,Melbourne,-37.8497,144.968,russell,RUS,63,George,Russell,1998-02-15,British,mercedes,Mercedes,1,1,1,25.0,58,Finished,4986801.0,6.0,82.67,
2026,1,Australian Grand Prix,2026-03-08,albert_park,Albert Park Grand Prix Circuit,Australia,Melbourne,-37.8497,144.968,antonelli,ANT,12,Andrea Kimi,Antonelli,2006-08-25,Italian,mercedes,Mercedes,2,2,2,18.0,58,Finished,4989775.0,3.0,82.417,
2026,1,Australian Grand Prix,2026-03-08,albert_park,Albert Park Grand Prix Circuit,Australia,Melbourne,-37.8497,144.968,leclerc,LEC,16,Charles,Leclerc,1997-10-16,Monegasque,ferrari,Ferrari,4,3,3,15.0,58,Finished,5002320.0,5.0,82.57900000000001,
2026,1,Australian Grand Prix,2026-03-08,albert_park,Albert Park Grand Prix Circuit,Australia,Melbourne,-37.8497,144.968,hamilton,HAM,44,Lewis,Hamilton,1985-01-07,British,ferrari,Ferrari,7,4,4,12.0,58,Finished,5002945.0,4.0,82.423,
2026,1,Australian Grand Prix,2026-03-08,albert_park,Albert Park Grand Prix Circuit,Australia,Melbourne,-37.8497,144.968,norris,NOR,1,Lando,Norris,1999-11-13,British,mclaren,McLaren,6,5,5,10.0,58,Finished,5038542.0,2.0,82.358,
2026,1,Australian Grand Prix,2026-03-08,albert_park,Albert Park Grand Prix Circuit,Australia,Melbourne,-37.8497,144.968,max_verstappen,VER,3,Max,Verstappen,1997-09-30,Dutch,red_bull,Red Bull,20,6,6,8.0,58,Finished,5041418.0,1.0,82.09100000000001,
2026,1,Australian Grand Prix,2026-03-08,albert_park,Albert Park Grand Prix Circuit,Australia,Melbourne,-37.8497,144.968,bearman,BEA,87,Oliver,Bearman,2005-05-08,British,haas,Haas F1 Team,12,7,7,6.0,57,Lapped,4991394.0,11.0,84.02,
2026,1,Australian Grand Prix,2026-03-08,albert_park,Albert Park Grand Prix Circuit,Australia,Melbourne,-37.8497,144.968,arvid_lindblad,LIN,41,Arvid,Lindblad,2007-08-08,British,rb,RB F1 Team,9,8,8,4.0,57,Lapped,4998617.0,12.0,84.182,
2026,1,Australian Grand Prix,2026-03-08,albert_park,Albert Park Grand Prix Circuit,Australia,Melbourne,-37.8497,144.968,bortoleto,BOR,5,Gabriel,Bortoleto,2004-10-14,Brazilian,audi,Audi,10,9,9,2.0,57,Lapped,4999576.0,8.0,83.257,
2026,1,Australian Grand Prix,2026-03-08,albert_park,Albert Park Grand Prix Circuit,Australia,Melbourne,-37.8497,144.968,gasly,GAS,10,Pierre,Gasly,1996-02-07,French,alpine,Alpine F1 Team,14,10,10,1.0,57,Lapped,5015828.0,15.0,84.486,
2026,1,Australian Grand Prix,2026-03-08,albert_park,Albert Park Grand Prix Circuit,Australia,Melbourne,-37.8497,144.968,ocon,OCO,31,Esteban,Ocon,1996-09-17,French,haas,Haas F1 Team,13,11,11,0.0,57,Lapped,5016651.0,14.0,84.424,
2026,1,Australian Grand Prix,2026-03-08,albert_park,Albert Park Grand Prix Circuit,Australia,Melbourne,-37.8497,144.968,albon,ALB,23,Alexander,Albon,1996-03-23,Thai,williams,Williams,15,12,12,0.0,57,Lapped,5042876.0,13.0,84.375,
2026,1,Australian Grand Prix,2026-03-08,albert_park,Albert Park Grand Prix Circuit,Australia,Melbourne,-37.8497,144.968,lawson,LAW,30,Liam,Lawson,2002-02-11,New Zealander,rb,RB F1 Team,8,13,13,0.0,57,Lapped,5043974.0,10.0,83.783,
2026,1,Australian Grand Prix,2026-03-08,albert_park,Albert Park Grand Prix Circuit,Australia,Melbourne,-37.8497,144.968,colapinto,COL,43,Franco,Colapinto,2003-05-27,Argentine,alpine,Alpine F1 Team,16,14,14,0.0,56,Lapped,4995288.0,7.0,82.926,
2026,1,Australian Grand Prix,2026-03-08,albert_park,Albert Park Grand Prix Circuit,Australia,Melbourne,-37.8497,144.968,sainz,SAI,55,Carlos,Sainz,1994-09-01,Spanish,williams,Williams,21,15,15,0.0,56,Lapped,5023687.0,9.0,83.59,
2026,1,Australian Grand Prix,2026-03-08,albert_park,Albert Park Grand Prix Circuit,Australia,Melbourne,-37.8497,144.968,perez,PER,11,Sergio,Pérez,1990-01-26,Mexican,cadillac,Cadillac F1 Team,18,16,16,0.0,55,Lapped,4994651.0,19.0,86.07,
2026,1,Australian Grand Prix,2026-03-08,albert_park,Albert Park Grand Prix Circuit,Australia,Melbourne,-37.8497,144.968,stroll,STR,18,Lance,Stroll,1998-10-29,Canadian,aston_martin,Aston Martin,22,17,R,0.0,43,Lapped,,17.0,85.41,
2026,1,Australian Grand Prix,2026-03-08,albert_park,Albert Park Grand Prix Circuit,Australia,Melbourne,-37.8497,144.968,alonso,ALO,14,Fernando,Alonso,1981-07-29,Spanish,aston_martin,Aston Martin,17,18,R,0.0,21,Retired,,18.0,85.713,
2026,1,Australian Grand Prix,2026-03-08,albert_park,Albert Park Grand Prix Circuit,Australia,Melbourne,-37.8497,144.968,bottas,BOT,77,Valtteri,Bottas,1989-08-28,Finnish,cadillac,Cadillac F1 Team,19,19,R,0.0,15,Retired,,20.0,87.364,
2026,1,Australian Grand Prix,2026-03-08,albert_park,Albert Park Grand Prix Circuit,Australia,Melbourne,-37.8497,144.968,hadjar,HAD,6,Isack,Hadjar,2004-09-28,French,red_bull,Red Bull,3,20,R,0.0,10,Retired,,16.0,85.239,
2026,1,Australian Grand Prix,2026-03-08,albert_park,Albert Park Grand Prix Circuit,Australia,Melbourne,-37.8497,144.968,piastri,PIA,81,Oscar,Piastri,2001-04-06,Australian,mclaren,McLaren,5,21,W,0.0,0,Did not start,,,,
2026,1,Australian Grand Prix,2026-03-08,albert_park,Albert Park Grand Prix Circuit,Australia,Melbourne,-37.8497,144.968,hulkenberg,HUL,27,Nico,Hülkenberg,1987-08-19,German,audi,Audi,11,22,W,0.0,0,Did not start,,,,
2026,2,Chinese Grand Prix,2026-03-15,shanghai,Shanghai International Circuit,China,Shanghai,31.3389,121.22,antonelli,ANT,12,Andrea Kimi,Antonelli,2006-08-25,Italian,mercedes,Mercedes,1,1,1,25.0,56,Finished,5595607.0,1.0,95.275,
2026,2,Chinese Grand Prix,2026-03-15,shanghai,Shanghai International Circuit,China,Shanghai,31.3389,121.22,russell,RUS,63,George,Russell,1998-02-15,British,mercedes,Mercedes,2,2,2,18.0,56,Finished,5601122.0,2.0,95.4,
2026,2,Chinese Grand Prix,2026-03-15,shanghai,Shanghai International Circuit,China,Shanghai,31.3389,121.22,hamilton,HAM,44,Lewis,Hamilton,1985-01-07,British,ferrari,Ferrari,3,3,3,15.0,56,Finished,5620874.0,5.0,96.092,
2026,2,Chinese Grand Prix,2026-03-15,shanghai,Shanghai International Circuit,China,Shanghai,31.3389,121.22,leclerc,LEC,16,Charles,Leclerc,1997-10-16,Monegasque,ferrari,Ferrari,4,4,4,12.0,56,Finished,5624501.0,4.0,96.011,
2026,2,Chinese Grand Prix,2026-03-15,shanghai,Shanghai International Circuit,China,Shanghai,31.3389,121.22,bearman,BEA,87,Oliver,Bearman,2005-05-08,British,haas,Haas F1 Team,10,5,5,10.0,56,Finished,5652875.0,8.0,96.429,
2026,2,Chinese Grand Prix,2026-03-15,shanghai,Shanghai International Circuit,China,Shanghai,31.3389,121.22,gasly,GAS,10,Pierre,Gasly,1996-02-07,French,alpine,Alpine F1 Team,7,6,6,8.0,56,Finished,5655254.0,9.0,96.505,
2026,2,Chinese Grand Prix,2026-03-15,shanghai,Shanghai International Circuit,China,Shanghai,31.3389,121.22,lawson,LAW,30,Liam,Lawson,2002-02-11,New Zealander,rb,RB F1 Team,14,7,7,6.0,56,Finished,5676195.0,12.0,97.096,
2026,2,Chinese Grand Prix,2026-03-15,shanghai,Shanghai International Circuit,China,Shanghai,31.3389,121.22,hadjar,HAD,6,Isack,Hadjar,2004-09-28,French,red_bull,Red Bull,9,8,8,4.0,56,Finished,5682854.0,13.0,97.311,
2026,2,Chinese Grand Prix,2026-03-15,shanghai,Shanghai International Circuit,China,Shanghai,31.3389,121.22,sainz,SAI,55,Carlos,Sainz,1994-09-01,Spanish,williams,Williams,17,9,9,2.0,55,Lapped,5607280.0,14.0,97.981,
2026,2,Chinese Grand Prix,2026-03-15,shanghai,Shanghai International Circuit,China,Shanghai,31.3389,121.22,colapinto,COL,43,Franco,Colapinto,2003-05-27,Argentine,alpine,Alpine F1 Team,12,10,10,1.0,55,Lapped,5608010.0,10.0,96.783,
2026,2,Chinese Grand Prix,2026-03-15,shanghai,Shanghai International Circuit,China,Shanghai,31.3389,121.22,hulkenberg,HUL,27,Nico,Hülkenberg,1987-08-19,German,audi,Audi,11,11,11,0.0,55,Lapped,5616716.0,7.0,96.18,
2026,2,Chinese Grand Prix,2026-03-15,shanghai,Shanghai International Circuit,China,Shanghai,31.3389,121.22,arvid_lindblad,LIN,41,Arvid,Lindblad,2007-08-08,British,rb,RB F1 Team,15,12,12,0.0,55,Lapped,5618435.0,6.0,96.09899999999999,
2026,2,Chinese Grand Prix,2026-03-15,shanghai,Shanghai International Circuit,China,Shanghai,31.3389,121.22,bottas,BOT,77,Valtteri,Bottas,1989-08-28,Finnish,cadillac,Cadillac F1 Team,19,13,13,0.0,55,Lapped,5651765.0,15.0,98.393,
2026,2,Chinese Grand Prix,2026-03-15,shanghai,Shanghai International Circuit,China,Shanghai,31.3389,121.22,ocon,OCO,31,Esteban,Ocon,1996-09-17,French,haas,Haas F1 Team,13,14,14,0.0,55,Lapped,5661863.0,3.0,95.964,
2026,2,Chinese Grand Prix,2026-03-15,shanghai,Shanghai International Circuit,China,Shanghai,31.3389,121.22,perez,PER,11,Sergio,Pérez,1990-01-26,Mexican,cadillac,Cadillac F1 Team,21,15,15,0.0,55,Lapped,5670248.0,16.0,98.523,
2026,2,Chinese Grand Prix,2026-03-15,shanghai,Shanghai International Circuit,China,Shanghai,31.3389,121.22,max_verstappen,VER,3,Max,Verstappen,1997-09-30,Dutch,red_bull,Red Bull,8,16,R,0.0,45,Retired,,11.0,97.04599999999999,
2026,2,Chinese Grand Prix,2026-03-15,shanghai,Shanghai International Circuit,China,Shanghai,31.3389,121.22,alonso,ALO,14,Fernando,Alonso,1981-07-29,Spanish,aston_martin,Aston Martin,18,17,R,0.0,32,Retired,,17.0,99.721,
2026,2,Chinese Grand Prix,2026-03-15,shanghai,Shanghai International Circuit,China,Shanghai,31.3389,121.22,stroll,STR,18,Lance,Stroll,1998-10-29,Canadian,aston_martin,Aston Martin,20,18,R,0.0,9,Retired,,18.0,100.88300000000001,
2026,2,Chinese Grand Prix,2026-03-15,shanghai,Shanghai International Circuit,China,Shanghai,31.3389,121.22,piastri,PIA,81,Oscar,Piastri,2001-04-06,Australian,mclaren,McLaren,5,19,W,0.0,0,Did not start,,,,
2026,2,Chinese Grand Prix,2026-03-15,shanghai,Shanghai International Circuit,China,Shanghai,31.3389,121.22,norris,NOR,1,Lando,Norris,1999-11-13,British,mclaren,McLaren,6,20,W,0.0,0,Did not start,,,,
2026,2,Chinese Grand Prix,2026-03-15,shanghai,Shanghai International Circuit,China,Shanghai,31.3389,121.22,bortoleto,BOR,5,Gabriel,Bortoleto,2004-10-14,Brazilian,audi,Audi,16,21,W,0.0,0,Did not start,,,,
2026,2,Chinese Grand Prix,2026-03-15,shanghai,Shanghai International Circuit,China,Shanghai,31.3389,121.22,albon,ALB,23,Alexander,Albon,1996-03-23,Thai,williams,Williams,22,22,W,0.0,0,Did not start,,,,
2026,3,Japanese Grand Prix,2026-03-29,suzuka,Suzuka Circuit,Japan,Suzuka,34.8431,136.541,antonelli,ANT,12,Andrea Kimi,Antonelli,2006-08-25,Italian,mercedes,Mercedes,1,1,1,25.0,53,Finished,5283403.0,1.0,92.432,
2026,3,Japanese Grand Prix,2026-03-29,suzuka,Suzuka Circuit,Japan,Suzuka,34.8431,136.541,piastri,PIA,81,Oscar,Piastri,2001-04-06,Australian,mclaren,McLaren,3,2,2,18.0,53,Finished,5297125.0,5.0,92.99600000000001,
2026,3,Japanese Grand Prix,2026-03-29,suzuka,Suzuka Circuit,Japan,Suzuka,34.8431,136.541,leclerc,LEC,16,Charles,Leclerc,1997-10-16,Monegasque,ferrari,Ferrari,4,3,3,15.0,53,Finished,5298673.0,3.0,92.634,
2026,3,Japanese Grand Prix,2026-03-29,suzuka,Suzuka Circuit,Japan,Suzuka,34.8431,136.541,russell,RUS,63,George,Russell,1998-02-15,British,mercedes,Mercedes,2,4,4,12.0,53,Finished,5299157.0,2.0,92.549,
2026,3,Japanese Grand Prix,2026-03-29,suzuka,Suzuka Circuit,Japan,Suzuka,34.8431,136.541,norris,NOR,1,Lando,Norris,1999-11-13,British,mclaren,McLaren,5,5,5,10.0,53,Finished,5306882.0,6.0,93.208,
2026,3,Japanese Grand Prix,2026-03-29,suzuka,Suzuka Circuit,Japan,Suzuka,34.8431,136.541,hamilton,HAM,44,Lewis,Hamilton,1985-01-07,British,ferrari,Ferrari,6,6,6,8.0,53,Finished,5308440.0,4.0,92.777,
2026,3,Japanese Grand Prix,2026-03-29,suzuka,Suzuka Circuit,Japan,Suzuka,34.8431,136.541,gasly,GAS,10,Pierre,Gasly,1996-02-07,French,alpine,Alpine F1 Team,7,7,7,6.0,53,Finished,5315743.0,9.0,93.691,
2026,3,Japanese Grand Prix,2026-03-29,suzuka,Suzuka Circuit,Japan,Suzuka,34.8431,136.541,max_verstappen,VER,3,Max,Verstappen,1997-09-30,Dutch,red_bull,Red Bull,11,8,8,4.0,53,Finished,5316080.0,8.0,93.55199999999999,
2026,3,Japanese Grand Prix,2026-03-29,suzuka,Suzuka Circuit,Japan,Suzuka,34.8431,136.541,lawson,LAW,30,Liam,Lawson,2002-02-11,New Zealander,rb,RB F1 Team,14,9,9,2.0,53,Finished,5333583.0,13.0,94.22999999999999,
2026,3,Japanese Grand Prix,2026-03-29,suzuka,Suzuka Circuit,Japan,Suzuka,34.8431,136.541,ocon,OCO,31,Esteban,Ocon,1996-09-17,French,haas,Haas F1 Team,12,10,10,1.0,53,Finished,5334619.0,14.0,94.256,
2026,3,Japanese Grand Prix,2026-03-29,suzuka,Suzuka Circuit,Japan,Suzuka,34.8431,136.541,hulkenberg,HUL,27,Nico,Hülkenberg,1987-08-19,German,audi,Audi,13,11,11,0.0,53,Finished,5335683.0,10.0,93.732,
2026,3,Japanese Grand Prix,2026-03-29,suzuka,Suzuka Circuit,Japan,Suzuka,34.8431,136.541,hadjar,HAD,6,Isack,Hadjar,2004-09-28,French,red_bull,Red Bull,8,12,12,0.0,53,Finished,5339557.0,11.0,93.837,
2026,3,Japanese Grand Prix,2026-03-29,suzuka,Suzuka Circuit,Japan,Suzuka,34.8431,136.541,bortoleto,BOR,5,Gabriel,Bortoleto,2004-10-14,Brazilian,audi,Audi,9,13,13,0.0,53,Finished,5342481.0,12.0,94.164,
2026,3,Japanese Grand Prix,2026-03-29,suzuka,Suzuka Circuit,Japan,Suzuka,34.8431,136.541,arvid_lindblad,LIN,41,Arvid,Lindblad,2007-08-08,British,rb,RB F1 Team,10,14,14,0.0,53,Finished,5343251.0,15.0,94.314,
2026,3,Japanese Grand Prix,2026-03-29,suzuka,Suzuka Circuit,Japan,Suzuka,34.8431,136.541,sainz,SAI,55,Carlos,Sainz,1994-09-01,Spanish,williams,Williams,16,15,15,0.0,53,Finished,5348411.0,17.0,94.51400000000001,
2026,3,Japanese Grand Prix,2026-03-29,suzuka,Suzuka Circuit,Japan,Suzuka,34.8431,136.541,colapinto,COL,43,Franco,Colapinto,2003-05-27,Argentine,alpine,Alpine F1 Team,15,16,16,0.0,53,Finished,5349176.0,16.0,94.512,
2026,3,Japanese Grand Prix,2026-03-29,suzuka,Suzuka Circuit,Japan,Suzuka,34.8431,136.541,perez,PER,11,Sergio,Pérez,1990-01-26,Mexican,cadillac,Cadillac F1 Team,19,17,17,0.0,53,Finished,5375856.0,19.0,95.637,
2026,3,Japanese Grand Prix,2026-03-29,suzuka,Suzuka Circuit,Japan,Suzuka,34.8431,136.541,alonso,ALO,14,Fernando,Alonso,1981-07-29,Spanish,aston_martin,Aston Martin,21,18,18,0.0,52,Lapped,5309951.0,20.0,96.221,
2026,3,Japanese Grand Prix,2026-03-29,suzuka,Suzuka Circuit,Japan,Suzuka,34.8431,136.541,bottas,BOT,77,Valtteri,Bottas,1989-08-28,Finnish,cadillac,Cadillac F1 Team,20,19,19,0.0,52,Lapped,5326024.0,21.0,96.269,
2026,3,Japanese Grand Prix,2026-03-29,suzuka,Suzuka Circuit,Japan,Suzuka,34.8431,136.541,albon,ALB,23,Alexander,Albon,1996-03-23,Thai,williams,Williams,17,20,20,0.0,51,Lapped,5288470.0,7.0,93.42699999999999,
2026,3,Japanese Grand Prix,2026-03-29,suzuka,Suzuka Circuit,Japan,Suzuka,34.8431,136.541,stroll,STR,18,Lance,Stroll,1998-10-29,Canadian,aston_martin,Aston Martin,22,21,R,0.0,30,Retired,,22.0,97.217,
2026,3,Japanese Grand Prix,2026-03-29,suzuka,Suzuka Circuit,Japan,Suzuka,34.8431,136.541,bearman,BEA,87,Oliver,Bearman,2005-05-08,British,haas,Haas F1 Team,18,22,R,0.0,20,Retired,,18.0,95.604,
2026,4,Miami Grand Prix,2026-05-03,miami,Miami International Autodrome,USA,Miami,25.9581,-80.2389,antonelli,ANT,12,Andrea Kimi,Antonelli,2006-08-25,Italian,mercedes,Mercedes,1,1,1,25.0,57,Finished,5599273.0,3.0,91.968,
2026,4,Miami Grand Prix,2026-05-03,miami,Miami International Autodrome,USA,Miami,25.9581,-80.2389,norris,NOR,1,Lando,Norris,1999-11-13,British,mclaren,McLaren,4,2,2,18.0,57,Finished,5602537.0,1.0,91.869,
2026,4,Miami Grand Prix,2026-05-03,miami,Miami International Autodrome,USA,Miami,25.9581,-80.2389,piastri,PIA,81,Oscar,Piastri,2001-04-06,Australian,mclaren,McLaren,7,3,3,15.0,57,Finished,5626365.0,2.0,91.949,
2026,4,Miami Grand Prix,2026-05-03,miami,Miami International Autodrome,USA,Miami,25.9581,-80.2389,russell,RUS,63,George,Russell,1998-02-15,British,mercedes,Mercedes,5,4,4,12.0,57,Finished,5642324.0,4.0,92.446,
2026,4,Miami Grand Prix,2026-05-03,miami,Miami International Autodrome,USA,Miami,25.9581,-80.2389,max_verstappen,VER,3,Max,Verstappen,1997-09-30,Dutch,red_bull,Red Bull,2,5,5,10.0,57,Finished,5648222.0,9.0,93.11,
2026,4,Miami Grand Prix,2026-05-03,miami,Miami International Autodrome,USA,Miami,25.9581,-80.2389,hamilton,HAM,44,Lewis,Hamilton,1985-01-07,British,ferrari,Ferrari,6,6,6,8.0,57,Finished,5653026.0,6.0,92.676,
2026,4,Miami Grand Prix,2026-05-03,miami,Miami International Autodrome,USA,Miami,25.9581,-80.2389,colapinto,COL,43,Franco,Colapinto,2003-05-27,Argentine,alpine,Alpine F1 Team,8,7,7,6.0,57,Finished,5661144.0,8.0,93.035,
2026,4,Miami Grand Prix,2026-05-03,miami,Miami International Autodrome,USA,Miami,25.9581,-80.2389,leclerc,LEC,16,Charles,Leclerc,1997-10-16,Monegasque,ferrari,Ferrari,3,8,8,4.0,57,Finished,5663518.0,5.0,92.515,
2026,4,Miami Grand Prix,2026-05-03,miami,Miami International Autodrome,USA,Miami,25.9581,-80.2389,sainz,SAI,55,Carlos,Sainz,1994-09-01,Spanish,williams,Williams,13,9,9,2.0,57,Finished,5681345.0,7.0,93.02600000000001,
2026,4,Miami Grand Prix,2026-05-03,miami,Miami International Autodrome,USA,Miami,25.9581,-80.2389,albon,ALB,23,Alexander,Albon,1996-03-23,Thai,williams,Williams,15,10,10,1.0,57,Finished,5690245.0,13.0,93.78399999999999,
2026,4,Miami Grand Prix,2026-05-03,miami,Miami International Autodrome,USA,Miami,25.9581,-80.2389,bearman,BEA,87,Oliver,Bearman,2005-05-08,British,haas,Haas F1 Team,12,11,11,0.0,56,Lapped,5605673.0,12.0,93.744,
2026,4,Miami Grand Prix,2026-05-03,miami,Miami International Autodrome,USA,Miami,25.9581,-80.2389,bortoleto,BOR,5,Gabriel,Bortoleto,2004-10-14,Brazilian,audi,Audi,21,12,12,0.0,56,Lapped,5608626.0,10.0,93.5,
2026,4,Miami Grand Prix,2026-05-03,miami,Miami International Autodrome,USA,Miami,25.9581,-80.2389,ocon,OCO,31,Esteban,Ocon,1996-09-17,French,haas,Haas F1 Team,14,13,13,0.0,56,Lapped,5613146.0,11.0,93.712,
2026,4,Miami Grand Prix,2026-05-03,miami,Miami International Autodrome,USA,Miami,25.9581,-80.2389,arvid_lindblad,LIN,41,Arvid,Lindblad,2007-08-08,British,rb,RB F1 Team,16,14,14,0.0,56,Lapped,5644054.0,14.0,94.05799999999999,
2026,4,Miami Grand Prix,2026-05-03,miami,Miami International Autodrome,USA,Miami,25.9581,-80.2389,alonso,ALO,14,Fernando,Alonso,1981-07-29,Spanish,aston_martin,Aston Martin,17,15,15,0.0,56,Lapped,5674237.0,16.0,94.594,
2026,4,Miami Grand Prix,2026-05-03,miami,Miami International Autodrome,USA,Miami,25.9581,-80.2389,perez,PER,11,Sergio,Pérez,1990-01-26,Mexican,cadillac,Cadillac F1 Team,20,16,16,0.0,56,Lapped,5676786.0,21.0,94.89500000000001,
2026,4,Miami Grand Prix,2026-05-03,miami,Miami International Autodrome,USA,Miami,25.9581,-80.2389,stroll,STR,18,Lance,Stroll,1998-10-29,Canadian,aston_martin,Aston Martin,18,17,17,0.0,56,Lapped,5681904.0,17.0,94.71600000000001,
2026,4,Miami Grand Prix,2026-05-03,miami,Miami International Autodrome,USA,Miami,25.9581,-80.2389,bottas,BOT,77,Valtteri,Bottas,1989-08-28,Finnish,cadillac,Cadillac F1 Team,19,18,18,0.0,55,Lapped,5667528.0,22.0,96.08,
2026,4,Miami Grand Prix,2026-05-03,miami,Miami International Autodrome,USA,Miami,25.9581,-80.2389,hulkenberg,HUL,27,Nico,Hülkenberg,1987-08-19,German,audi,Audi,10,19,R,0.0,7,Retired,,15.0,94.523,
2026,4,Miami Grand Prix,2026-05-03,miami,Miami International Autodrome,USA,Miami,25.9581,-80.2389,lawson,LAW,30,Liam,Lawson,2002-02-11,New Zealander,rb,RB F1 Team,11,20,R,0.0,6,Retired,,18.0,94.814,
2026,4,Miami Grand Prix,2026-05-03,miami,Miami International Autodrome,USA,Miami,25.9581,-80.2389,gasly,GAS,10,Pierre,Gasly,1996-02-07,French,alpine,Alpine F1 Team,9,21,R,0.0,4,Retired,,20.0,94.856,
2026,4,Miami Grand Prix,2026-05-03,miami,Miami International Autodrome,USA,Miami,25.9581,-80.2389,hadjar,HAD,6,Isack,Hadjar,2004-09-28,French,red_bull,Red Bull,22,22,R,0.0,4,Retired,,19.0,94.833,
2026,5,Canadian Grand Prix,2026-05-24,villeneuve,Circuit Gilles Villeneuve,Canada,Montreal,45.5,-73.5228,antonelli,ANT,12,Andrea Kimi,Antonelli,2006-08-25,Italian,mercedes,Mercedes,2,1,1,25.0,68,Finished,5295758.0,1.0,74.21000000000001,
2026,5,Canadian Grand Prix,2026-05-24,villeneuve,Circuit Gilles Villeneuve,Canada,Montreal,45.5,-73.5228,hamilton,HAM,44,Lewis,Hamilton,1985-01-07,British,ferrari,Ferrari,5,2,2,18.0,68,Finished,5306526.0,3.0,74.57300000000001,
2026,5,Canadian Grand Prix,2026-05-24,villeneuve,Circuit Gilles Villeneuve,Canada,Montreal,45.5,-73.5228,max_verstappen,VER,3,Max,Verstappen,1997-09-30,Dutch,red_bull,Red Bull,6,3,3,15.0,68,Finished,5307034.0,2.0,74.398,
2026,5,Canadian Grand Prix,2026-05-24,villeneuve,Circuit Gilles Villeneuve,Canada,Montreal,45.5,-73.5228,leclerc,LEC,16,Charles,Leclerc,1997-10-16,Monegasque,ferrari,Ferrari,8,4,4,12.0,68,Finished,5339909.0,5.0,75.297,
2026,5,Canadian Grand Prix,2026-05-24,villeneuve,Circuit Gilles Villeneuve,Canada,Montreal,45.5,-73.5228,hadjar,HAD,6,Isack,Hadjar,2004-09-28,French,red_bull,Red Bull,7,5,5,10.0,67,Lapped,5300791.0,4.0,74.578,
2026,5,Canadian Grand Prix,2026-05-24,villeneuve,Circuit Gilles Villeneuve,Canada,Montreal,45.5,-73.5228,colapinto,COL,43,Franco,Colapinto,2003-05-27,Argentine,alpine,Alpine F1 Team,10,6,6,8.0,67,Lapped,5315268.0,8.0,75.462,
2026,5,Canadian Grand Prix,2026-05-24,villeneuve,Circuit Gilles Villeneuve,Canada,Montreal,45.5,-73.5228,lawson,LAW,30,Liam,Lawson,2002-02-11,New Zealander,rb,RB F1 Team,12,7,7,6.0,67,Lapped,5329993.0,10.0,75.604,
2026,5,Canadian Grand Prix,2026-05-24,villeneuve,Circuit Gilles Villeneuve,Canada,Montreal,45.5,-73.5228,gasly,GAS,10,Pierre,Gasly,1996-02-07,French,alpine,Alpine F1 Team,14,8,8,4.0,67,Lapped,5330330.0,6.0,75.39,
2026,5,Canadian Grand Prix,2026-05-24,villeneuve,Circuit Gilles Villeneuve,Canada,Montreal,45.5,-73.5228,sainz,SAI,55,Carlos,Sainz,1994-09-01,Spanish,williams,Williams,15,9,9,2.0,67,Lapped,5353772.0,12.0,75.852,
2026,5,Canadian Grand Prix,2026-05-24,villeneuve,Circuit Gilles Villeneuve,Canada,Montreal,45.5,-73.5228,bearman,BEA,87,Oliver,Bearman,2005-05-08,British,haas,Haas F1 Team,16,10,10,1.0,67,Lapped,5354807.0,13.0,76.002,
2026,5,Canadian Grand Prix,2026-05-24,villeneuve,Circuit Gilles Villeneuve,Canada,Montreal,45.5,-73.5228,piastri,PIA,81,Oscar,Piastri,2001-04-06,Australian,mclaren,McLaren,4,11,11,0.0,66,Lapped,5308457.0,7.0,75.456,
2026,5,Canadian Grand Prix,2026-05-24,villeneuve,Circuit Gilles Villeneuve,Canada,Montreal,45.5,-73.5228,hulkenberg,HUL,27,Nico,Hülkenberg,1987-08-19,German,audi,Audi,11,12,12,0.0,66,Lapped,5309940.0,15.0,76.275,
2026,5,Canadian Grand Prix,2026-05-24,villeneuve,Circuit Gilles Villeneuve,Canada,Montreal,45.5,-73.5228,bortoleto,BOR,5,Gabriel,Bortoleto,2004-10-14,Brazilian,audi,Audi,13,13,13,0.0,66,Lapped,5316914.0,14.0,76.221,
2026,5,Canadian Grand Prix,2026-05-24,villeneuve,Circuit Gilles Villeneuve,Canada,Montreal,45.5,-73.5228,ocon,OCO,31,Esteban,Ocon,1996-09-17,French,haas,Haas F1 Team,17,14,14,0.0,66,Lapped,5364393.0,16.0,76.577,
2026,5,Canadian Grand Prix,2026-05-24,villeneuve,Circuit Gilles Villeneuve,Canada,Montreal,45.5,-73.5228,stroll,STR,18,Lance,Stroll,1998-10-29,Canadian,aston_martin,Aston Martin,22,15,15,0.0,64,Lapped,5314155.0,20.0,78.721,
2026,5,Canadian Grand Prix,2026-05-24,villeneuve,Circuit Gilles Villeneuve,Canada,Montreal,45.5,-73.5228,bottas,BOT,77,Valtteri,Bottas,1989-08-28,Finnish,cadillac,Cadillac F1 Team,21,16,16,0.0,64,Lapped,5349148.0,19.0,77.725,
2026,5,Canadian Grand Prix,2026-05-24,villeneuve,Circuit Gilles Villeneuve,Canada,Montreal,45.5,-73.5228,perez,PER,11,Sergio,Pérez,1990-01-26,Mexican,cadillac,Cadillac F1 Team,20,17,R,0.0,39,Retired,,17.0,76.91499999999999,
2026,5,Canadian Grand Prix,2026-05-24,villeneuve,Circuit Gilles Villeneuve,Canada,Montreal,45.5,-73.5228,norris,NOR,1,Lando,Norris,1999-11-13,British,mclaren,McLaren,3,18,R,0.0,38,Retired,,11.0,75.845,
2026,5,Canadian Grand Prix,2026-05-24,villeneuve,Circuit Gilles Villeneuve,Canada,Montreal,45.5,-73.5228,russell,RUS,63,George,Russell,1998-02-15,British,mercedes,Mercedes,1,19,R,0.0,29,Retired,,9.0,75.477,
2026,5,Canadian Grand Prix,2026-05-24,villeneuve,Circuit Gilles Villeneuve,Canada,Montreal,45.5,-73.5228,alonso,ALO,14,Fernando,Alonso,1981-07-29,Spanish,aston_martin,Aston Martin,19,20,R,0.0,23,Retired,,21.0,79.635,
2026,5,Canadian Grand Prix,2026-05-24,villeneuve,Circuit Gilles Villeneuve,Canada,Montreal,45.5,-73.5228,albon,ALB,23,Alexander,Albon,1996-03-23,Thai,williams,Williams,18,21,R,0.0,11,Retired,,18.0,77.221,
2026,5,Canadian Grand Prix,2026-05-24,villeneuve,Circuit Gilles Villeneuve,Canada,Montreal,45.5,-73.5228,arvid_lindblad,LIN,41,Arvid,Lindblad,2007-08-08,British,rb,RB F1 Team,9,22,W,0.0,0,Did not start,,,,
2026,6,Monaco Grand Prix,2026-06-07,monaco,Circuit de Monaco,Monaco,Monte Carlo,43.7347,7.42056,antonelli,ANT,12,Andrea Kimi,Antonelli,2006-08-25,Italian,mercedes,Mercedes,1,1,1,25.0,78,Finished,8611243.0,1.0,73.481,
2026,6,Monaco Grand Prix,2026-06-07,monaco,Circuit de Monaco,Monaco,Monte Carlo,43.7347,7.42056,hamilton,HAM,44,Lewis,Hamilton,1985-01-07,British,ferrari,Ferrari,3,2,2,18.0,78,Finished,8617514.0,2.0,74.643,
2026,6,Monaco Grand Prix,2026-06-07,monaco,Circuit de Monaco,Monaco,Monte Carlo,43.7347,7.42056,hadjar,HAD,6,Isack,Hadjar,2004-09-28,French,red_bull,Red Bull,5,3,3,15.0,78,Finished,8634637.0,4.0,75.669,
2026,6,Monaco Grand Prix,2026-06-07,monaco,Circuit de Monaco,Monaco,Monte Carlo,43.7347,7.42056,piastri,PIA,81,Oscar,Piastri,2001-04-06,Australian,mclaren,McLaren,7,4,4,12.0,78,Finished,8635504.0,7.0,75.816,
2026,6,Monaco Grand Prix,2026-06-07,monaco,Circuit de Monaco,Monaco,Monte Carlo,43.7347,7.42056,lawson,LAW,30,Liam,Lawson,2002-02-11,New Zealander,rb,RB F1 Team,10,5,5,10.0,78,Finished,8637796.0,5.0,75.754,
2026,6,Monaco Grand Prix,2026-06-07,monaco,Circuit de Monaco,Monaco,Monte Carlo,43.7347,7.42056,arvid_lindblad,LIN,41,Arvid,Lindblad,2007-08-08,British,rb,RB F1 Team,15,6,6,8.0,78,Finished,8640253.0,8.0,75.908,
2026,6,Monaco Grand Prix,2026-06-07,monaco,Circuit de Monaco,Monaco,Monte Carlo,43.7347,7.42056,gasly,GAS,10,Pierre,Gasly,1996-02-07,French,alpine,Alpine F1 Team,9,7,7,6.0,78,Finished,8641612.0,3.0,75.497,
2026,6,Monaco Grand Prix,2026-06-07,monaco,Circuit de Monaco,Monaco,Monte Carlo,43.7347,7.42056,albon,ALB,23,Alexander,Albon,1996-03-23,Thai,williams,Williams,11,8,8,4.0,78,Finished,8644656.0,12.0,76.393,
2026,6,Monaco Grand Prix,2026-06-07,monaco,Circuit de Monaco,Monaco,Monte Carlo,43.7347,7.42056,ocon,OCO,31,Esteban,Ocon,1996-09-17,French,haas,Haas F1 Team,17,9,9,2.0,78,Finished,8648383.0,15.0,76.914,
2026,6,Monaco Grand Prix,2026-06-07,monaco,Circuit de Monaco,Monaco,Monte Carlo,43.7347,7.42056,alonso,ALO,14,Fernando,Alonso,1981-07-29,Spanish,aston_martin,Aston Martin,21,10,10,1.0,78,Finished,8653142.0,16.0,77.12,
2026,6,Monaco Grand Prix,2026-06-07,monaco,Circuit de Monaco,Monaco,Monte Carlo,43.7347,7.42056,bortoleto,BOR,5,Gabriel,Bortoleto,2004-10-14,Brazilian,audi,Audi,16,11,11,0.0,78,Finished,8653991.0,13.0,76.803,
2026,6,Monaco Grand Prix,2026-06-07,monaco,Circuit de Monaco,Monaco,Monte Carlo,43.7347,7.42056,russell,RUS,63,George,Russell,1998-02-15,British,mercedes,Mercedes,6,12,12,0.0,78,Finished,8654596.0,6.0,75.773,
2026,6,Monaco Grand Prix,2026-06-07,monaco,Circuit de Monaco,Monaco,Monte Carlo,43.7347,7.42056,hulkenberg,HUL,27,Nico,Hülkenberg,1987-08-19,German,audi,Audi,13,13,13,0.0,78,Finished,8655345.0,11.0,76.332,
2026,6,Monaco Grand Prix,2026-06-07,monaco,Circuit de Monaco,Monaco,Monte Carlo,43.7347,7.42056,colapinto,COL,43,Franco,Colapinto,2003-05-27,Argentine,alpine,Alpine F1 Team,14,14,14,0.0,78,Finished,8660207.0,10.0,76.316,
2026,6,Monaco Grand Prix,2026-06-07,monaco,Circuit de Monaco,Monaco,Monte Carlo,43.7347,7.42056,perez,PER,11,Sergio,Pérez,1990-01-26,Mexican,cadillac,Cadillac F1 Team,18,15,15,0.0,78,Finished,8660396.0,14.0,76.89099999999999,
2026,6,Monaco Grand Prix,2026-06-07,monaco,Circuit de Monaco,Monaco,Monte Carlo,43.7347,7.42056,sainz,SAI,55,Carlos,Sainz,1994-09-01,Spanish,williams,Williams,12,16,16,0.0,70,Retired,8012889.0,18.0,78.02199999999999,
2026,6,Monaco Grand Prix,2026-06-07,monaco,Circuit de Monaco,Monaco,Monte Carlo,43.7347,7.42056,leclerc,LEC,16,Charles,Leclerc,1997-10-16,Monegasque,ferrari,Ferrari,4,17,R,0.0,64,Retired,,9.0,75.964,
2026,6,Monaco Grand Prix,2026-06-07,monaco,Circuit de Monaco,Monaco,Monte Carlo,43.7347,7.42056,stroll,STR,18,Lance,Stroll,1998-10-29,Canadian,aston_martin,Aston Martin,22,18,R,0.0,56,Retired,,20.0,78.845,
2026,6,Monaco Grand Prix,2026-06-07,monaco,Circuit de Monaco,Monaco,Monte Carlo,43.7347,7.42056,norris,NOR,1,Lando,Norris,1999-11-13,British,mclaren,McLaren,8,19,R,0.0,43,Retired,,17.0,77.67,
2026,6,Monaco Grand Prix,2026-06-07,monaco,Circuit de Monaco,Monaco,Monte Carlo,43.7347,7.42056,bearman,BEA,87,Oliver,Bearman,2005-05-08,British,haas,Haas F1 Team,19,20,R,0.0,27,Retired,,19.0,78.475,
2026,6,Monaco Grand Prix,2026-06-07,monaco,Circuit de Monaco,Monaco,Monte Carlo,43.7347,7.42056,bottas,BOT,77,Valtteri,Bottas,1989-08-28,Finnish,cadillac,Cadillac F1 Team,20,21,R,0.0,15,Retired,,21.0,80.494,
2026,6,Monaco Grand Prix,2026-06-07,monaco,Circuit de Monaco,Monaco,Monte Carlo,43.7347,7.42056,max_verstappen,VER,3,Max,Verstappen,1997-09-30,Dutch,red_bull,Red Bull,2,22,R,0.0,0,Retired,,,,
2026,7,Barcelona Grand Prix,2026-06-14,catalunya,Circuit de Barcelona-Catalunya,Spain,Barcelona,41.57,2.26111,hamilton,HAM,44,Lewis,Hamilton,1985-01-07,British,ferrari,Ferrari,2,1,1,25.0,66,Finished,5548105.0,1.0,80.122,
2026,7,Barcelona Grand Prix,2026-06-14,catalunya,Circuit de Barcelona-Catalunya,Spain,Barcelona,41.57,2.26111,russell,RUS,63,George,Russell,1998-02-15,British,mercedes,Mercedes,1,2,2,18.0,66,Finished,5567666.0,6.0,80.64,
2026,7,Barcelona Grand Prix,2026-06-14,catalunya,Circuit de Barcelona-Catalunya,Spain,Barcelona,41.57,2.26111,norris,NOR,1,Lando,Norris,1999-11-13,British,mclaren,McLaren,4,3,3,15.0,66,Finished,5571824.0,4.0,80.232,
2026,7,Barcelona Grand Prix,2026-06-14,catalunya,Circuit de Barcelona-Catalunya,Spain,Barcelona,41.57,2.26111,max_verstappen,VER,3,Max,Verstappen,1997-09-30,Dutch,red_bull,Red Bull,5,4,4,12.0,66,Finished,5588602.0,3.0,80.23,
2026,7,Barcelona Grand Prix,2026-06-14,catalunya,Circuit de Barcelona-Catalunya,Spain,Barcelona,41.57,2.26111,piastri,PIA,81,Oscar,Piastri,2001-04-06,Australian,mclaren,McLaren,7,5,5,10.0,66,Finished,5606766.0,8.0,80.83500000000001,
2026,7,Barcelona Grand Prix,2026-06-14,catalunya,Circuit de Barcelona-Catalunya,Spain,Barcelona,41.57,2.26111,hadjar,HAD,6,Isack,Hadjar,2004-09-28,French,red_bull,Red Bull,6,6,6,8.0,65,Lapped,5572732.0,2.0,80.15,
2026,7,Barcelona Grand Prix,2026-06-14,catalunya,Circuit de Barcelona-Catalunya,Spain,Barcelona,41.57,2.26111,gasly,GAS,10,Pierre,Gasly,1996-02-07,French,alpine,Alpine F1 Team,14,7,7,6.0,65,Lapped,5603894.0,13.0,81.96000000000001,
2026,7,Barcelona Grand Prix,2026-06-14,catalunya,Circuit de Barcelona-Catalunya,Spain,Barcelona,41.57,2.26111,lawson,LAW,30,Liam,Lawson,2002-02-11,New Zealander,rb,RB F1 Team,8,8,8,4.0,65,Lapped,5620329.0,17.0,82.691,
2026,7,Barcelona Grand Prix,2026-06-14,catalunya,Circuit de Barcelona-Catalunya,Spain,Barcelona,41.57,2.26111,arvid_lindblad,LIN,41,Arvid,Lindblad,2007-08-08,British,rb,RB F1 Team,11,9,9,2.0,65,Lapped,5626179.0,12.0,81.914,
2026,7,Barcelona Grand Prix,2026-06-14,catalunya,Circuit de Barcelona-Catalunya,Spain,Barcelona,41.57,2.26111,colapinto,COL,43,Franco,Colapinto,2003-05-27,Argentine,alpine,Alpine F1 Team,13,10,10,1.0,65,Lapped,5627972.0,16.0,82.449,
2026,7,Barcelona Grand Prix,2026-06-14,catalunya,Circuit de Barcelona-Catalunya,Spain,Barcelona,41.57,2.26111,bortoleto,BOR,5,Gabriel,Bortoleto,2004-10-14,Brazilian,audi,Audi,12,11,11,0.0,64,Lapped,5574792.0,9.0,81.446,
2026,7,Barcelona Grand Prix,2026-06-14,catalunya,Circuit de Barcelona-Catalunya,Spain,Barcelona,41.57,2.26111,sainz,SAI,55,Carlos,Sainz,1994-09-01,Spanish,williams,Williams,16,12,12,0.0,64,Lapped,5575971.0,14.0,82.061,
2026,7,Barcelona Grand Prix,2026-06-14,catalunya,Circuit de Barcelona-Catalunya,Spain,Barcelona,41.57,2.26111,ocon,OCO,31,Esteban,Ocon,1996-09-17,French,haas,Haas F1 Team,17,13,13,0.0,64,Lapped,5607254.0,10.0,81.643,
2026,7,Barcelona Grand Prix,2026-06-14,catalunya,Circuit de Barcelona-Catalunya,Spain,Barcelona,41.57,2.26111,perez,PER,11,Sergio,Pérez,1990-01-26,Mexican,cadillac,Cadillac F1 Team,19,14,14,0.0,63,Lapped,5555874.0,18.0,82.82,
2026,7,Barcelona Grand Prix,2026-06-14,catalunya,Circuit de Barcelona-Catalunya,Spain,Barcelona,41.57,2.26111,leclerc,LEC,16,Charles,Leclerc,1997-10-16,Monegasque,ferrari,Ferrari,10,15,15,0.0,62,Retired,5251697.0,5.0,80.379,
2026,7,Barcelona Grand Prix,2026-06-14,catalunya,Circuit de Barcelona-Catalunya,Spain,Barcelona,41.57,2.26111,antonelli,ANT,12,Andrea Kimi,Antonelli,2006-08-25,Italian,mercedes,Mercedes,3,16,16,0.0,61,Retired,5103909.0,7.0,80.70400000000001,
2026,7,Barcelona Grand Prix,2026-06-14,catalunya,Circuit de Barcelona-Catalunya,Spain,Barcelona,41.57,2.26111,bearman,BEA,87,Oliver,Bearman,2005-05-08,British,haas,Haas F1 Team,15,17,17,0.0,60,Retired,5197448.0,15.0,82.419,
2026,7,Barcelona Grand Prix,2026-06-14,catalunya,Circuit de Barcelona-Catalunya,Spain,Barcelona,41.57,2.26111,albon,ALB,23,Alexander,Albon,1996-03-23,Thai,williams,Williams,18,18,R,0.0,55,Lapped,,11.0,81.744,
2026,7,Barcelona Grand Prix,2026-06-14,catalunya,Circuit de Barcelona-Catalunya,Spain,Barcelona,41.57,2.26111,alonso,ALO,14,Fernando,Alonso,1981-07-29,Spanish,aston_martin,Aston Martin,22,19,R,0.0,37,Retired,,20.0,85.366,
2026,7,Barcelona Grand Prix,2026-06-14,catalunya,Circuit de Barcelona-Catalunya,Spain,Barcelona,41.57,2.26111,hulkenberg,HUL,27,Nico,Hülkenberg,1987-08-19,German,audi,Audi,9,20,R,0.0,29,Retired,,19.0,83.447,
2026,7,Barcelona Grand Prix,2026-06-14,catalunya,Circuit de Barcelona-Catalunya,Spain,Barcelona,41.57,2.26111,bottas,BOT,77,Valtteri,Bottas,1989-08-28,Finnish,cadillac,Cadillac F1 Team,20,21,R,0.0,15,Retired,,21.0,85.745,
2026,7,Barcelona Grand Prix,2026-06-14,catalunya,Circuit de Barcelona-Catalunya,Spain,Barcelona,41.57,2.26111,stroll,STR,18,Lance,Stroll,1998-10-29,Canadian,aston_martin,Aston Martin,21,22,R,0.0,5,Retired,,22.0,85.904,
2026,8,Austrian Grand Prix,2026-06-28,red_bull_ring,Red Bull Ring,Austria,Spielberg,47.2197,14.7647,russell,RUS,63,George,Russell,1998-02-15,British,mercedes,Mercedes,1,1,1,25.0,71,Finished,5197979.0,6.0,70.68299999999999,
2026,8,Austrian Grand Prix,2026-06-28,red_bull_ring,Red Bull Ring,Austria,Spielberg,47.2197,14.7647,max_verstappen,VER,3,Max,Verstappen,1997-09-30,Dutch,red_bull,Red Bull,5,2,2,18.0,71,Finished,5199590.0,2.0,70.483,
2026,8,Austrian Grand Prix,2026-06-28,red_bull_ring,Red Bull Ring,Austria,Spielberg,47.2197,14.7647,antonelli,ANT,12,Andrea Kimi,Antonelli,2006-08-25,Italian,mercedes,Mercedes,4,3,3,15.0,71,Finished,5199965.0,1.0,70.374,
2026,8,Austrian Grand Prix,2026-06-28,red_bull_ring,Red Bull Ring,Austria,Spielberg,47.2197,14.7647,piastri,PIA,81,Oscar,Piastri,2001-04-06,Australian,mclaren,McLaren,7,4,4,12.0,71,Finished,5219788.0,3.0,70.595,
2026,8,Austrian Grand Prix,2026-06-28,red_bull_ring,Red Bull Ring,Austria,Spielberg,47.2197,14.7647,hamilton,HAM,44,Lewis,Hamilton,1985-01-07,British,ferrari,Ferrari,3,5,5,10.0,71,Finished,5224372.0,7.0,70.946,
2026,8,Austrian Grand Prix,2026-06-28,red_bull_ring,Red Bull Ring,Austria,Spielberg,47.2197,14.7647,hadjar,HAD,6,Isack,Hadjar,2004-09-28,French,red_bull,Red Bull,8,6,6,8.0,71,Finished,5227378.0,8.0,70.947,
2026,8,Austrian Grand Prix,2026-06-28,red_bull_ring,Red Bull Ring,Austria,Spielberg,47.2197,14.7647,norris,NOR,1,Lando,Norris,1999-11-13,British,mclaren,McLaren,6,7,7,6.0,71,Finished,5229484.0,5.0,70.652,
2026,8,Austrian Grand Prix,2026-06-28,red_bull_ring,Red Bull Ring,Austria,Spielberg,47.2197,14.7647,leclerc,LEC,16,Charles,Leclerc,1997-10-16,Monegasque,ferrari,Ferrari,2,8,8,4.0,71,Finished,5243638.0,4.0,70.606,
2026,8,Austrian Grand Prix,2026-06-28,red_bull_ring,Red Bull Ring,Austria,Spielberg,47.2197,14.7647,lawson,LAW,30,Liam,Lawson,2002-02-11,New Zealander,rb,RB F1 Team,9,9,9,2.0,70,Lapped,5213313.0,10.0,71.547,
2026,8,Austrian Grand Prix,2026-06-28,red_bull_ring,Red Bull Ring,Austria,Spielberg,47.2197,14.7647,arvid_lindblad,LIN,41,Arvid,Lindblad,2007-08-08,British,rb,RB F1 Team,10,10,10,1.0,70,Lapped,5217009.0,11.0,71.587,
2026,8,Austrian Grand Prix,2026-06-28,red_bull_ring,Red Bull Ring,Austria,Spielberg,47.2197,14.7647,bortoleto,BOR,5,Gabriel,Bortoleto,2004-10-14,Brazilian,audi,Audi,12,11,11,0.0,70,Lapped,5228294.0,14.0,71.866,
2026,8,Austrian Grand Prix,2026-06-28,red_bull_ring,Red Bull Ring,Austria,Spielberg,47.2197,14.7647,hulkenberg,HUL,27,Nico,Hülkenberg,1987-08-19,German,audi,Audi,14,12,12,0.0,70,Lapped,5236463.0,12.0,71.634,
2026,8,Austrian Grand Prix,2026-06-28,red_bull_ring,Red Bull Ring,Austria,Spielberg,47.2197,14.7647,gasly,GAS,10,Pierre,Gasly,1996-02-07,French,alpine,Alpine F1 Team,11,13,13,0.0,70,Lapped,5237230.0,9.0,71.466,
2026,8,Austrian Grand Prix,2026-06-28,red_bull_ring,Red Bull Ring,Austria,Spielberg,47.2197,14.7647,bearman,BEA,87,Oliver,Bearman,2005-05-08,British,haas,Haas F1 Team,13,14,14,0.0,70,Lapped,5260656.0,15.0,72.207,
2026,8,Austrian Grand Prix,2026-06-28,red_bull_ring,Red Bull Ring,Austria,Spielberg,47.2197,14.7647,colapinto,COL,43,Franco,Colapinto,2003-05-27,Argentine,alpine,Alpine F1 Team,16,15,15,0.0,70,Lapped,5263626.0,13.0,71.795,
2026,8,Austrian Grand Prix,2026-06-28,red_bull_ring,Red Bull Ring,Austria,Spielberg,47.2197,14.7647,ocon,OCO,31,Esteban,Ocon,1996-09-17,French,haas,Haas F1 Team,15,16,16,0.0,69,Lapped,5223911.0,17.0,72.979,
2026,8,Austrian Grand Prix,2026-06-28,red_bull_ring,Red Bull Ring,Austria,Spielberg,47.2197,14.7647,albon,ALB,23,Alexander,Albon,1996-03-23,Thai,williams,Williams,18,17,17,0.0,69,Lapped,5226061.0,18.0,73.137,
2026,8,Austrian Grand Prix,2026-06-28,red_bull_ring,Red Bull Ring,Austria,Spielberg,47.2197,14.7647,alonso,ALO,14,Fernando,Alonso,1981-07-29,Spanish,aston_martin,Aston Martin,21,18,18,0.0,68,Lapped,5202812.0,16.0,72.501,
2026,8,Austrian Grand Prix,2026-06-28,red_bull_ring,Red Bull Ring,Austria,Spielberg,47.2197,14.7647,stroll,STR,18,Lance,Stroll,1998-10-29,Canadian,aston_martin,Aston Martin,22,19,R,0.0,45,Retired,,20.0,73.79599999999999,
2026,8,Austrian Grand Prix,2026-06-28,red_bull_ring,Red Bull Ring,Austria,Spielberg,47.2197,14.7647,sainz,SAI,55,Carlos,Sainz,1994-09-01,Spanish,williams,Williams,17,20,R,0.0,23,Retired,,19.0,73.694,
2026,8,Austrian Grand Prix,2026-06-28,red_bull_ring,Red Bull Ring,Austria,Spielberg,47.2197,14.7647,perez,PER,11,Sergio,Pérez,1990-01-26,Mexican,cadillac,Cadillac F1 Team,19,21,R,0.0,4,Retired,,21.0,74.44800000000001,
2026,8,Austrian Grand Prix,2026-06-28,red_bull_ring,Red Bull Ring,Austria,Spielberg,47.2197,14.7647,bottas,BOT,77,Valtteri,Bottas,1989-08-28,Finnish,cadillac,Cadillac F1 Team,20,22,R,0.0,2,Retired,,,,
2026,9,British Grand Prix,2026-07-05,silverstone,Silverstone Circuit,UK,Silverstone,52.0786,-1.01694,leclerc,LEC,16,Charles,Leclerc,1997-10-16,Monegasque,ferrari,Ferrari,2,1,1,25.0,52,Finished,5231335.0,8.0,92.87100000000001,
2026,9,British Grand Prix,2026-07-05,silverstone,Silverstone Circuit,UK,Silverstone,52.0786,-1.01694,russell,RUS,63,George,Russell,1998-02-15,British,mercedes,Mercedes,4,2,2,18.0,52,Finished,5231762.0,5.0,92.489,
2026,9,British Grand Prix,2026-07-05,silverstone,Silverstone Circuit,UK,Silverstone,52.0786,-1.01694,hamilton,HAM,44,Lewis,Hamilton,1985-01-07,British,ferrari,Ferrari,3,3,3,15.0,52,Finished,5232107.0,4.0,92.309,
2026,9,British Grand Prix,2026-07-05,silverstone,Silverstone Circuit,UK,Silverstone,52.0786,-1.01694,norris,NOR,1,Lando,Norris,1999-11-13,British,mclaren,McLaren,6,4,4,12.0,52,Finished,5232484.0,6.0,92.625,
2026,9,British Grand Prix,2026-07-05,silverstone,Silverstone Circuit,UK,Silverstone,52.0786,-1.01694,hadjar,HAD,6,Isack,Hadjar,2004-09-28,French,red_bull,Red Bull,5,5,5,10.0,52,Finished,5232933.0,3.0,92.268,
2026,9,British Grand Prix,2026-07-05,silverstone,Silverstone Circuit,UK,Silverstone,52.0786,-1.01694,lawson,LAW,30,Liam,Lawson,2002-02-11,New Zealander,rb,RB F1 Team,10,6,6,8.0,52,Finished,5233358.0,12.0,93.648,
2026,9,British Grand Prix,2026-07-05,silverstone,Silverstone Circuit,UK,Silverstone,52.0786,-1.01694,arvid_lindblad,LIN,41,Arvid,Lindblad,2007-08-08,British,rb,RB F1 Team,9,7,7,6.0,52,Finished,5233549.0,11.0,93.632,
2026,9,British Grand Prix,2026-07-05,silverstone,Silverstone Circuit,UK,Silverstone,52.0786,-1.01694,bortoleto,BOR,5,Gabriel,Bortoleto,2004-10-14,Brazilian,audi,Audi,11,8,8,4.0,52,Finished,5233748.0,13.0,93.65,
2026,9,British Grand Prix,2026-07-05,silverstone,Silverstone Circuit,UK,Silverstone,52.0786,-1.01694,colapinto,COL,43,Franco,Colapinto,2003-05-27,Argentine,alpine,Alpine F1 Team,19,9,9,2.0,52,Finished,5234564.0,16.0,94.281,
2026,9,British Grand Prix,2026-07-05,silverstone,Silverstone Circuit,UK,Silverstone,52.0786,-1.01694,gasly,GAS,10,Pierre,Gasly,1996-02-07,French,alpine,Alpine F1 Team,15,10,10,1.0,52,Finished,5234780.0,15.0,94.179,
2026,9,British Grand Prix,2026-07-05,silverstone,Silverstone Circuit,UK,Silverstone,52.0786,-1.01694,piastri,PIA,81,Oscar,Piastri,2001-04-06,Australian,mclaren,McLaren,8,11,11,0.0,52,Finished,5235349.0,9.0,92.917,
2026,9,British Grand Prix,2026-07-05,silverstone,Silverstone Circuit,UK,Silverstone,52.0786,-1.01694,bearman,BEA,87,Oliver,Bearman,2005-05-08,British,haas,Haas F1 Team,13,12,12,0.0,52,Finished,5236580.0,17.0,94.455,
2026,9,British Grand Prix,2026-07-05,silverstone,Silverstone Circuit,UK,Silverstone,52.0786,-1.01694,ocon,OCO,31,Esteban,Ocon,1996-09-17,French,haas,Haas F1 Team,17,13,13,0.0,52,Finished,5236847.0,18.0,94.792,
2026,9,British Grand Prix,2026-07-05,silverstone,Silverstone Circuit,UK,Silverstone,52.0786,-1.01694,perez,PER,11,Sergio,Pérez,1990-01-26,Mexican,cadillac,Cadillac F1 Team,20,14,14,0.0,52,Finished,5238738.0,19.0,95.52000000000001,
2026,9,British Grand Prix,2026-07-05,silverstone,Silverstone Circuit,UK,Silverstone,52.0786,-1.01694,antonelli,ANT,12,Andrea Kimi,Antonelli,2006-08-25,Italian,mercedes,Mercedes,1,15,15,0.0,52,Finished,5239340.0,1.0,91.777,
2026,9,British Grand Prix,2026-07-05,silverstone,Silverstone Circuit,UK,Silverstone,52.0786,-1.01694,bottas,BOT,77,Valtteri,Bottas,1989-08-28,Finnish,cadillac,Cadillac F1 Team,18,16,16,0.0,52,Finished,5239497.0,21.0,95.893,
2026,9,British Grand Prix,2026-07-05,silverstone,Silverstone Circuit,UK,Silverstone,52.0786,-1.01694,sainz,SAI,55,Carlos,Sainz,1994-09-01,Spanish,williams,Williams,14,17,17,0.0,51,Lapped,5235726.0,7.0,92.73400000000001,
2026,9,British Grand Prix,2026-07-05,silverstone,Silverstone Circuit,UK,Silverstone,52.0786,-1.01694,alonso,ALO,14,Fernando,Alonso,1981-07-29,Spanish,aston_martin,Aston Martin,21,18,18,0.0,51,Lapped,5236315.0,20.0,95.827,
2026,9,British Grand Prix,2026-07-05,silverstone,Silverstone Circuit,UK,Silverstone,52.0786,-1.01694,stroll,STR,18,Lance,Stroll,1998-10-29,Canadian,aston_martin,Aston Martin,22,19,19,0.0,51,Lapped,5238085.0,22.0,97.232,
2026,9,British Grand Prix,2026-07-05,silverstone,Silverstone Circuit,UK,Silverstone,52.0786,-1.01694,max_verstappen,VER,3,Max,Verstappen,1997-09-30,Dutch,red_bull,Red Bull,7,20,20,0.0,46,Retired,4396703.0,2.0,92.101,
2026,9,British Grand Prix,2026-07-05,silverstone,Silverstone Circuit,UK,Silverstone,52.0786,-1.01694,albon,ALB,23,Alexander,Albon,1996-03-23,Thai,williams,Williams,16,21,R,0.0,43,Retired,,14.0,93.86699999999999,
2026,9,British Grand Prix,2026-07-05,silverstone,Silverstone Circuit,UK,Silverstone,52.0786,-1.01694,hulkenberg,HUL,27,Nico,Hülkenberg,1987-08-19,German,audi,Audi,12,22,R,0.0,36,Retired,,10.0,93.43299999999999,
2026,10,Belgian Grand Prix,2026-07-19,spa,Circuit de Spa-Francorchamps,Belgium,Spa,50.4372,5.97139,antonelli,ANT,12,Andrea Kimi,Antonelli,2006-08-25,Italian,mercedes,Mercedes,1,1,1,25.0,44,Finished,5082479.0,2.0,109.098,
2026,10,Belgian Grand Prix,2026-07-19,spa,Circuit de Spa-Francorchamps,Belgium,Spa,50.4372,5.97139,leclerc,LEC,16,Charles,Leclerc,1997-10-16,Monegasque,ferrari,Ferrari,4,2,2,18.0,44,Finished,5084431.0,4.0,109.333,
2026,10,Belgian Grand Prix,2026-07-19,spa,Circuit de Spa-Francorchamps,Belgium,Spa,50.4372,5.97139,max_verstappen,VER,3,Max,Verstappen,1997-09-30,Dutch,red_bull,Red Bull,2,3,3,15.0,44,Finished,5094065.0,7.0,109.618,
2026,10,Belgian Grand Prix,2026-07-19,spa,Circuit de Spa-Francorchamps,Belgium,Spa,50.4372,5.97139,hamilton,HAM,44,Lewis,Hamilton,1985-01-07,British,ferrari,Ferrari,5,4,4,12.0,44,Finished,5099724.0,5.0,109.45400000000001,
2026,10,Belgian Grand Prix,2026-07-19,spa,Circuit de Spa-Francorchamps,Belgium,Spa,50.4372,5.97139,piastri,PIA,81,Oscar,Piastri,2001-04-06,Australian,mclaren,McLaren,6,5,5,10.0,44,Finished,5101467.0,6.0,109.562,
2026,10,Belgian Grand Prix,2026-07-19,spa,Circuit de Spa-Francorchamps,Belgium,Spa,50.4372,5.97139,hadjar,HAD,6,Isack,Hadjar,2004-09-28,French,red_bull,Red Bull,21,6,6,8.0,44,Finished,5105786.0,3.0,109.298,
2026,10,Belgian Grand Prix,2026-07-19,spa,Circuit de Spa-Francorchamps,Belgium,Spa,50.4372,5.97139,norris,NOR,1,Lando,Norris,1999-11-13,British,mclaren,McLaren,13,7,7,6.0,44,Finished,5106493.0,1.0,108.89,
2026,10,Belgian Grand Prix,2026-07-19,spa,Circuit de Spa-Francorchamps,Belgium,Spa,50.4372,5.97139,bortoleto,BOR,5,Gabriel,Bortoleto,2004-10-14,Brazilian,audi,Audi,8,8,8,4.0,44,Finished,5131619.0,8.0,110.334,
2026,10,Belgian Grand Prix,2026-07-19,spa,Circuit de Spa-Francorchamps,Belgium,Spa,50.4372,5.97139,arvid_lindblad,LIN,41,Arvid,Lindblad,2007-08-08,British,rb,RB F1 Team,7,9,9,2.0,44,Finished,5132885.0,10.0,110.536,
2026,10,Belgian Grand Prix,2026-07-19,spa,Circuit de Spa-Francorchamps,Belgium,Spa,50.4372,5.97139,colapinto,COL,43,Franco,Colapinto,2003-05-27,Argentine,alpine,Alpine F1 Team,11,10,10,1.0,44,Finished,5158516.0,14.0,111.162,
2026,10,Belgian Grand Prix,2026-07-19,spa,Circuit de Spa-Francorchamps,Belgium,Spa,50.4372,5.97139,gasly,GAS,10,Pierre,Gasly,1996-02-07,French,alpine,Alpine F1 Team,10,11,11,0.0,44,Finished,5159470.0,12.0,111.101,
2026,10,Belgian Grand Prix,2026-07-19,spa,Circuit de Spa-Francorchamps,Belgium,Spa,50.4372,5.97139,lawson,LAW,30,Liam,Lawson,2002-02-11,New Zealander,rb,RB F1 Team,9,12,12,0.0,44,Finished,5160002.0,11.0,111.075,
2026,10,Belgian Grand Prix,2026-07-19,spa,Circuit de Spa-Francorchamps,Belgium,Spa,50.4372,5.97139,hulkenberg,HUL,27,Nico,Hülkenberg,1987-08-19,German,audi,Audi,12,13,13,0.0,44,Finished,5160827.0,9.0,110.503,
2026,10,Belgian Grand Prix,2026-07-19,spa,Circuit de Spa-Francorchamps,Belgium,Spa,50.4372,5.97139,bearman,BEA,87,Oliver,Bearman,2005-05-08,British,haas,Haas F1 Team,14,14,14,0.0,44,Finished,5176944.0,13.0,111.10900000000001,
2026,10,Belgian Grand Prix,2026-07-19,spa,Circuit de Spa-Francorchamps,Belgium,Spa,50.4372,5.97139,albon,ALB,23,Alexander,Albon,1996-03-23,Thai,williams,Williams,15,15,15,0.0,44,Finished,5187163.0,16.0,111.894,
2026,10,Belgian Grand Prix,2026-07-19,spa,Circuit de Spa-Francorchamps,Belgium,Spa,50.4372,5.97139,sainz,SAI,55,Carlos,Sainz,1994-09-01,Spanish,williams,Williams,19,16,16,0.0,44,Finished,5188335.0,15.0,111.363,
2026,10,Belgian Grand Prix,2026-07-19,spa,Circuit de Spa-Francorchamps,Belgium,Spa,50.4372,5.97139,ocon,OCO,31,Esteban,Ocon,1996-09-17,French,haas,Haas F1 Team,16,17,17,0.0,44,Finished,5193404.0,17.0,111.9,
2026,10,Belgian Grand Prix,2026-07-19,spa,Circuit de Spa-Francorchamps,Belgium,Spa,50.4372,5.97139,bottas,BOT,77,Valtteri,Bottas,1989-08-28,Finnish,cadillac,Cadillac F1 Team,17,18,18,0.0,43,Lapped,5143458.0,18.0,112.011,
2026,10,Belgian Grand Prix,2026-07-19,spa,Circuit de Spa-Francorchamps,Belgium,Spa,50.4372,5.97139,alonso,ALO,14,Fernando,Alonso,1981-07-29,Spanish,aston_martin,Aston Martin,22,19,19,0.0,42,Lapped,5103327.0,19.0,112.94800000000001,
2026,10,Belgian Grand Prix,2026-07-19,spa,Circuit de Spa-Francorchamps,Belgium,Spa,50.4372,5.97139,stroll,STR,18,Lance,Stroll,1998-10-29,Canadian,aston_martin,Aston Martin,20,20,R,0.0,25,Retired,,21.0,113.97999999999999,
2026,10,Belgian Grand Prix,2026-07-19,spa,Circuit de Spa-Francorchamps,Belgium,Spa,50.4372,5.97139,perez,PER,11,Sergio,Pérez,1990-01-26,Mexican,cadillac,Cadillac F1 Team,18,21,R,0.0,13,Retired,,20.0,113.52000000000001,
2026,10,Belgian Grand Prix,2026-07-19,spa,Circuit de Spa-Francorchamps,Belgium,Spa,50.4372,5.97139,russell,RUS,63,George,Russell,1998-02-15,British,mercedes,Mercedes,3,22,R,0.0,0,Retired,,,,
2026,11,Hungarian Grand Prix,2026-07-26,hungaroring,Hungaroring,Hungary,Budapest,47.5789,19.2486,norris,NOR,1,Lando,Norris,1999-11-13,British,mclaren,McLaren,1,1,1,25.0,70,Finished,5996180.0,4.0,82.491,
2026,11,Hungarian Grand Prix,2026-07-26,hungaroring,Hungaroring,Hungary,Budapest,47.5789,19.2486,max_verstappen,VER,3,Max,Verstappen,1997-09-30,Dutch,red_bull,Red Bull,4,2,2,18.0,70,Finished,6011260.0,8.0,83.43299999999999,
2026,11,Hungarian Grand Prix,2026-07-26,hungaroring,Hungaroring,Hungary,Budapest,47.5789,19.2486,antonelli,ANT,12,Andrea Kimi,Antonelli,2006-08-25,Italian,mercedes,Mercedes,7,3,3,15.0,70,Finished,6014908.0,3.0,82.41499999999999,
2026,11,Hungarian Grand Prix,2026-07-26,hungaroring,Hungaroring,Hungary,Budapest,47.5789,19.2486,leclerc,LEC,16,Charles,Leclerc,1997-10-16,Monegasque,ferrari,Ferrari,2,4,4,12.0,70,Finished,6020020.0,1.0,82.0,
2026,11,Hungarian Grand Prix,2026-07-26,hungaroring,Hungaroring,Hungary,Budapest,47.5789,19.2486,hamilton,HAM,44,Lewis,Hamilton,1985-01-07,British,ferrari,Ferrari,5,5,5,10.0,70,Finished,6020720.0,2.0,82.3,
2026,11,Hungarian Grand Prix,2026-07-26,hungaroring,Hungaroring,Hungary,Budapest,47.5789,19.2486,hadjar,HAD,6,Isack,Hadjar,2004-09-28,French,red_bull,Red Bull,8,6,6,8.0,70,Finished,6051668.0,7.0,83.218,
2026,11,Hungarian Grand Prix,2026-07-26,hungaroring,Hungaroring,Hungary,Budapest,47.5789,19.2486,russell,RUS,63,George,Russell,1998-02-15,British,mercedes,Mercedes,6,7,7,6.0,70,Finished,6053683.0,5.0,82.589,
2026,11,Hungarian Grand Prix,2026-07-26,hungaroring,Hungaroring,Hungary,Budapest,47.5789,19.2486,lawson,LAW,30,Liam,Lawson,2002-02-11,New Zealander,rb,RB F1 Team,11,8,8,4.0,69,Lapped,6024213.0,11.0,83.9,
2026,11,Hungarian Grand Prix,2026-07-26,hungaroring,Hungaroring,Hungary,Budapest,47.5789,19.2486,hulkenberg,HUL,27,Nico,Hülkenberg,1987-08-19,German,audi,Audi,10,9,9,2.0,69,Lapped,6026562.0,12.0,83.964,
2026,11,Hungarian Grand Prix,2026-07-26,hungaroring,Hungaroring,Hungary,Budapest,47.5789,19.2486,arvid_lindblad,LIN,41,Arvid,Lindblad,2007-08-08,British,rb,RB F1 Team,9,10,10,1.0,69,Lapped,6047230.0,20.0,85.931,
2026,11,Hungarian Grand Prix,2026-07-26,hungaroring,Hungaroring,Hungary,Budapest,47.5789,19.2486,bortoleto,BOR,5,Gabriel,Bortoleto,2004-10-14,Brazilian,audi,Audi,14,11,11,0.0,69,Lapped,6048208.0,15.0,84.783,
2026,11,Hungarian Grand Prix,2026-07-26,hungaroring,Hungaroring,Hungary,Budapest,47.5789,19.2486,gasly,GAS,10,Pierre,Gasly,1996-02-07,French,alpine,Alpine F1 Team,12,12,12,0.0,69,Lapped,6049609.0,6.0,82.871,
2026,11,Hungarian Grand Prix,2026-07-26,hungaroring,Hungaroring,Hungary,Budapest,47.5789,19.2486,stroll,STR,18,Lance,Stroll,1998-10-29,Canadian,aston_martin,Aston Martin,20,13,13,0.0,69,Lapped,6060008.0,14.0,84.718,
2026,11,Hungarian Grand Prix,2026-07-26,hungaroring,Hungaroring,Hungary,Budapest,47.5789,19.2486,alonso,ALO,14,Fernando,Alonso,1981-07-29,Spanish,aston_martin,Aston Martin,16,14,14,0.0,69,Lapped,6062232.0,9.0,83.679,
2026,11,Hungarian Grand Prix,2026-07-26,hungaroring,Hungaroring,Hungary,Budapest,47.5789,19.2486,colapinto,COL,43,Franco,Colapinto,2003-05-27,Argentine,alpine,Alpine F1 Team,13,15,15,0.0,68,Lapped,6000056.0,13.0,84.624,
2026,11,Hungarian Grand Prix,2026-07-26,hungaroring,Hungaroring,Hungary,Budapest,47.5789,19.2486,ocon,OCO,31,Esteban,Ocon,1996-09-17,French,haas,Haas F1 Team,15,16,16,0.0,68,Lapped,6009039.0,19.0,85.889,
2026,11,Hungarian Grand Prix,2026-07-26,hungaroring,Hungaroring,Hungary,Budapest,47.5789,19.2486,albon,ALB,23,Alexander,Albon,1996-03-23,Thai,williams,Williams,19,17,17,0.0,68,Lapped,6048909.0,17.0,85.40299999999999,
2026,11,Hungarian Grand Prix,2026-07-26,hungaroring,Hungaroring,Hungary,Budapest,47.5789,19.2486,sainz,SAI,55,Carlos,Sainz,1994-09-01,Spanish,williams,Williams,18,18,18,0.0,68,Lapped,6049153.0,16.0,84.864,
2026,11,Hungarian Grand Prix,2026-07-26,hungaroring,Hungaroring,Hungary,Budapest,47.5789,19.2486,bearman,BEA,87,Oliver,Bearman,2005-05-08,British,haas,Haas F1 Team,17,19,19,0.0,68,Lapped,6053378.0,18.0,85.884,
2026,11,Hungarian Grand Prix,2026-07-26,hungaroring,Hungaroring,Hungary,Budapest,47.5789,19.2486,piastri,PIA,81,Oscar,Piastri,2001-04-06,Australian,mclaren,McLaren,3,20,R,0.0,55,Retired,,10.0,83.896,
2026,11,Hungarian Grand Prix,2026-07-26,hungaroring,Hungaroring,Hungary,Budapest,47.5789,19.2486,perez,PER,11,Sergio,Pérez,1990-01-26,Mexican,cadillac,Cadillac F1 Team,22,21,R,0.0,48,Retired,,21.0,86.342,
2026,11,Hungarian Grand Prix,2026-07-26,hungaroring,Hungaroring,Hungary,Budapest,47.5789,19.2486,bottas,BOT,77,Valtteri,Bottas,1989-08-28,Finnish,cadillac,Cadillac F1 Team,21,22,R,0.0,13,Retired,,22.0,87.959,
2026,12,Dutch Grand Prix,2026-08-23,zandvoort,Circuit Park Zandvoort,Netherlands,Zandvoort,52.3888,4.54092,norris,NOR,1,Lando,Norris,1999-11-13,British,mclaren,McLaren,1,1,1,25.0,72,Finished,7484859.0,3.0,74.321,
2026,12,Dutch Grand Prix,2026-08-23,zandvoort,Circuit Park Zandvoort,Netherlands,Zandvoort,52.3888,4.54092,antonelli,ANT,12,Andrea Kimi,Antonelli,2006-08-25,Italian,mercedes,Mercedes,3,2,2,18.0,72,Finished,7496395.0,5.0,74.571,
2026,12,Dutch Grand Prix,2026-08-23,zandvoort,Circuit Park Zandvoort,Netherlands,Zandvoort,52.3888,4.54092,russell,RUS,63,George,Russell,1998-02-15,British,mercedes,Mercedes,2,3,3,15.0,72,Finished,7500765.0,6.0,75.393,
2026,12,Dutch Grand Prix,2026-08-23,zandvoort,Circuit Park Zandvoort,Netherlands,Zandvoort,52.3888,4.54092,hamilton,HAM,44,Lewis,Hamilton,1985-01-07,British,ferrari,Ferrari,5,4,4,12.0,72,Finished,7501614.0,4.0,74.566,
2026,12,Dutch Grand Prix,2026-08-23,zandvoort,Circuit Park Zandvoort,Netherlands,Zandvoort,52.3888,4.54092,leclerc,LEC,16,Charles,Leclerc,1997-10-16,Monegasque,ferrari,Ferrari,6,5,5,10.0,72,Finished,7502117.0,1.0,74.23,
2026,12,Dutch Grand Prix,2026-08-23,zandvoort,Circuit Park Zandvoort,Netherlands,Zandvoort,52.3888,4.54092,piastri,PIA,81,Oscar,Piastri,2001-04-06,Australian,mclaren,McLaren,4,6,6,8.0,72,Finished,7517191.0,2.0,74.303,
2026,12,Dutch Grand Prix,2026-08-23,zandvoort,Circuit Park Zandvoort,Netherlands,Zandvoort,52.3888,4.54092,lawson,LAW,30,Liam,Lawson,2002-02-11,New Zealander,red_bull,Red Bull,8,7,7,6.0,72,Finished,7564774.0,7.0,75.435,
2026,12,Dutch Grand Prix,2026-08-23,zandvoort,Circuit Park Zandvoort,Netherlands,Zandvoort,52.3888,4.54092,hulkenberg,HUL,27,Nico,Hülkenberg,1987-08-19,German,audi,Audi,13,8,8,4.0,71,Lapped,7520908.0,10.0,76.048,
2026,12,Dutch Grand Prix,2026-08-23,zandvoort,Circuit Park Zandvoort,Netherlands,Zandvoort,52.3888,4.54092,alonso,ALO,14,Fernando,Alonso,1981-07-29,Spanish,aston_martin,Aston Martin,18,9,9,2.0,71,Lapped,7533252.0,14.0,76.946,
2026,12,Dutch Grand Prix,2026-08-23,zandvoort,Circuit Park Zandvoort,Netherlands,Zandvoort,52.3888,4.54092,gasly,GAS,10,Pierre,Gasly,1996-02-07,French,alpine,Alpine F1 Team,11,10,10,1.0,71,Lapped,7534499.0,11.0,76.22,
2026,12,Dutch Grand Prix,2026-08-23,zandvoort,Circuit Park Zandvoort,Netherlands,Zandvoort,52.3888,4.54092,tsunoda,TSU,22,Yuki,Tsunoda,2000-05-11,Japanese,rb,RB F1 Team,12,11,11,0.0,71,Lapped,7539181.0,12.0,76.639,
2026,12,Dutch Grand Prix,2026-08-23,zandvoort,Circuit Park Zandvoort,Netherlands,Zandvoort,52.3888,4.54092,arvid_lindblad,LIN,41,Arvid,Lindblad,2007-08-08,British,rb,RB F1 Team,10,12,12,0.0,71,Lapped,7550539.0,13.0,76.65299999999999,
2026,12,Dutch Grand Prix,2026-08-23,zandvoort,Circuit Park Zandvoort,Netherlands,Zandvoort,52.3888,4.54092,bortoleto,BOR,5,Gabriel,Bortoleto,2004-10-14,Brazilian,audi,Audi,9,13,13,0.0,71,Lapped,7551094.0,8.0,75.515,
2026,12,Dutch Grand Prix,2026-08-23,zandvoort,Circuit Park Zandvoort,Netherlands,Zandvoort,52.3888,4.54092,colapinto,COL,43,Franco,Colapinto,2003-05-27,Argentine,alpine,Alpine F1 Team,14,14,14,0.0,70,Lapped,7505393.0,9.0,75.578,
2026,12,Dutch Grand Prix,2026-08-23,zandvoort,Circuit Park Zandvoort,Netherlands,Zandvoort,52.3888,4.54092,perez,PER,11,Sergio,Pérez,1990-01-26,Mexican,cadillac,Cadillac F1 Team,22,15,15,0.0,70,Lapped,7543441.0,17.0,77.523,
2026,12,Dutch Grand Prix,2026-08-23,zandvoort,Circuit Park Zandvoort,Netherlands,Zandvoort,52.3888,4.54092,sainz,SAI,55,Carlos,Sainz,1994-09-01,Spanish,williams,Williams,17,16,16,0.0,70,Lapped,7555130.0,16.0,77.328,
2026,12,Dutch Grand Prix,2026-08-23,zandvoort,Circuit Park Zandvoort,Netherlands,Zandvoort,52.3888,4.54092,albon,ALB,23,Alexander,Albon,1996-03-23,Thai,williams,Williams,16,17,17,0.0,66,Retired,7209329.0,15.0,77.14699999999999,
2026,12,Dutch Grand Prix,2026-08-23,zandvoort,Circuit Park Zandvoort,Netherlands,Zandvoort,52.3888,4.54092,bottas,BOT,77,Valtteri,Bottas,1989-08-28,Finnish,cadillac,Cadillac F1 Team,21,18,R,0.0,61,Retired,,19.0,77.822,
2026,12,Dutch Grand Prix,2026-08-23,zandvoort,Circuit Park Zandvoort,Netherlands,Zandvoort,52.3888,4.54092,ocon,OCO,31,Esteban,Ocon,1996-09-17,French,haas,Haas F1 Team,15,19,R,0.0,52,Retired,,18.0,77.588,
2026,12,Dutch Grand Prix,2026-08-23,zandvoort,Circuit Park Zandvoort,Netherlands,Zandvoort,52.3888,4.54092,stroll,STR,18,Lance,Stroll,1998-10-29,Canadian,aston_martin,Aston Martin,19,20,R,0.0,45,Retired,,20.0,77.883,
2026,12,Dutch Grand Prix,2026-08-23,zandvoort,Circuit Park Zandvoort,Netherlands,Zandvoort,52.3888,4.54092,bearman,BEA,87,Oliver,Bearman,2005-05-08,British,haas,Haas F1 Team,20,21,R,0.0,2,Retired,,,,
2026,12,Dutch Grand Prix,2026-08-23,zandvoort,Circuit Park Zandvoort,Netherlands,Zandvoort,52.3888,4.54092,max_verstappen,VER,3,Max,Verstappen,1997-09-30,Dutch,red_bull,Red Bull,7,22,R,0.0,0,Retired,,,,
2026,13,Italian Grand Prix,2026-09-06,monza,Autodromo Nazionale di Monza,Italy,Monza,45.6156,9.28111,antonelli,ANT,12,Andrea Kimi,Antonelli,2006-08-25,Italian,mercedes,Mercedes,19,1,1,25.0,53,Finished,6675281.0,1.0,83.504,
2026,13,Italian Grand Prix,2026-09-06,monza,Autodromo Nazionale di Monza,Italy,Monza,45.6156,9.28111,russell,RUS,63,George,Russell,1998-02-15,British,mercedes,Mercedes,2,2,2,18.0,53,Finished,6679138.0,4.0,84.39,
2026,13,Italian Grand Prix,2026-09-06,monza,Autodromo Nazionale di Monza,Italy,Monza,45.6156,9.28111,max_verstappen,VER,3,Max,Verstappen,1997-09-30,Dutch,red_bull,Red Bull,5,3,3,15.0,53,Finished,6689999.0,2.0,84.242,
2026,13,Italian Grand Prix,2026-09-06,monza,Autodromo Nazionale di Monza,Italy,Monza,45.6156,9.28111,norris,NOR,1,Lando,Norris,1999-11-13,British,mclaren,McLaren,8,4,4,12.0,53,Finished,6694337.0,5.0,84.864,
2026,13,Italian Grand Prix,2026-09-06,monza,Autodromo Nazionale di Monza,Italy,Monza,45.6156,9.28111,piastri,PIA,81,Oscar,Piastri,2001-04-06,Australian,mclaren,McLaren,6,5,5,10.0,53,Finished,6694534.0,8.0,85.125,
2026,13,Italian Grand Prix,2026-09-06,monza,Autodromo Nazionale di Monza,Italy,Monza,45.6156,9.28111,hamilton,HAM,44,Lewis,Hamilton,1985-01-07,British,ferrari,Ferrari,4,6,6,8.0,53,Finished,6699936.0,9.0,85.3,
2026,13,Italian Grand Prix,2026-09-06,monza,Autodromo Nazionale di Monza,Italy,Monza,45.6156,9.28111,gasly,GAS,10,Pierre,Gasly,1996-02-07,French,alpine,Alpine F1 Team,1,7,7,6.0,53,Finished,6702632.0,6.0,84.92699999999999,
2026,13,Italian Grand Prix,2026-09-06,monza,Autodromo Nazionale di Monza,Italy,Monza,45.6156,9.28111,arvid_lindblad,LIN,41,Arvid,Lindblad,2007-08-08,British,rb,RB F1 Team,9,8,8,4.0,53,Finished,6720417.0,14.0,86.02799999999999,
2026,13,Italian Grand Prix,2026-09-06,monza,Autodromo Nazionale di Monza,Italy,Monza,45.6156,9.28111,colapinto,COL,43,Franco,Colapinto,2003-05-27,Argentine,alpine,Alpine F1 Team,7,9,9,2.0,53,Finished,6722634.0,7.0,84.93299999999999,
2026,13,Italian Grand Prix,2026-09-06,monza,Autodromo Nazionale di Monza,Italy,Monza,45.6156,9.28111,tsunoda,TSU,22,Yuki,Tsunoda,2000-05-11,Japanese,rb,RB F1 Team,15,10,10,1.0,53,Finished,6733468.0,16.0,86.32,
2026,13,Italian Grand Prix,2026-09-06,monza,Autodromo Nazionale di Monza,Italy,Monza,45.6156,9.28111,bortoleto,BOR,5,Gabriel,Bortoleto,2004-10-14,Brazilian,audi,Audi,10,11,11,0.0,53,Finished,6740468.0,15.0,86.188,
2026,13,Italian Grand Prix,2026-09-06,monza,Autodromo Nazionale di Monza,Italy,Monza,45.6156,9.28111,hulkenberg,HUL,27,Nico,Hülkenberg,1987-08-19,German,audi,Audi,12,12,12,0.0,53,Finished,6741468.0,3.0,84.364,
2026,13,Italian Grand Prix,2026-09-06,monza,Autodromo Nazionale di Monza,Italy,Monza,45.6156,9.28111,sainz,SAI,55,Carlos,Sainz,1994-09-01,Spanish,williams,Williams,13,13,13,0.0,53,Finished,6749398.0,12.0,85.68299999999999,
2026,13,Italian Grand Prix,2026-09-06,monza,Autodromo Nazionale di Monza,Italy,Monza,45.6156,9.28111,lawson,LAW,30,Liam,Lawson,2002-02-11,New Zealander,red_bull,Red Bull,22,14,14,0.0,53,Finished,6750890.0,11.0,85.578,
2026,13,Italian Grand Prix,2026-09-06,monza,Autodromo Nazionale di Monza,Italy,Monza,45.6156,9.28111,bearman,BEA,87,Oliver,Bearman,2005-05-08,British,haas,Haas F1 Team,11,15,15,0.0,53,Finished,6754239.0,17.0,86.356,
2026,13,Italian Grand Prix,2026-09-06,monza,Autodromo Nazionale di Monza,Italy,Monza,45.6156,9.28111,ocon,OCO,31,Esteban,Ocon,1996-09-17,French,haas,Haas F1 Team,14,16,16,0.0,52,Lapped,6681872.0,13.0,85.711,
2026,13,Italian Grand Prix,2026-09-06,monza,Autodromo Nazionale di Monza,Italy,Monza,45.6156,9.28111,albon,ALB,23,Alexander,Albon,1996-03-23,Thai,williams,Williams,20,17,17,0.0,52,Lapped,6695549.0,10.0,85.34100000000001,
2026,13,Italian Grand Prix,2026-09-06,monza,Autodromo Nazionale di Monza,Italy,Monza,45.6156,9.28111,perez,PER,11,Sergio,Pérez,1990-01-26,Mexican,cadillac,Cadillac F1 Team,17,18,18,0.0,52,Lapped,6748653.0,18.0,86.914,
2026,13,Italian Grand Prix,2026-09-06,monza,Autodromo Nazionale di Monza,Italy,Monza,45.6156,9.28111,bottas,BOT,77,Valtteri,Bottas,1989-08-28,Finnish,cadillac,Cadillac F1 Team,16,19,19,0.0,51,Lapped,6688161.0,19.0,87.325,
2026,13,Italian Grand Prix,2026-09-06,monza,Autodromo Nazionale di Monza,Italy,Monza,45.6156,9.28111,stroll,STR,18,Lance,Stroll,1998-10-29,Canadian,aston_martin,Aston Martin,18,20,R,0.0,26,Retired,,21.0,88.41499999999999,
2026,13,Italian Grand Prix,2026-09-06,monza,Autodromo Nazionale di Monza,Italy,Monza,45.6156,9.28111,alonso,ALO,14,Fernando,Alonso,1981-07-29,Spanish,aston_martin,Aston Martin,21,21,R,0.0,23,Retired,,20.0,87.961,
2026,13,Italian Grand Prix,2026-09-06,monza,Autodromo Nazionale di Monza,Italy,Monza,45.6156,9.28111,leclerc,LEC,16,Charles,Leclerc,1997-10-16,Monegasque,ferrari,Ferrari,3,22,R,0.0,1,Retired,,,,
